request_id,original_text,language,category,sub_category,problem,location_name,district,latitude,longitude,urgency,created_at,data_source,confidence
SYN-REQ-0001,We need a nearby primary health centre in Demo Village 01.,English,Healthcare,Primary Health Centre,We need a nearby primary health centre in Demo Village 01.,Demo Village 01,Demo District 01,12.2,75.1,0.419,2026-08-18T17:54:00+00:00,SYNTHETIC / DEMO DATA,
SYN-REQ-0002,Demo Village 01 में हमें नजदीक प्राथमिक स्वास्थ्य केंद्र चाहिए।,Hindi,Healthcare,Primary Health Centre,We need a nearby primary health centre in Demo Village 01.,Demo Village 01,Demo District 01,12.2,75.1,0.419,2026-08-08T09:39:00+00:00,SYNTHETIC / DEMO DATA,
SYN-REQ-0003,Demo Village 01 ನಲ್ಲಿ ನಮಗೆ ಹತ್ತಿರದ ಪ್ರಾಥಮಿಕ ಆರೋಗ್ಯ ಕೇಂದ್ರ ಬೇಕು.,Kannada,Healthcare,Primary Health Centre,We need a nearby primary health centre in Demo Village 01.,Demo Village 01,Demo District 01,12.2,75.1,0.419,2026-07-07T06:37:00+00:00,SYNTHETIC / DEMO DATA,
SYN-REQ-0004,Our children need more classrooms in Demo Village 01.,English,Education,School,Our children need more classrooms in Demo Village 01.,Demo Village 01,Demo District 01,12.2,75.1,0.444,2026-07-19T07:45:00+00:00,SYNTHETIC / DEMO DATA,
SYN-REQ-0005,Demo Village 01 में हमारे बच्चों के लिए अधिक कक्षाओं की जरूरत है।,Hindi,Education,School,Our children need more classrooms in Demo Village 01.,Demo Village 01,Demo District 01,12.2,75.1,0.444,2026-07-24T06:07:00+00:00,SYNTHETIC / DEMO DATA,
SYN-REQ-0006,Demo Village 01 ನಲ್ಲಿ ನಮ್ಮ ಮಕ್ಕಳಿಗೆ ಹೆಚ್ಚಿನ ತರಗತಿ ಕೊಠಡಿಗಳು ಬೇಕು.,Kannada,Education,School,Our children need more classrooms in Demo Village 01.,Demo Village 01,Demo District 01,12.2,75.1,0.444,2026-07-20T00:28:00+00:00,SYNTHETIC / DEMO DATA,
SYN-REQ-0007,Please repair the damaged roads in Demo Village 01.,English,Roads,Road Repair,Please repair the damaged roads in Demo Village 01.,Demo Village 01,Demo District 01,12.2,75.1,0.365,2026-08-15T18:13:00+00:00,SYNTHETIC / DEMO DATA,
SYN-REQ-0008,कृपया Demo Village 01 में खराब सड़कों की मरम्मत करें।,Hindi,Roads,Road Repair,Please repair the damaged roads in Demo Village 01.,Demo Village 01,Demo District 01,12.2,75.1,0.365,2026-07-09T09:21:00+00:00,SYNTHETIC / DEMO DATA,
SYN-REQ-0009,Demo Village 01 ನಲ್ಲಿ ನಮಗೆ ನಿಯಮಿತ ಕುಡಿಯುವ ನೀರಿನ ಪೂರೈಕೆ ಬೇಕು.,Kannada,Water,Water Supply,We need a reliable drinking water supply in Demo Village 01.,Demo Village 01,Demo District 01,12.2,75.1,0.457,2026-07-03T01:51:00+00:00,SYNTHETIC / DEMO DATA,
SYN-REQ-0010,We need a reliable drinking water supply in Demo Village 01.,English,Water,Water Supply,We need a reliable drinking water supply in Demo Village 01.,Demo Village 01,Demo District 01,12.2,75.1,0.457,2026-08-05T09:58:00+00:00,SYNTHETIC / DEMO DATA,
SYN-REQ-0011,Demo Village 01 में हमें नियमित पेयजल आपूर्ति चाहिए।,Hindi,Water,Water Supply,We need a reliable drinking water supply in Demo Village 01.,Demo Village 01,Demo District 01,12.2,75.1,0.457,2026-08-14T04:18:00+00:00,SYNTHETIC / DEMO DATA,
SYN-REQ-0012,ದಯವಿಟ್ಟು Demo Village 01 ನಲ್ಲಿ ಪದೇ ಪದೇ ವಿದ್ಯುತ್ ಕಡಿತವನ್ನು ಪರಿಹರಿಸಿ.,Kannada,Electricity,Power Supply,Please address frequent power cuts in Demo Village 01.,Demo Village 01,Demo District 01,12.2,75.1,0.421,2026-08-10T16:45:00+00:00,SYNTHETIC / DEMO DATA,
SYN-REQ-0013,Please address frequent power cuts in Demo Village 01.,English,Electricity,Power Supply,Please address frequent power cuts in Demo Village 01.,Demo Village 01,Demo District 01,12.2,75.1,0.421,2026-07-07T00:25:00+00:00,SYNTHETIC / DEMO DATA,
SYN-REQ-0014,कृपया Demo Village 01 में बार-बार बिजली कटौती की समस्या दूर करें।,Hindi,Electricity,Power Supply,Please address frequent power cuts in Demo Village 01.,Demo Village 01,Demo District 01,12.2,75.1,0.421,2026-08-06T09:42:00+00:00,SYNTHETIC / DEMO DATA,
SYN-REQ-0015,Demo Village 02 ನಲ್ಲಿ ನಮಗೆ ಹತ್ತಿರದ ಪ್ರಾಥಮಿಕ ಆರೋಗ್ಯ ಕೇಂದ್ರ ಬೇಕು.,Kannada,Healthcare,Primary Health Centre,We need a nearby primary health centre in Demo Village 02.,Demo Village 02,Demo District 01,12.225,75.14,0.419,2026-07-31T16:20:00+00:00,SYNTHETIC / DEMO DATA,
SYN-REQ-0016,We need a nearby primary health centre in Demo Village 02.,English,Healthcare,Primary Health Centre,We need a nearby primary health centre in Demo Village 02.,Demo Village 02,Demo District 01,12.225,75.14,0.419,2026-07-29T11:37:00+00:00,SYNTHETIC / DEMO DATA,
SYN-REQ-0017,Demo Village 02 में हमारे बच्चों के लिए अधिक कक्षाओं की जरूरत है।,Hindi,Education,School,Our children need more classrooms in Demo Village 02.,Demo Village 02,Demo District 01,12.225,75.14,0.411,2026-07-12T01:45:00+00:00,SYNTHETIC / DEMO DATA,
SYN-REQ-0018,Demo Village 02 ನಲ್ಲಿ ನಮ್ಮ ಮಕ್ಕಳಿಗೆ ಹೆಚ್ಚಿನ ತರಗತಿ ಕೊಠಡಿಗಳು ಬೇಕು.,Kannada,Education,School,Our children need more classrooms in Demo Village 02.,Demo Village 02,Demo District 01,12.225,75.14,0.411,2026-07-17T16:18:00+00:00,SYNTHETIC / DEMO DATA,
SYN-REQ-0019,Please repair the damaged roads in Demo Village 02.,English,Roads,Road Repair,Please repair the damaged roads in Demo Village 02.,Demo Village 02,Demo District 01,12.225,75.14,0.516,2026-07-08T02:13:00+00:00,SYNTHETIC / DEMO DATA,
SYN-REQ-0020,कृपया Demo Village 02 में खराब सड़कों की मरम्मत करें।,Hindi,Roads,Road Repair,Please repair the damaged roads in Demo Village 02.,Demo Village 02,Demo District 01,12.225,75.14,0.516,2026-07-26T16:47:00+00:00,SYNTHETIC / DEMO DATA,
SYN-REQ-0021,ದಯವಿಟ್ಟು Demo Village 02 ನಲ್ಲಿ ಹಾಳಾದ ರಸ್ತೆಗಳನ್ನು ಸರಿಪಡಿಸಿ.,Kannada,Roads,Road Repair,Please repair the damaged roads in Demo Village 02.,Demo Village 02,Demo District 01,12.225,75.14,0.516,2026-07-05T19:41:00+00:00,SYNTHETIC / DEMO DATA,
SYN-REQ-0022,We need a reliable drinking water supply in Demo Village 02.,English,Water,Water Supply,We need a reliable drinking water supply in Demo Village 02.,Demo Village 02,Demo District 01,12.225,75.14,0.392,2026-08-10T23:25:00+00:00,SYNTHETIC / DEMO DATA,
SYN-REQ-0023,Demo Village 02 में हमें नियमित पेयजल आपूर्ति चाहिए।,Hindi,Water,Water Supply,We need a reliable drinking water supply in Demo Village 02.,Demo Village 02,Demo District 01,12.225,75.14,0.392,2026-07-04T05:10:00+00:00,SYNTHETIC / DEMO DATA,
SYN-REQ-0024,ದಯವಿಟ್ಟು Demo Village 02 ನಲ್ಲಿ ಪದೇ ಪದೇ ವಿದ್ಯುತ್ ಕಡಿತವನ್ನು ಪರಿಹರಿಸಿ.,Kannada,Electricity,Power Supply,Please address frequent power cuts in Demo Village 02.,Demo Village 02,Demo District 01,12.225,75.14,0.489,2026-07-10T19:12:00+00:00,SYNTHETIC / DEMO DATA,
SYN-REQ-0025,Please address frequent power cuts in Demo Village 02.,English,Electricity,Power Supply,Please address frequent power cuts in Demo Village 02.,Demo Village 02,Demo District 01,12.225,75.14,0.489,2026-07-20T02:54:00+00:00,SYNTHETIC / DEMO DATA,
SYN-REQ-0026,कृपया Demo Village 02 में बार-बार बिजली कटौती की समस्या दूर करें।,Hindi,Electricity,Power Supply,Please address frequent power cuts in Demo Village 02.,Demo Village 02,Demo District 01,12.225,75.14,0.489,2026-07-16T04:02:00+00:00,SYNTHETIC / DEMO DATA,
SYN-REQ-0027,Demo Village 03 ನಲ್ಲಿ ನಮಗೆ ಹತ್ತಿರದ ಪ್ರಾಥಮಿಕ ಆರೋಗ್ಯ ಕೇಂದ್ರ ಬೇಕು.,Kannada,Healthcare,Primary Health Centre,We need a nearby primary health centre in Demo Village 03.,Demo Village 03,Demo District 01,12.25,75.18,0.56,2026-08-05T14:12:00+00:00,SYNTHETIC / DEMO DATA,
SYN-REQ-0028,We need a nearby primary health centre in Demo Village 03.,English,Healthcare,Primary Health Centre,We need a nearby primary health centre in Demo Village 03.,Demo Village 03,Demo District 01,12.25,75.18,0.56,2026-08-08T20:20:00+00:00,SYNTHETIC / DEMO DATA,
SYN-REQ-0029,Demo Village 03 में हमारे बच्चों के लिए अधिक कक्षाओं की जरूरत है।,Hindi,Education,School,Our children need more classrooms in Demo Village 03.,Demo Village 03,Demo District 01,12.25,75.18,0.577,2026-08-20T21:06:00+00:00,SYNTHETIC / DEMO DATA,
SYN-REQ-0030,Demo Village 03 ನಲ್ಲಿ ನಮ್ಮ ಮಕ್ಕಳಿಗೆ ಹೆಚ್ಚಿನ ತರಗತಿ ಕೊಠಡಿಗಳು ಬೇಕು.,Kannada,Education,School,Our children need more classrooms in Demo Village 03.,Demo Village 03,Demo District 01,12.25,75.18,0.577,2026-07-15T17:50:00+00:00,SYNTHETIC / DEMO DATA,
SYN-REQ-0031,Please repair the damaged roads in Demo Village 03.,English,Roads,Road Repair,Please repair the damaged roads in Demo Village 03.,Demo Village 03,Demo District 01,12.25,75.18,0.542,2026-07-25T15:22:00+00:00,SYNTHETIC / DEMO DATA,
SYN-REQ-0032,कृपया Demo Village 03 में खराब सड़कों की मरम्मत करें।,Hindi,Roads,Road Repair,Please repair the damaged roads in Demo Village 03.,Demo Village 03,Demo District 01,12.25,75.18,0.542,2026-08-28T15:06:00+00:00,SYNTHETIC / DEMO DATA,
SYN-REQ-0033,Demo Village 03 ನಲ್ಲಿ ನಮಗೆ ನಿಯಮಿತ ಕುಡಿಯುವ ನೀರಿನ ಪೂರೈಕೆ ಬೇಕು.,Kannada,Water,Water Supply,We need a reliable drinking water supply in Demo Village 03.,Demo Village 03,Demo District 01,12.25,75.18,0.458,2026-07-20T20:05:00+00:00,SYNTHETIC / DEMO DATA,
SYN-REQ-0034,We need a reliable drinking water supply in Demo Village 03.,English,Water,Water Supply,We need a reliable drinking water supply in Demo Village 03.,Demo Village 03,Demo District 01,12.25,75.18,0.458,2026-07-28T10:25:00+00:00,SYNTHETIC / DEMO DATA,
SYN-REQ-0035,कृपया Demo Village 03 में बार-बार बिजली कटौती की समस्या दूर करें।,Hindi,Electricity,Power Supply,Please address frequent power cuts in Demo Village 03.,Demo Village 03,Demo District 01,12.25,75.18,0.572,2026-08-06T21:11:00+00:00,SYNTHETIC / DEMO DATA,
SYN-REQ-0036,ದಯವಿಟ್ಟು Demo Village 03 ನಲ್ಲಿ ಪದೇ ಪದೇ ವಿದ್ಯುತ್ ಕಡಿತವನ್ನು ಪರಿಹರಿಸಿ.,Kannada,Electricity,Power Supply,Please address frequent power cuts in Demo Village 03.,Demo Village 03,Demo District 01,12.25,75.18,0.572,2026-07-04T20:48:00+00:00,SYNTHETIC / DEMO DATA,
SYN-REQ-0037,We need a nearby primary health centre in Demo Village 04.,English,Healthcare,Primary Health Centre,We need a nearby primary health centre in Demo Village 04.,Demo Village 04,Demo District 01,12.275,75.22,0.541,2026-08-17T03:23:00+00:00,SYNTHETIC / DEMO DATA,
SYN-REQ-0038,Demo Village 04 में हमें नजदीक प्राथमिक स्वास्थ्य केंद्र चाहिए।,Hindi,Healthcare,Primary Health Centre,We need a nearby primary health centre in Demo Village 04.,Demo Village 04,Demo District 01,12.275,75.22,0.541,2026-08-18T07:05:00+00:00,SYNTHETIC / DEMO DATA,
SYN-REQ-0039,Demo Village 04 ನಲ್ಲಿ ನಮ್ಮ ಮಕ್ಕಳಿಗೆ ಹೆಚ್ಚಿನ ತರಗತಿ ಕೊಠಡಿಗಳು ಬೇಕು.,Kannada,Education,School,Our children need more classrooms in Demo Village 04.,Demo Village 04,Demo District 01,12.275,75.22,0.497,2026-08-10T07:12:00+00:00,SYNTHETIC / DEMO DATA,
SYN-REQ-0040,Our children need more classrooms in Demo Village 04.,English,Education,School,Our children need more classrooms in Demo Village 04.,Demo Village 04,Demo District 01,12.275,75.22,0.497,2026-07-17T22:32:00+00:00,SYNTHETIC / DEMO DATA,
SYN-REQ-0041,कृपया Demo Village 04 में खराब सड़कों की मरम्मत करें।,Hindi,Roads,Road Repair,Please repair the damaged roads in Demo Village 04.,Demo Village 04,Demo District 01,12.275,75.22,0.508,2026-07-06T05:21:00+00:00,SYNTHETIC / DEMO DATA,
SYN-REQ-0042,ದಯವಿಟ್ಟು Demo Village 04 ನಲ್ಲಿ ಹಾಳಾದ ರಸ್ತೆಗಳನ್ನು ಸರಿಪಡಿಸಿ.,Kannada,Roads,Road Repair,Please repair the damaged roads in Demo Village 04.,Demo Village 04,Demo District 01,12.275,75.22,0.508,2026-07-16T05:55:00+00:00,SYNTHETIC / DEMO DATA,
SYN-REQ-0043,We need a reliable drinking water supply in Demo Village 04.,English,Water,Water Supply,We need a reliable drinking water supply in Demo Village 04.,Demo Village 04,Demo District 01,12.275,75.22,0.5,2026-08-05T02:33:00+00:00,SYNTHETIC / DEMO DATA,
SYN-REQ-0044,Demo Village 04 में हमें नियमित पेयजल आपूर्ति चाहिए।,Hindi,Water,Water Supply,We need a reliable drinking water supply in Demo Village 04.,Demo Village 04,Demo District 01,12.275,75.22,0.5,2026-07-11T00:05:00+00:00,SYNTHETIC / DEMO DATA,
SYN-REQ-0045,ದಯವಿಟ್ಟು Demo Village 04 ನಲ್ಲಿ ಪದೇ ಪದೇ ವಿದ್ಯುತ್ ಕಡಿತವನ್ನು ಪರಿಹರಿಸಿ.,Kannada,Electricity,Power Supply,Please address frequent power cuts in Demo Village 04.,Demo Village 04,Demo District 01,12.275,75.22,0.484,2026-07-27T15:22:00+00:00,SYNTHETIC / DEMO DATA,
SYN-REQ-0046,Please address frequent power cuts in Demo Village 04.,English,Electricity,Power Supply,Please address frequent power cuts in Demo Village 04.,Demo Village 04,Demo District 01,12.275,75.22,0.484,2026-08-14T20:16:00+00:00,SYNTHETIC / DEMO DATA,
SYN-REQ-0047,Demo Village 05 में हमें नजदीक प्राथमिक स्वास्थ्य केंद्र चाहिए।,Hindi,Healthcare,Primary Health Centre,We need a nearby primary health centre in Demo Village 05.,Demo Village 05,Demo District 01,12.3,75.26,0.442,2026-07-31T09:56:00+00:00,SYNTHETIC / DEMO DATA,
SYN-REQ-0048,Demo Village 05 ನಲ್ಲಿ ನಮ್ಮ ಮಕ್ಕಳಿಗೆ ಹೆಚ್ಚಿನ ತರಗತಿ ಕೊಠಡಿಗಳು ಬೇಕು.,Kannada,Education,School,Our children need more classrooms in Demo Village 05.,Demo Village 05,Demo District 01,12.3,75.26,0.45,2026-07-03T07:54:00+00:00,SYNTHETIC / DEMO DATA,
SYN-REQ-0049,Please repair the damaged roads in Demo Village 05.,English,Roads,Road Repair,Please repair the damaged roads in Demo Village 05.,Demo Village 05,Demo District 01,12.3,75.26,0.521,2026-07-19T09:39:00+00:00,SYNTHETIC / DEMO DATA,
SYN-REQ-0050,Demo Village 05 में हमें नियमित पेयजल आपूर्ति चाहिए।,Hindi,Water,Water Supply,We need a reliable drinking water supply in Demo Village 05.,Demo Village 05,Demo District 01,12.3,75.26,0.516,2026-08-14T15:29:00+00:00,SYNTHETIC / DEMO DATA,
SYN-REQ-0051,ದಯವಿಟ್ಟು Demo Village 05 ನಲ್ಲಿ ಪದೇ ಪದೇ ವಿದ್ಯುತ್ ಕಡಿತವನ್ನು ಪರಿಹರಿಸಿ.,Kannada,Electricity,Power Supply,Please address frequent power cuts in Demo Village 05.,Demo Village 05,Demo District 01,12.3,75.26,0.441,2026-07-05T23:27:00+00:00,SYNTHETIC / DEMO DATA,
SYN-REQ-0052,We need a nearby primary health centre in Demo Village 06.,English,Healthcare,Primary Health Centre,We need a nearby primary health centre in Demo Village 06.,Demo Village 06,Demo District 02,12.47,75.62,0.516,2026-07-15T09:01:00+00:00,SYNTHETIC / DEMO DATA,
SYN-REQ-0053,Demo Village 06 में हमारे बच्चों के लिए अधिक कक्षाओं की जरूरत है।,Hindi,Education,School,Our children need more classrooms in Demo Village 06.,Demo Village 06,Demo District 02,12.47,75.62,0.5,2026-08-20T21:20:00+00:00,SYNTHETIC / DEMO DATA,
SYN-REQ-0054,ದಯವಿಟ್ಟು Demo Village 06 ನಲ್ಲಿ ಹಾಳಾದ ರಸ್ತೆಗಳನ್ನು ಸರಿಪಡಿಸಿ.,Kannada,Roads,Road Repair,Please repair the damaged roads in Demo Village 06.,Demo Village 06,Demo District 02,12.47,75.62,0.519,2026-08-07T22:34:00+00:00,SYNTHETIC / DEMO DATA,
SYN-REQ-0055,We need a reliable drinking water supply in Demo Village 06.,English,Water,Water Supply,We need a reliable drinking water supply in Demo Village 06.,Demo Village 06,Demo District 02,12.47,75.62,0.399,2026-08-21T06:45:00+00:00,SYNTHETIC / DEMO DATA,
SYN-REQ-0056,कृपया Demo Village 06 में बार-बार बिजली कटौती की समस्या दूर करें।,Hindi,Electricity,Power Supply,Please address frequent power cuts in Demo Village 06.,Demo Village 06,Demo District 02,12.47,75.62,0.439,2026-07-28T03:55:00+00:00,SYNTHETIC / DEMO DATA,
SYN-REQ-0057,Demo Village 07 ನಲ್ಲಿ ನಮಗೆ ಹತ್ತಿರದ ಪ್ರಾಥಮಿಕ ಆರೋಗ್ಯ ಕೇಂದ್ರ ಬೇಕು.,Kannada,Healthcare,Primary Health Centre,We need a nearby primary health centre in Demo Village 07.,Demo Village 07,Demo District 02,12.495,75.66,0.685,2026-08-04T07:40:00+00:00,SYNTHETIC / DEMO DATA,
SYN-REQ-0058,We need a nearby primary health centre in Demo Village 07.,English,Healthcare,Primary Health Centre,We need a nearby primary health centre in Demo Village 07.,Demo Village 07,Demo District 02,12.495,75.66,0.685,2026-08-11T05:05:00+00:00,SYNTHETIC / DEMO DATA,
SYN-REQ-0059,Demo Village 07 में हमें नजदीक प्राथमिक स्वास्थ्य केंद्र चाहिए।,Hindi,Healthcare,Primary Health Centre,We need a nearby primary health centre in Demo Village 07.,Demo Village 07,Demo District 02,12.495,75.66,0.685,2026-08-28T09:04:00+00:00,SYNTHETIC / DEMO DATA,
SYN-REQ-0060,Demo Village 07 ನಲ್ಲಿ ನಮಗೆ ಹತ್ತಿರದ ಪ್ರಾಥಮಿಕ ಆರೋಗ್ಯ ಕೇಂದ್ರ ಬೇಕು.,Kannada,Healthcare,Primary Health Centre,We need a nearby primary health centre in Demo Village 07.,Demo Village 07,Demo District 02,12.495,75.66,0.685,2026-08-22T04:51:00+00:00,SYNTHETIC / DEMO DATA,
SYN-REQ-0061,Our children need more classrooms in Demo Village 07.,English,Education,School,Our children need more classrooms in Demo Village 07.,Demo Village 07,Demo District 02,12.495,75.66,0.682,2026-07-05T02:02:00+00:00,SYNTHETIC / DEMO DATA,
SYN-REQ-0062,Demo Village 07 में हमारे बच्चों के लिए अधिक कक्षाओं की जरूरत है।,Hindi,Education,School,Our children need more classrooms in Demo Village 07.,Demo Village 07,Demo District 02,12.495,75.66,0.682,2026-07-11T10:29:00+00:00,SYNTHETIC / DEMO DATA,
SYN-REQ-0063,Demo Village 07 ನಲ್ಲಿ ನಮ್ಮ ಮಕ್ಕಳಿಗೆ ಹೆಚ್ಚಿನ ತರಗತಿ ಕೊಠಡಿಗಳು ಬೇಕು.,Kannada,Education,School,Our children need more classrooms in Demo Village 07.,Demo Village 07,Demo District 02,12.495,75.66,0.682,2026-08-08T19:25:00+00:00,SYNTHETIC / DEMO DATA,
SYN-REQ-0064,Our children need more classrooms in Demo Village 07.,English,Education,School,Our children need more classrooms in Demo Village 07.,Demo Village 07,Demo District 02,12.495,75.66,0.682,2026-08-28T09:51:00+00:00,SYNTHETIC / DEMO DATA,
SYN-REQ-0065,कृपया Demo Village 07 में खराब सड़कों की मरम्मत करें।,Hindi,Roads,Road Repair,Please repair the damaged roads in Demo Village 07.,Demo Village 07,Demo District 02,12.495,75.66,0.568,2026-07-29T04:14:00+00:00,SYNTHETIC / DEMO DATA,
SYN-REQ-0066,ದಯವಿಟ್ಟು Demo Village 07 ನಲ್ಲಿ ಹಾಳಾದ ರಸ್ತೆಗಳನ್ನು ಸರಿಪಡಿಸಿ.,Kannada,Roads,Road Repair,Please repair the damaged roads in Demo Village 07.,Demo Village 07,Demo District 02,12.495,75.66,0.568,2026-07-30T23:30:00+00:00,SYNTHETIC / DEMO DATA,
SYN-REQ-0067,Please repair the damaged roads in Demo Village 07.,English,Roads,Road Repair,Please repair the damaged roads in Demo Village 07.,Demo Village 07,Demo District 02,12.495,75.66,0.568,2026-07-20T23:53:00+00:00,SYNTHETIC / DEMO DATA,
SYN-REQ-0068,कृपया Demo Village 07 में खराब सड़कों की मरम्मत करें।,Hindi,Roads,Road Repair,Please repair the damaged roads in Demo Village 07.,Demo Village 07,Demo District 02,12.495,75.66,0.568,2026-07-26T09:17:00+00:00,SYNTHETIC / DEMO DATA,
SYN-REQ-0069,Demo Village 07 ನಲ್ಲಿ ನಮಗೆ ನಿಯಮಿತ ಕುಡಿಯುವ ನೀರಿನ ಪೂರೈಕೆ ಬೇಕು.,Kannada,Water,Water Supply,We need a reliable drinking water supply in Demo Village 07.,Demo Village 07,Demo District 02,12.495,75.66,0.69,2026-08-02T18:25:00+00:00,SYNTHETIC / DEMO DATA,
SYN-REQ-0070,We need a reliable drinking water supply in Demo Village 07.,English,Water,Water Supply,We need a reliable drinking water supply in Demo Village 07.,Demo Village 07,Demo District 02,12.495,75.66,0.69,2026-08-01T14:56:00+00:00,SYNTHETIC / DEMO DATA,
SYN-REQ-0071,Demo Village 07 में हमें नियमित पेयजल आपूर्ति चाहिए।,Hindi,Water,Water Supply,We need a reliable drinking water supply in Demo Village 07.,Demo Village 07,Demo District 02,12.495,75.66,0.69,2026-07-06T20:24:00+00:00,SYNTHETIC / DEMO DATA,
SYN-REQ-0072,Demo Village 07 ನಲ್ಲಿ ನಮಗೆ ನಿಯಮಿತ ಕುಡಿಯುವ ನೀರಿನ ಪೂರೈಕೆ ಬೇಕು.,Kannada,Water,Water Supply,We need a reliable drinking water supply in Demo Village 07.,Demo Village 07,Demo District 02,12.495,75.66,0.69,2026-07-03T14:44:00+00:00,SYNTHETIC / DEMO DATA,
SYN-REQ-0073,Please address frequent power cuts in Demo Village 07.,English,Electricity,Power Supply,Please address frequent power cuts in Demo Village 07.,Demo Village 07,Demo District 02,12.495,75.66,0.638,2026-08-17T11:00:00+00:00,SYNTHETIC / DEMO DATA,
SYN-REQ-0074,कृपया Demo Village 07 में बार-बार बिजली कटौती की समस्या दूर करें।,Hindi,Electricity,Power Supply,Please address frequent power cuts in Demo Village 07.,Demo Village 07,Demo District 02,12.495,75.66,0.638,2026-08-08T08:32:00+00:00,SYNTHETIC / DEMO DATA,
SYN-REQ-0075,ದಯವಿಟ್ಟು Demo Village 07 ನಲ್ಲಿ ಪದೇ ಪದೇ ವಿದ್ಯುತ್ ಕಡಿತವನ್ನು ಪರಿಹರಿಸಿ.,Kannada,Electricity,Power Supply,Please address frequent power cuts in Demo Village 07.,Demo Village 07,Demo District 02,12.495,75.66,0.638,2026-07-02T03:07:00+00:00,SYNTHETIC / DEMO DATA,
SYN-REQ-0076,Please address frequent power cuts in Demo Village 07.,English,Electricity,Power Supply,Please address frequent power cuts in Demo Village 07.,Demo Village 07,Demo District 02,12.495,75.66,0.638,2026-07-15T23:00:00+00:00,SYNTHETIC / DEMO DATA,
SYN-REQ-0077,Demo Village 08 में हमें नजदीक प्राथमिक स्वास्थ्य केंद्र चाहिए।,Hindi,Healthcare,Primary Health Centre,We need a nearby primary health centre in Demo Village 08.,Demo Village 08,Demo District 02,12.52,75.7,0.812,2026-08-23T19:38:00+00:00,SYNTHETIC / DEMO DATA,
SYN-REQ-0078,Demo Village 08 ನಲ್ಲಿ ನಮ್ಮ ಮಕ್ಕಳಿಗೆ ಹೆಚ್ಚಿನ ತರಗತಿ ಕೊಠಡಿಗಳು ಬೇಕು.,Kannada,Education,School,Our children need more classrooms in Demo Village 08.,Demo Village 08,Demo District 02,12.52,75.7,0.733,2026-08-07T00:42:00+00:00,SYNTHETIC / DEMO DATA,
SYN-REQ-0079,Please repair the damaged roads in Demo Village 08.,English,Roads,Road Repair,Please repair the damaged roads in Demo Village 08.,Demo Village 08,Demo District 02,12.52,75.7,0.733,2026-08-18T22:56:00+00:00,SYNTHETIC / DEMO DATA,
SYN-REQ-0080,Demo Village 08 में हमें नियमित पेयजल आपूर्ति चाहिए।,Hindi,Water,Water Supply,We need a reliable drinking water supply in Demo Village 08.,Demo Village 08,Demo District 02,12.52,75.7,0.795,2026-08-22T09:11:00+00:00,SYNTHETIC / DEMO DATA,
SYN-REQ-0081,ದಯವಿಟ್ಟು Demo Village 08 ನಲ್ಲಿ ಪದೇ ಪದೇ ವಿದ್ಯುತ್ ಕಡಿತವನ್ನು ಪರಿಹರಿಸಿ.,Kannada,Electricity,Power Supply,Please address frequent power cuts in Demo Village 08.,Demo Village 08,Demo District 02,12.52,75.7,0.671,2026-08-06T01:22:00+00:00,SYNTHETIC / DEMO DATA,
SYN-REQ-0082,We need a nearby primary health centre in Demo Village 09.,English,Healthcare,Primary Health Centre,We need a nearby primary health centre in Demo Village 09.,Demo Village 09,Demo District 02,12.545,75.74,0.593,2026-08-18T05:58:00+00:00,SYNTHETIC / DEMO DATA,
SYN-REQ-0083,Demo Village 09 में हमारे बच्चों के लिए अधिक कक्षाओं की जरूरत है।,Hindi,Education,School,Our children need more classrooms in Demo Village 09.,Demo Village 09,Demo District 02,12.545,75.74,0.62,2026-07-31T17:42:00+00:00,SYNTHETIC / DEMO DATA,
SYN-REQ-0084,ದಯವಿಟ್ಟು Demo Village 09 ನಲ್ಲಿ ಹಾಳಾದ ರಸ್ತೆಗಳನ್ನು ಸರಿಪಡಿಸಿ.,Kannada,Roads,Road Repair,Please repair the damaged roads in Demo Village 09.,Demo Village 09,Demo District 02,12.545,75.74,0.559,2026-08-11T15:05:00+00:00,SYNTHETIC / DEMO DATA,
SYN-REQ-0085,We need a reliable drinking water supply in Demo Village 09.,English,Water,Water Supply,We need a reliable drinking water supply in Demo Village 09.,Demo Village 09,Demo District 02,12.545,75.74,0.483,2026-08-28T09:29:00+00:00,SYNTHETIC / DEMO DATA,
SYN-REQ-0086,कृपया Demo Village 09 में बार-बार बिजली कटौती की समस्या दूर करें।,Hindi,Electricity,Power Supply,Please address frequent power cuts in Demo Village 09.,Demo Village 09,Demo District 02,12.545,75.74,0.55,2026-07-12T19:58:00+00:00,SYNTHETIC / DEMO DATA,
SYN-REQ-0087,Demo Village 10 ನಲ್ಲಿ ನಮಗೆ ಹತ್ತಿರದ ಪ್ರಾಥಮಿಕ ಆರೋಗ್ಯ ಕೇಂದ್ರ ಬೇಕು.,Kannada,Healthcare,Primary Health Centre,We need a nearby primary health centre in Demo Village 10.,Demo Village 10,Demo District 02,12.57,75.78,0.661,2026-07-28T21:40:00+00:00,SYNTHETIC / DEMO DATA,
SYN-REQ-0088,Our children need more classrooms in Demo Village 10.,English,Education,School,Our children need more classrooms in Demo Village 10.,Demo Village 10,Demo District 02,12.57,75.78,0.749,2026-08-22T16:47:00+00:00,SYNTHETIC / DEMO DATA,
SYN-REQ-0089,कृपया Demo Village 10 में खराब सड़कों की मरम्मत करें।,Hindi,Roads,Road Repair,Please repair the damaged roads in Demo Village 10.,Demo Village 10,Demo District 02,12.57,75.78,0.679,2026-07-06T16:02:00+00:00,SYNTHETIC / DEMO DATA,
SYN-REQ-0090,Demo Village 10 ನಲ್ಲಿ ನಮಗೆ ನಿಯಮಿತ ಕುಡಿಯುವ ನೀರಿನ ಪೂರೈಕೆ ಬೇಕು.,Kannada,Water,Water Supply,We need a reliable drinking water supply in Demo Village 10.,Demo Village 10,Demo District 02,12.57,75.78,0.681,2026-07-23T13:56:00+00:00,SYNTHETIC / DEMO DATA,
SYN-REQ-0091,Please address frequent power cuts in Demo Village 10.,English,Electricity,Power Supply,Please address frequent power cuts in Demo Village 10.,Demo Village 10,Demo District 02,12.57,75.78,0.718,2026-07-22T10:57:00+00:00,SYNTHETIC / DEMO DATA,
SYN-REQ-0092,Demo Village 11 में हमें नजदीक प्राथमिक स्वास्थ्य केंद्र चाहिए।,Hindi,Healthcare,Primary Health Centre,We need a nearby primary health centre in Demo Village 11.,Demo Village 11,Demo District 03,12.74,76.14,0.482,2026-08-12T03:34:00+00:00,SYNTHETIC / DEMO DATA,
SYN-REQ-0093,Demo Village 11 ನಲ್ಲಿ ನಮ್ಮ ಮಕ್ಕಳಿಗೆ ಹೆಚ್ಚಿನ ತರಗತಿ ಕೊಠಡಿಗಳು ಬೇಕು.,Kannada,Education,School,Our children need more classrooms in Demo Village 11.,Demo Village 11,Demo District 03,12.74,76.14,0.38,2026-08-24T05:29:00+00:00,SYNTHETIC / DEMO DATA,
SYN-REQ-0094,Please repair the damaged roads in Demo Village 11.,English,Roads,Road Repair,Please repair the damaged roads in Demo Village 11.,Demo Village 11,Demo District 03,12.74,76.14,0.522,2026-07-22T14:03:00+00:00,SYNTHETIC / DEMO DATA,
SYN-REQ-0095,कृपया Demo Village 11 में खराब सड़कों की मरम्मत करें।,Hindi,Roads,Road Repair,Please repair the damaged roads in Demo Village 11.,Demo Village 11,Demo District 03,12.74,76.14,0.522,2026-08-14T16:54:00+00:00,SYNTHETIC / DEMO DATA,
SYN-REQ-0096,Demo Village 11 ನಲ್ಲಿ ನಮಗೆ ನಿಯಮಿತ ಕುಡಿಯುವ ನೀರಿನ ಪೂರೈಕೆ ಬೇಕು.,Kannada,Water,Water Supply,We need a reliable drinking water supply in Demo Village 11.,Demo Village 11,Demo District 03,12.74,76.14,0.525,2026-07-19T22:36:00+00:00,SYNTHETIC / DEMO DATA,
SYN-REQ-0097,We need a reliable drinking water supply in Demo Village 11.,English,Water,Water Supply,We need a reliable drinking water supply in Demo Village 11.,Demo Village 11,Demo District 03,12.74,76.14,0.525,2026-07-26T18:46:00+00:00,SYNTHETIC / DEMO DATA,
SYN-REQ-0098,कृपया Demo Village 11 में बार-बार बिजली कटौती की समस्या दूर करें।,Hindi,Electricity,Power Supply,Please address frequent power cuts in Demo Village 11.,Demo Village 11,Demo District 03,12.74,76.14,0.4,2026-07-03T15:31:00+00:00,SYNTHETIC / DEMO DATA,
SYN-REQ-0099,Demo Village 12 ನಲ್ಲಿ ನಮಗೆ ಹತ್ತಿರದ ಪ್ರಾಥಮಿಕ ಆರೋಗ್ಯ ಕೇಂದ್ರ ಬೇಕು.,Kannada,Healthcare,Primary Health Centre,We need a nearby primary health centre in Demo Village 12.,Demo Village 12,Demo District 03,12.765,76.18,0.753,2026-07-06T10:44:00+00:00,SYNTHETIC / DEMO DATA,
SYN-REQ-0100,We need a nearby primary health centre in Demo Village 12.,English,Healthcare,Primary Health Centre,We need a nearby primary health centre in Demo Village 12.,Demo Village 12,Demo District 03,12.765,76.18,0.753,2026-07-17T11:02:00+00:00,SYNTHETIC / DEMO DATA,
SYN-REQ-0101,Demo Village 12 में हमें नजदीक प्राथमिक स्वास्थ्य केंद्र चाहिए।,Hindi,Healthcare,Primary Health Centre,We need a nearby primary health centre in Demo Village 12.,Demo Village 12,Demo District 03,12.765,76.18,0.753,2026-07-08T13:47:00+00:00,SYNTHETIC / DEMO DATA,
SYN-REQ-0102,Demo Village 12 ನಲ್ಲಿ ನಮ್ಮ ಮಕ್ಕಳಿಗೆ ಹೆಚ್ಚಿನ ತರಗತಿ ಕೊಠಡಿಗಳು ಬೇಕು.,Kannada,Education,School,Our children need more classrooms in Demo Village 12.,Demo Village 12,Demo District 03,12.765,76.18,0.674,2026-08-25T17:33:00+00:00,SYNTHETIC / DEMO DATA,
SYN-REQ-0103,Our children need more classrooms in Demo Village 12.,English,Education,School,Our children need more classrooms in Demo Village 12.,Demo Village 12,Demo District 03,12.765,76.18,0.674,2026-08-22T00:02:00+00:00,SYNTHETIC / DEMO DATA,
SYN-REQ-0104,Demo Village 12 में हमारे बच्चों के लिए अधिक कक्षाओं की जरूरत है।,Hindi,Education,School,Our children need more classrooms in Demo Village 12.,Demo Village 12,Demo District 03,12.765,76.18,0.674,2026-08-12T18:31:00+00:00,SYNTHETIC / DEMO DATA,
SYN-REQ-0105,ದಯವಿಟ್ಟು Demo Village 12 ನಲ್ಲಿ ಹಾಳಾದ ರಸ್ತೆಗಳನ್ನು ಸರಿಪಡಿಸಿ.,Kannada,Roads,Road Repair,Please repair the damaged roads in Demo Village 12.,Demo Village 12,Demo District 03,12.765,76.18,0.712,2026-07-30T14:06:00+00:00,SYNTHETIC / DEMO DATA,
SYN-REQ-0106,Please repair the damaged roads in Demo Village 12.,English,Roads,Road Repair,Please repair the damaged roads in Demo Village 12.,Demo Village 12,Demo District 03,12.765,76.18,0.712,2026-07-04T06:24:00+00:00,SYNTHETIC / DEMO DATA,
SYN-REQ-0107,कृपया Demo Village 12 में खराब सड़कों की मरम्मत करें।,Hindi,Roads,Road Repair,Please repair the damaged roads in Demo Village 12.,Demo Village 12,Demo District 03,12.765,76.18,0.712,2026-08-03T12:20:00+00:00,SYNTHETIC / DEMO DATA,
SYN-REQ-0108,Demo Village 12 ನಲ್ಲಿ ನಮಗೆ ನಿಯಮಿತ ಕುಡಿಯುವ ನೀರಿನ ಪೂರೈಕೆ ಬೇಕು.,Kannada,Water,Water Supply,We need a reliable drinking water supply in Demo Village 12.,Demo Village 12,Demo District 03,12.765,76.18,0.719,2026-08-09T17:00:00+00:00,SYNTHETIC / DEMO DATA,
SYN-REQ-0109,We need a reliable drinking water supply in Demo Village 12.,English,Water,Water Supply,We need a reliable drinking water supply in Demo Village 12.,Demo Village 12,Demo District 03,12.765,76.18,0.719,2026-08-10T15:05:00+00:00,SYNTHETIC / DEMO DATA,
SYN-REQ-0110,Demo Village 12 में हमें नियमित पेयजल आपूर्ति चाहिए।,Hindi,Water,Water Supply,We need a reliable drinking water supply in Demo Village 12.,Demo Village 12,Demo District 03,12.765,76.18,0.719,2026-08-18T01:45:00+00:00,SYNTHETIC / DEMO DATA,
SYN-REQ-0111,ದಯವಿಟ್ಟು Demo Village 12 ನಲ್ಲಿ ಪದೇ ಪದೇ ವಿದ್ಯುತ್ ಕಡಿತವನ್ನು ಪರಿಹರಿಸಿ.,Kannada,Electricity,Power Supply,Please address frequent power cuts in Demo Village 12.,Demo Village 12,Demo District 03,12.765,76.18,0.727,2026-07-14T09:06:00+00:00,SYNTHETIC / DEMO DATA,
SYN-REQ-0112,Please address frequent power cuts in Demo Village 12.,English,Electricity,Power Supply,Please address frequent power cuts in Demo Village 12.,Demo Village 12,Demo District 03,12.765,76.18,0.727,2026-08-05T04:28:00+00:00,SYNTHETIC / DEMO DATA,
SYN-REQ-0113,कृपया Demo Village 12 में बार-बार बिजली कटौती की समस्या दूर करें।,Hindi,Electricity,Power Supply,Please address frequent power cuts in Demo Village 12.,Demo Village 12,Demo District 03,12.765,76.18,0.727,2026-08-29T09:49:00+00:00,SYNTHETIC / DEMO DATA,
SYN-REQ-0114,Demo Village 13 ನಲ್ಲಿ ನಮಗೆ ಹತ್ತಿರದ ಪ್ರಾಥಮಿಕ ಆರೋಗ್ಯ ಕೇಂದ್ರ ಬೇಕು.,Kannada,Healthcare,Primary Health Centre,We need a nearby primary health centre in Demo Village 13.,Demo Village 13,Demo District 03,12.79,76.22,0.725,2026-07-29T23:50:00+00:00,SYNTHETIC / DEMO DATA,
SYN-REQ-0115,We need a nearby primary health centre in Demo Village 13.,English,Healthcare,Primary Health Centre,We need a nearby primary health centre in Demo Village 13.,Demo Village 13,Demo District 03,12.79,76.22,0.725,2026-08-01T04:08:00+00:00,SYNTHETIC / DEMO DATA,
SYN-REQ-0116,Demo Village 13 में हमें नजदीक प्राथमिक स्वास्थ्य केंद्र चाहिए।,Hindi,Healthcare,Primary Health Centre,We need a nearby primary health centre in Demo Village 13.,Demo Village 13,Demo District 03,12.79,76.22,0.725,2026-07-02T21:30:00+00:00,SYNTHETIC / DEMO DATA,
SYN-REQ-0117,Demo Village 13 ನಲ್ಲಿ ನಮಗೆ ಹತ್ತಿರದ ಪ್ರಾಥಮಿಕ ಆರೋಗ್ಯ ಕೇಂದ್ರ ಬೇಕು.,Kannada,Healthcare,Primary Health Centre,We need a nearby primary health centre in Demo Village 13.,Demo Village 13,Demo District 03,12.79,76.22,0.725,2026-08-08T08:10:00+00:00,SYNTHETIC / DEMO DATA,
SYN-REQ-0118,Our children need more classrooms in Demo Village 13.,English,Education,School,Our children need more classrooms in Demo Village 13.,Demo Village 13,Demo District 03,12.79,76.22,0.637,2026-08-15T05:24:00+00:00,SYNTHETIC / DEMO DATA,
SYN-REQ-0119,Demo Village 13 में हमारे बच्चों के लिए अधिक कक्षाओं की जरूरत है।,Hindi,Education,School,Our children need more classrooms in Demo Village 13.,Demo Village 13,Demo District 03,12.79,76.22,0.637,2026-07-20T18:48:00+00:00,SYNTHETIC / DEMO DATA,
SYN-REQ-0120,Demo Village 13 ನಲ್ಲಿ ನಮ್ಮ ಮಕ್ಕಳಿಗೆ ಹೆಚ್ಚಿನ ತರಗತಿ ಕೊಠಡಿಗಳು ಬೇಕು.,Kannada,Education,School,Our children need more classrooms in Demo Village 13.,Demo Village 13,Demo District 03,12.79,76.22,0.637,2026-07-01T18:51:00+00:00,SYNTHETIC / DEMO DATA,
SYN-REQ-0121,Please repair the damaged roads in Demo Village 13.,English,Roads,Road Repair,Please repair the damaged roads in Demo Village 13.,Demo Village 13,Demo District 03,12.79,76.22,0.735,2026-07-27T03:10:00+00:00,SYNTHETIC / DEMO DATA,
SYN-REQ-0122,कृपया Demo Village 13 में खराब सड़कों की मरम्मत करें।,Hindi,Roads,Road Repair,Please repair the damaged roads in Demo Village 13.,Demo Village 13,Demo District 03,12.79,76.22,0.735,2026-07-15T03:52:00+00:00,SYNTHETIC / DEMO DATA,
SYN-REQ-0123,ದಯವಿಟ್ಟು Demo Village 13 ನಲ್ಲಿ ಹಾಳಾದ ರಸ್ತೆಗಳನ್ನು ಸರಿಪಡಿಸಿ.,Kannada,Roads,Road Repair,Please repair the damaged roads in Demo Village 13.,Demo Village 13,Demo District 03,12.79,76.22,0.735,2026-07-30T04:00:00+00:00,SYNTHETIC / DEMO DATA,
SYN-REQ-0124,Please repair the damaged roads in Demo Village 13.,English,Roads,Road Repair,Please repair the damaged roads in Demo Village 13.,Demo Village 13,Demo District 03,12.79,76.22,0.735,2026-08-11T05:15:00+00:00,SYNTHETIC / DEMO DATA,
SYN-REQ-0125,Demo Village 13 में हमें नियमित पेयजल आपूर्ति चाहिए।,Hindi,Water,Water Supply,We need a reliable drinking water supply in Demo Village 13.,Demo Village 13,Demo District 03,12.79,76.22,0.726,2026-08-01T09:57:00+00:00,SYNTHETIC / DEMO DATA,
SYN-REQ-0126,Demo Village 13 ನಲ್ಲಿ ನಮಗೆ ನಿಯಮಿತ ಕುಡಿಯುವ ನೀರಿನ ಪೂರೈಕೆ ಬೇಕು.,Kannada,Water,Water Supply,We need a reliable drinking water supply in Demo Village 13.,Demo Village 13,Demo District 03,12.79,76.22,0.726,2026-08-02T09:19:00+00:00,SYNTHETIC / DEMO DATA,
SYN-REQ-0127,We need a reliable drinking water supply in Demo Village 13.,English,Water,Water Supply,We need a reliable drinking water supply in Demo Village 13.,Demo Village 13,Demo District 03,12.79,76.22,0.726,2026-07-27T16:28:00+00:00,SYNTHETIC / DEMO DATA,
SYN-REQ-0128,Demo Village 13 में हमें नियमित पेयजल आपूर्ति चाहिए।,Hindi,Water,Water Supply,We need a reliable drinking water supply in Demo Village 13.,Demo Village 13,Demo District 03,12.79,76.22,0.726,2026-07-31T08:19:00+00:00,SYNTHETIC / DEMO DATA,
SYN-REQ-0129,ದಯವಿಟ್ಟು Demo Village 13 ನಲ್ಲಿ ಪದೇ ಪದೇ ವಿದ್ಯುತ್ ಕಡಿತವನ್ನು ಪರಿಹರಿಸಿ.,Kannada,Electricity,Power Supply,Please address frequent power cuts in Demo Village 13.,Demo Village 13,Demo District 03,12.79,76.22,0.731,2026-07-30T18:48:00+00:00,SYNTHETIC / DEMO DATA,
SYN-REQ-0130,Please address frequent power cuts in Demo Village 13.,English,Electricity,Power Supply,Please address frequent power cuts in Demo Village 13.,Demo Village 13,Demo District 03,12.79,76.22,0.731,2026-07-10T13:05:00+00:00,SYNTHETIC / DEMO DATA,
SYN-REQ-0131,कृपया Demo Village 13 में बार-बार बिजली कटौती की समस्या दूर करें।,Hindi,Electricity,Power Supply,Please address frequent power cuts in Demo Village 13.,Demo Village 13,Demo District 03,12.79,76.22,0.731,2026-07-13T20:27:00+00:00,SYNTHETIC / DEMO DATA,
SYN-REQ-0132,ದಯವಿಟ್ಟು Demo Village 13 ನಲ್ಲಿ ಪದೇ ಪದೇ ವಿದ್ಯುತ್ ಕಡಿತವನ್ನು ಪರಿಹರಿಸಿ.,Kannada,Electricity,Power Supply,Please address frequent power cuts in Demo Village 13.,Demo Village 13,Demo District 03,12.79,76.22,0.731,2026-08-02T04:39:00+00:00,SYNTHETIC / DEMO DATA,
SYN-REQ-0133,We need a nearby primary health centre in Demo Village 14.,English,Healthcare,Primary Health Centre,We need a nearby primary health centre in Demo Village 14.,Demo Village 14,Demo District 03,12.815,76.26,0.476,2026-08-25T02:22:00+00:00,SYNTHETIC / DEMO DATA,
SYN-REQ-0134,Demo Village 14 में हमें नजदीक प्राथमिक स्वास्थ्य केंद्र चाहिए।,Hindi,Healthcare,Primary Health Centre,We need a nearby primary health centre in Demo Village 14.,Demo Village 14,Demo District 03,12.815,76.26,0.476,2026-07-18T14:09:00+00:00,SYNTHETIC / DEMO DATA,
SYN-REQ-0135,Demo Village 14 ನಲ್ಲಿ ನಮ್ಮ ಮಕ್ಕಳಿಗೆ ಹೆಚ್ಚಿನ ತರಗತಿ ಕೊಠಡಿಗಳು ಬೇಕು.,Kannada,Education,School,Our children need more classrooms in Demo Village 14.,Demo Village 14,Demo District 03,12.815,76.26,0.346,2026-07-22T17:19:00+00:00,SYNTHETIC / DEMO DATA,
SYN-REQ-0136,Our children need more classrooms in Demo Village 14.,English,Education,School,Our children need more classrooms in Demo Village 14.,Demo Village 14,Demo District 03,12.815,76.26,0.346,2026-07-18T00:05:00+00:00,SYNTHETIC / DEMO DATA,
SYN-REQ-0137,कृपया Demo Village 14 में खराब सड़कों की मरम्मत करें।,Hindi,Roads,Road Repair,Please repair the damaged roads in Demo Village 14.,Demo Village 14,Demo District 03,12.815,76.26,0.43,2026-07-19T10:11:00+00:00,SYNTHETIC / DEMO DATA,
SYN-REQ-0138,ದಯವಿಟ್ಟು Demo Village 14 ನಲ್ಲಿ ಹಾಳಾದ ರಸ್ತೆಗಳನ್ನು ಸರಿಪಡಿಸಿ.,Kannada,Roads,Road Repair,Please repair the damaged roads in Demo Village 14.,Demo Village 14,Demo District 03,12.815,76.26,0.43,2026-08-23T20:02:00+00:00,SYNTHETIC / DEMO DATA,
SYN-REQ-0139,We need a reliable drinking water supply in Demo Village 14.,English,Water,Water Supply,We need a reliable drinking water supply in Demo Village 14.,Demo Village 14,Demo District 03,12.815,76.26,0.369,2026-08-07T22:31:00+00:00,SYNTHETIC / DEMO DATA,
SYN-REQ-0140,Demo Village 14 में हमें नियमित पेयजल आपूर्ति चाहिए।,Hindi,Water,Water Supply,We need a reliable drinking water supply in Demo Village 14.,Demo Village 14,Demo District 03,12.815,76.26,0.369,2026-08-01T05:04:00+00:00,SYNTHETIC / DEMO DATA,
SYN-REQ-0141,ದಯವಿಟ್ಟು Demo Village 14 ನಲ್ಲಿ ಪದೇ ಪದೇ ವಿದ್ಯುತ್ ಕಡಿತವನ್ನು ಪರಿಹರಿಸಿ.,Kannada,Electricity,Power Supply,Please address frequent power cuts in Demo Village 14.,Demo Village 14,Demo District 03,12.815,76.26,0.497,2026-07-29T18:23:00+00:00,SYNTHETIC / DEMO DATA,
SYN-REQ-0142,Please address frequent power cuts in Demo Village 14.,English,Electricity,Power Supply,Please address frequent power cuts in Demo Village 14.,Demo Village 14,Demo District 03,12.815,76.26,0.497,2026-07-31T11:46:00+00:00,SYNTHETIC / DEMO DATA,
SYN-REQ-0143,कृपया Demo Village 14 में बार-बार बिजली कटौती की समस्या दूर करें।,Hindi,Electricity,Power Supply,Please address frequent power cuts in Demo Village 14.,Demo Village 14,Demo District 03,12.815,76.26,0.497,2026-07-22T18:50:00+00:00,SYNTHETIC / DEMO DATA,
SYN-REQ-0144,Demo Village 15 ನಲ್ಲಿ ನಮಗೆ ಹತ್ತಿರದ ಪ್ರಾಥಮಿಕ ಆರೋಗ್ಯ ಕೇಂದ್ರ ಬೇಕು.,Kannada,Healthcare,Primary Health Centre,We need a nearby primary health centre in Demo Village 15.,Demo Village 15,Demo District 03,12.84,76.3,0.443,2026-08-18T18:32:00+00:00,SYNTHETIC / DEMO DATA,
SYN-REQ-0145,We need a nearby primary health centre in Demo Village 15.,English,Healthcare,Primary Health Centre,We need a nearby primary health centre in Demo Village 15.,Demo Village 15,Demo District 03,12.84,76.3,0.443,2026-07-25T15:32:00+00:00,SYNTHETIC / DEMO DATA,
SYN-REQ-0146,Demo Village 15 में हमारे बच्चों के लिए अधिक कक्षाओं की जरूरत है।,Hindi,Education,School,Our children need more classrooms in Demo Village 15.,Demo Village 15,Demo District 03,12.84,76.3,0.337,2026-08-29T10:59:00+00:00,SYNTHETIC / DEMO DATA,
SYN-REQ-0147,ದಯವಿಟ್ಟು Demo Village 15 ನಲ್ಲಿ ಹಾಳಾದ ರಸ್ತೆಗಳನ್ನು ಸರಿಪಡಿಸಿ.,Kannada,Roads,Road Repair,Please repair the damaged roads in Demo Village 15.,Demo Village 15,Demo District 03,12.84,76.3,0.322,2026-08-25T06:26:00+00:00,SYNTHETIC / DEMO DATA,
SYN-REQ-0148,We need a reliable drinking water supply in Demo Village 15.,English,Water,Water Supply,We need a reliable drinking water supply in Demo Village 15.,Demo Village 15,Demo District 03,12.84,76.3,0.433,2026-08-14T08:09:00+00:00,SYNTHETIC / DEMO DATA,
SYN-REQ-0149,Demo Village 15 में हमें नियमित पेयजल आपूर्ति चाहिए।,Hindi,Water,Water Supply,We need a reliable drinking water supply in Demo Village 15.,Demo Village 15,Demo District 03,12.84,76.3,0.433,2026-08-06T13:04:00+00:00,SYNTHETIC / DEMO DATA,
SYN-REQ-0150,ದಯವಿಟ್ಟು Demo Village 15 ನಲ್ಲಿ ಪದೇ ಪದೇ ವಿದ್ಯುತ್ ಕಡಿತವನ್ನು ಪರಿಹರಿಸಿ.,Kannada,Electricity,Power Supply,Please address frequent power cuts in Demo Village 15.,Demo Village 15,Demo District 03,12.84,76.3,0.356,2026-07-15T14:01:00+00:00,SYNTHETIC / DEMO DATA,
SYN-REQ-0151,We need a nearby primary health centre in Demo Village 16.,English,Healthcare,Primary Health Centre,We need a nearby primary health centre in Demo Village 16.,Demo Village 16,Demo District 04,13.01,76.66,0.543,2026-07-03T10:51:00+00:00,SYNTHETIC / DEMO DATA,
SYN-REQ-0152,Demo Village 16 में हमारे बच्चों के लिए अधिक कक्षाओं की जरूरत है।,Hindi,Education,School,Our children need more classrooms in Demo Village 16.,Demo Village 16,Demo District 04,13.01,76.66,0.554,2026-08-17T16:08:00+00:00,SYNTHETIC / DEMO DATA,
SYN-REQ-0153,ದಯವಿಟ್ಟು Demo Village 16 ನಲ್ಲಿ ಹಾಳಾದ ರಸ್ತೆಗಳನ್ನು ಸರಿಪಡಿಸಿ.,Kannada,Roads,Road Repair,Please repair the damaged roads in Demo Village 16.,Demo Village 16,Demo District 04,13.01,76.66,0.7,2026-08-15T13:00:00+00:00,SYNTHETIC / DEMO DATA,
SYN-REQ-0154,Please repair the damaged roads in Demo Village 16.,English,Roads,Road Repair,Please repair the damaged roads in Demo Village 16.,Demo Village 16,Demo District 04,13.01,76.66,0.7,2026-07-25T22:39:00+00:00,SYNTHETIC / DEMO DATA,
SYN-REQ-0155,Demo Village 16 में हमें नियमित पेयजल आपूर्ति चाहिए।,Hindi,Water,Water Supply,We need a reliable drinking water supply in Demo Village 16.,Demo Village 16,Demo District 04,13.01,76.66,0.559,2026-08-20T22:15:00+00:00,SYNTHETIC / DEMO DATA,
SYN-REQ-0156,ದಯವಿಟ್ಟು Demo Village 16 ನಲ್ಲಿ ಪದೇ ಪದೇ ವಿದ್ಯುತ್ ಕಡಿತವನ್ನು ಪರಿಹರಿಸಿ.,Kannada,Electricity,Power Supply,Please address frequent power cuts in Demo Village 16.,Demo Village 16,Demo District 04,13.01,76.66,0.543,2026-07-10T16:54:00+00:00,SYNTHETIC / DEMO DATA,
SYN-REQ-0157,We need a nearby primary health centre in Demo Village 17.,English,Healthcare,Primary Health Centre,We need a nearby primary health centre in Demo Village 17.,Demo Village 17,Demo District 04,13.035,76.7,0.469,2026-07-03T04:18:00+00:00,SYNTHETIC / DEMO DATA,
SYN-REQ-0158,Demo Village 17 में हमारे बच्चों के लिए अधिक कक्षाओं की जरूरत है।,Hindi,Education,School,Our children need more classrooms in Demo Village 17.,Demo Village 17,Demo District 04,13.035,76.7,0.595,2026-08-02T20:08:00+00:00,SYNTHETIC / DEMO DATA,
SYN-REQ-0159,ದಯವಿಟ್ಟು Demo Village 17 ನಲ್ಲಿ ಹಾಳಾದ ರಸ್ತೆಗಳನ್ನು ಸರಿಪಡಿಸಿ.,Kannada,Roads,Road Repair,Please repair the damaged roads in Demo Village 17.,Demo Village 17,Demo District 04,13.035,76.7,0.554,2026-07-22T03:25:00+00:00,SYNTHETIC / DEMO DATA,
SYN-REQ-0160,We need a reliable drinking water supply in Demo Village 17.,English,Water,Water Supply,We need a reliable drinking water supply in Demo Village 17.,Demo Village 17,Demo District 04,13.035,76.7,0.483,2026-08-25T15:01:00+00:00,SYNTHETIC / DEMO DATA,
SYN-REQ-0161,कृपया Demo Village 17 में बार-बार बिजली कटौती की समस्या दूर करें।,Hindi,Electricity,Power Supply,Please address frequent power cuts in Demo Village 17.,Demo Village 17,Demo District 04,13.035,76.7,0.499,2026-07-07T17:57:00+00:00,SYNTHETIC / DEMO DATA,
SYN-REQ-0162,Demo Village 18 ನಲ್ಲಿ ನಮಗೆ ಹತ್ತಿರದ ಪ್ರಾಥಮಿಕ ಆರೋಗ್ಯ ಕೇಂದ್ರ ಬೇಕು.,Kannada,Healthcare,Primary Health Centre,We need a nearby primary health centre in Demo Village 18.,Demo Village 18,Demo District 04,13.06,76.74,0.512,2026-08-28T15:35:00+00:00,SYNTHETIC / DEMO DATA,
SYN-REQ-0163,We need a nearby primary health centre in Demo Village 18.,English,Healthcare,Primary Health Centre,We need a nearby primary health centre in Demo Village 18.,Demo Village 18,Demo District 04,13.06,76.74,0.512,2026-07-01T04:55:00+00:00,SYNTHETIC / DEMO DATA,
SYN-REQ-0164,Demo Village 18 में हमें नजदीक प्राथमिक स्वास्थ्य केंद्र चाहिए।,Hindi,Healthcare,Primary Health Centre,We need a nearby primary health centre in Demo Village 18.,Demo Village 18,Demo District 04,13.06,76.74,0.512,2026-07-27T22:20:00+00:00,SYNTHETIC / DEMO DATA,
SYN-REQ-0165,Demo Village 18 ನಲ್ಲಿ ನಮಗೆ ಹತ್ತಿರದ ಪ್ರಾಥಮಿಕ ಆರೋಗ್ಯ ಕೇಂದ್ರ ಬೇಕು.,Kannada,Healthcare,Primary Health Centre,We need a nearby primary health centre in Demo Village 18.,Demo Village 18,Demo District 04,13.06,76.74,0.512,2026-07-10T02:33:00+00:00,SYNTHETIC / DEMO DATA,
SYN-REQ-0166,Our children need more classrooms in Demo Village 18.,English,Education,School,Our children need more classrooms in Demo Village 18.,Demo Village 18,Demo District 04,13.06,76.74,0.366,2026-07-31T09:02:00+00:00,SYNTHETIC / DEMO DATA,
SYN-REQ-0167,Demo Village 18 में हमारे बच्चों के लिए अधिक कक्षाओं की जरूरत है।,Hindi,Education,School,Our children need more classrooms in Demo Village 18.,Demo Village 18,Demo District 04,13.06,76.74,0.366,2026-07-22T21:16:00+00:00,SYNTHETIC / DEMO DATA,
SYN-REQ-0168,ದಯವಿಟ್ಟು Demo Village 18 ನಲ್ಲಿ ಹಾಳಾದ ರಸ್ತೆಗಳನ್ನು ಸರಿಪಡಿಸಿ.,Kannada,Roads,Road Repair,Please repair the damaged roads in Demo Village 18.,Demo Village 18,Demo District 04,13.06,76.74,0.443,2026-08-14T13:34:00+00:00,SYNTHETIC / DEMO DATA,
SYN-REQ-0169,Please repair the damaged roads in Demo Village 18.,English,Roads,Road Repair,Please repair the damaged roads in Demo Village 18.,Demo Village 18,Demo District 04,13.06,76.74,0.443,2026-08-11T02:44:00+00:00,SYNTHETIC / DEMO DATA,
SYN-REQ-0170,कृपया Demo Village 18 में खराब सड़कों की मरम्मत करें।,Hindi,Roads,Road Repair,Please repair the damaged roads in Demo Village 18.,Demo Village 18,Demo District 04,13.06,76.74,0.443,2026-08-24T11:12:00+00:00,SYNTHETIC / DEMO DATA,
SYN-REQ-0171,Demo Village 18 ನಲ್ಲಿ ನಮಗೆ ನಿಯಮಿತ ಕುಡಿಯುವ ನೀರಿನ ಪೂರೈಕೆ ಬೇಕು.,Kannada,Water,Water Supply,We need a reliable drinking water supply in Demo Village 18.,Demo Village 18,Demo District 04,13.06,76.74,0.53,2026-08-24T23:01:00+00:00,SYNTHETIC / DEMO DATA,
SYN-REQ-0172,We need a reliable drinking water supply in Demo Village 18.,English,Water,Water Supply,We need a reliable drinking water supply in Demo Village 18.,Demo Village 18,Demo District 04,13.06,76.74,0.53,2026-08-24T18:12:00+00:00,SYNTHETIC / DEMO DATA,
SYN-REQ-0173,Demo Village 18 में हमें नियमित पेयजल आपूर्ति चाहिए।,Hindi,Water,Water Supply,We need a reliable drinking water supply in Demo Village 18.,Demo Village 18,Demo District 04,13.06,76.74,0.53,2026-07-25T10:48:00+00:00,SYNTHETIC / DEMO DATA,
SYN-REQ-0174,Demo Village 18 ನಲ್ಲಿ ನಮಗೆ ನಿಯಮಿತ ಕುಡಿಯುವ ನೀರಿನ ಪೂರೈಕೆ ಬೇಕು.,Kannada,Water,Water Supply,We need a reliable drinking water supply in Demo Village 18.,Demo Village 18,Demo District 04,13.06,76.74,0.53,2026-08-10T16:39:00+00:00,SYNTHETIC / DEMO DATA,
SYN-REQ-0175,Please address frequent power cuts in Demo Village 18.,English,Electricity,Power Supply,Please address frequent power cuts in Demo Village 18.,Demo Village 18,Demo District 04,13.06,76.74,0.45,2026-08-25T18:28:00+00:00,SYNTHETIC / DEMO DATA,
SYN-REQ-0176,कृपया Demo Village 18 में बार-बार बिजली कटौती की समस्या दूर करें।,Hindi,Electricity,Power Supply,Please address frequent power cuts in Demo Village 18.,Demo Village 18,Demo District 04,13.06,76.74,0.45,2026-07-03T21:04:00+00:00,SYNTHETIC / DEMO DATA,
SYN-REQ-0177,ದಯವಿಟ್ಟು Demo Village 18 ನಲ್ಲಿ ಪದೇ ಪದೇ ವಿದ್ಯುತ್ ಕಡಿತವನ್ನು ಪರಿಹರಿಸಿ.,Kannada,Electricity,Power Supply,Please address frequent power cuts in Demo Village 18.,Demo Village 18,Demo District 04,13.06,76.74,0.45,2026-07-05T08:00:00+00:00,SYNTHETIC / DEMO DATA,
SYN-REQ-0178,We need a nearby primary health centre in Demo Village 19.,English,Healthcare,Primary Health Centre,We need a nearby primary health centre in Demo Village 19.,Demo Village 19,Demo District 04,13.085,76.78,0.407,2026-08-10T23:21:00+00:00,SYNTHETIC / DEMO DATA,
SYN-REQ-0179,Demo Village 19 में हमारे बच्चों के लिए अधिक कक्षाओं की जरूरत है।,Hindi,Education,School,Our children need more classrooms in Demo Village 19.,Demo Village 19,Demo District 04,13.085,76.78,0.548,2026-08-28T09:48:00+00:00,SYNTHETIC / DEMO DATA,
SYN-REQ-0180,ದಯವಿಟ್ಟು Demo Village 19 ನಲ್ಲಿ ಹಾಳಾದ ರಸ್ತೆಗಳನ್ನು ಸರಿಪಡಿಸಿ.,Kannada,Roads,Road Repair,Please repair the damaged roads in Demo Village 19.,Demo Village 19,Demo District 04,13.085,76.78,0.487,2026-07-15T03:05:00+00:00,SYNTHETIC / DEMO DATA,
SYN-REQ-0181,We need a reliable drinking water supply in Demo Village 19.,English,Water,Water Supply,We need a reliable drinking water supply in Demo Village 19.,Demo Village 19,Demo District 04,13.085,76.78,0.458,2026-07-28T03:21:00+00:00,SYNTHETIC / DEMO DATA,
SYN-REQ-0182,कृपया Demo Village 19 में बार-बार बिजली कटौती की समस्या दूर करें।,Hindi,Electricity,Power Supply,Please address frequent power cuts in Demo Village 19.,Demo Village 19,Demo District 04,13.085,76.78,0.553,2026-08-18T21:37:00+00:00,SYNTHETIC / DEMO DATA,
SYN-REQ-0183,Demo Village 20 ನಲ್ಲಿ ನಮಗೆ ಹತ್ತಿರದ ಪ್ರಾಥಮಿಕ ಆರೋಗ್ಯ ಕೇಂದ್ರ ಬೇಕು.,Kannada,Healthcare,Primary Health Centre,We need a nearby primary health centre in Demo Village 20.,Demo Village 20,Demo District 04,13.11,76.82,0.464,2026-08-15T03:25:00+00:00,SYNTHETIC / DEMO DATA,
SYN-REQ-0184,We need a nearby primary health centre in Demo Village 20.,English,Healthcare,Primary Health Centre,We need a nearby primary health centre in Demo Village 20.,Demo Village 20,Demo District 04,13.11,76.82,0.464,2026-07-29T05:40:00+00:00,SYNTHETIC / DEMO DATA,
SYN-REQ-0185,Demo Village 20 में हमें नजदीक प्राथमिक स्वास्थ्य केंद्र चाहिए।,Hindi,Healthcare,Primary Health Centre,We need a nearby primary health centre in Demo Village 20.,Demo Village 20,Demo District 04,13.11,76.82,0.464,2026-08-14T10:13:00+00:00,SYNTHETIC / DEMO DATA,
SYN-REQ-0186,Demo Village 20 ನಲ್ಲಿ ನಮ್ಮ ಮಕ್ಕಳಿಗೆ ಹೆಚ್ಚಿನ ತರಗತಿ ಕೊಠಡಿಗಳು ಬೇಕು.,Kannada,Education,School,Our children need more classrooms in Demo Village 20.,Demo Village 20,Demo District 04,13.11,76.82,0.503,2026-08-27T00:59:00+00:00,SYNTHETIC / DEMO DATA,
SYN-REQ-0187,Our children need more classrooms in Demo Village 20.,English,Education,School,Our children need more classrooms in Demo Village 20.,Demo Village 20,Demo District 04,13.11,76.82,0.503,2026-07-03T11:04:00+00:00,SYNTHETIC / DEMO DATA,
SYN-REQ-0188,Demo Village 20 में हमारे बच्चों के लिए अधिक कक्षाओं की जरूरत है।,Hindi,Education,School,Our children need more classrooms in Demo Village 20.,Demo Village 20,Demo District 04,13.11,76.82,0.503,2026-08-20T01:54:00+00:00,SYNTHETIC / DEMO DATA,
SYN-REQ-0189,ದಯವಿಟ್ಟು Demo Village 20 ನಲ್ಲಿ ಹಾಳಾದ ರಸ್ತೆಗಳನ್ನು ಸರಿಪಡಿಸಿ.,Kannada,Roads,Road Repair,Please repair the damaged roads in Demo Village 20.,Demo Village 20,Demo District 04,13.11,76.82,0.561,2026-07-19T12:14:00+00:00,SYNTHETIC / DEMO DATA,
SYN-REQ-0190,Please repair the damaged roads in Demo Village 20.,English,Roads,Road Repair,Please repair the damaged roads in Demo Village 20.,Demo Village 20,Demo District 04,13.11,76.82,0.561,2026-07-24T14:42:00+00:00,SYNTHETIC / DEMO DATA,
SYN-REQ-0191,कृपया Demo Village 20 में खराब सड़कों की मरम्मत करें।,Hindi,Roads,Road Repair,Please repair the damaged roads in Demo Village 20.,Demo Village 20,Demo District 04,13.11,76.82,0.561,2026-07-10T08:20:00+00:00,SYNTHETIC / DEMO DATA,
SYN-REQ-0192,Demo Village 20 ನಲ್ಲಿ ನಮಗೆ ನಿಯಮಿತ ಕುಡಿಯುವ ನೀರಿನ ಪೂರೈಕೆ ಬೇಕು.,Kannada,Water,Water Supply,We need a reliable drinking water supply in Demo Village 20.,Demo Village 20,Demo District 04,13.11,76.82,0.578,2026-08-03T14:03:00+00:00,SYNTHETIC / DEMO DATA,
SYN-REQ-0193,We need a reliable drinking water supply in Demo Village 20.,English,Water,Water Supply,We need a reliable drinking water supply in Demo Village 20.,Demo Village 20,Demo District 04,13.11,76.82,0.578,2026-08-06T23:16:00+00:00,SYNTHETIC / DEMO DATA,
SYN-REQ-0194,Demo Village 20 में हमें नियमित पेयजल आपूर्ति चाहिए।,Hindi,Water,Water Supply,We need a reliable drinking water supply in Demo Village 20.,Demo Village 20,Demo District 04,13.11,76.82,0.578,2026-08-20T06:08:00+00:00,SYNTHETIC / DEMO DATA,
SYN-REQ-0195,Demo Village 20 ನಲ್ಲಿ ನಮಗೆ ನಿಯಮಿತ ಕುಡಿಯುವ ನೀರಿನ ಪೂರೈಕೆ ಬೇಕು.,Kannada,Water,Water Supply,We need a reliable drinking water supply in Demo Village 20.,Demo Village 20,Demo District 04,13.11,76.82,0.578,2026-07-11T05:58:00+00:00,SYNTHETIC / DEMO DATA,
SYN-REQ-0196,Please address frequent power cuts in Demo Village 20.,English,Electricity,Power Supply,Please address frequent power cuts in Demo Village 20.,Demo Village 20,Demo District 04,13.11,76.82,0.497,2026-07-06T20:48:00+00:00,SYNTHETIC / DEMO DATA,
SYN-REQ-0197,कृपया Demo Village 20 में बार-बार बिजली कटौती की समस्या दूर करें।,Hindi,Electricity,Power Supply,Please address frequent power cuts in Demo Village 20.,Demo Village 20,Demo District 04,13.11,76.82,0.497,2026-08-25T13:03:00+00:00,SYNTHETIC / DEMO DATA,
SYN-REQ-0198,ದಯವಿಟ್ಟು Demo Village 20 ನಲ್ಲಿ ಪದೇ ಪದೇ ವಿದ್ಯುತ್ ಕಡಿತವನ್ನು ಪರಿಹರಿಸಿ.,Kannada,Electricity,Power Supply,Please address frequent power cuts in Demo Village 20.,Demo Village 20,Demo District 04,13.11,76.82,0.497,2026-08-09T23:19:00+00:00,SYNTHETIC / DEMO DATA,
SYN-REQ-0199,We need a nearby primary health centre in Demo Village 21.,English,Healthcare,Primary Health Centre,We need a nearby primary health centre in Demo Village 21.,Demo Village 21,Demo District 05,13.28,75.1,0.602,2026-07-16T16:59:00+00:00,SYNTHETIC / DEMO DATA,
SYN-REQ-0200,Demo Village 21 में हमें नजदीक प्राथमिक स्वास्थ्य केंद्र चाहिए।,Hindi,Healthcare,Primary Health Centre,We need a nearby primary health centre in Demo Village 21.,Demo Village 21,Demo District 05,13.28,75.1,0.602,2026-08-28T19:54:00+00:00,SYNTHETIC / DEMO DATA,
SYN-REQ-0201,Demo Village 21 ನಲ್ಲಿ ನಮಗೆ ಹತ್ತಿರದ ಪ್ರಾಥಮಿಕ ಆರೋಗ್ಯ ಕೇಂದ್ರ ಬೇಕು.,Kannada,Healthcare,Primary Health Centre,We need a nearby primary health centre in Demo Village 21.,Demo Village 21,Demo District 05,13.28,75.1,0.602,2026-07-10T07:55:00+00:00,SYNTHETIC / DEMO DATA,
SYN-REQ-0202,Our children need more classrooms in Demo Village 21.,English,Education,School,Our children need more classrooms in Demo Village 21.,Demo Village 21,Demo District 05,13.28,75.1,0.529,2026-07-30T21:46:00+00:00,SYNTHETIC / DEMO DATA,
SYN-REQ-0203,Demo Village 21 में हमारे बच्चों के लिए अधिक कक्षाओं की जरूरत है।,Hindi,Education,School,Our children need more classrooms in Demo Village 21.,Demo Village 21,Demo District 05,13.28,75.1,0.529,2026-07-17T15:41:00+00:00,SYNTHETIC / DEMO DATA,
SYN-REQ-0204,ದಯವಿಟ್ಟು Demo Village 21 ನಲ್ಲಿ ಹಾಳಾದ ರಸ್ತೆಗಳನ್ನು ಸರಿಪಡಿಸಿ.,Kannada,Roads,Road Repair,Please repair the damaged roads in Demo Village 21.,Demo Village 21,Demo District 05,13.28,75.1,0.557,2026-07-17T22:45:00+00:00,SYNTHETIC / DEMO DATA,
SYN-REQ-0205,Please repair the damaged roads in Demo Village 21.,English,Roads,Road Repair,Please repair the damaged roads in Demo Village 21.,Demo Village 21,Demo District 05,13.28,75.1,0.557,2026-07-01T15:52:00+00:00,SYNTHETIC / DEMO DATA,
SYN-REQ-0206,Demo Village 21 में हमें नियमित पेयजल आपूर्ति चाहिए।,Hindi,Water,Water Supply,We need a reliable drinking water supply in Demo Village 21.,Demo Village 21,Demo District 05,13.28,75.1,0.576,2026-08-27T09:49:00+00:00,SYNTHETIC / DEMO DATA,
SYN-REQ-0207,Demo Village 21 ನಲ್ಲಿ ನಮಗೆ ನಿಯಮಿತ ಕುಡಿಯುವ ನೀರಿನ ಪೂರೈಕೆ ಬೇಕು.,Kannada,Water,Water Supply,We need a reliable drinking water supply in Demo Village 21.,Demo Village 21,Demo District 05,13.28,75.1,0.576,2026-08-13T18:39:00+00:00,SYNTHETIC / DEMO DATA,
SYN-REQ-0208,Please address frequent power cuts in Demo Village 21.,English,Electricity,Power Supply,Please address frequent power cuts in Demo Village 21.,Demo Village 21,Demo District 05,13.28,75.1,0.541,2026-07-11T02:31:00+00:00,SYNTHETIC / DEMO DATA,
SYN-REQ-0209,कृपया Demo Village 21 में बार-बार बिजली कटौती की समस्या दूर करें।,Hindi,Electricity,Power Supply,Please address frequent power cuts in Demo Village 21.,Demo Village 21,Demo District 05,13.28,75.1,0.541,2026-07-29T11:47:00+00:00,SYNTHETIC / DEMO DATA,
SYN-REQ-0210,Demo Village 22 ನಲ್ಲಿ ನಮಗೆ ಹತ್ತಿರದ ಪ್ರಾಥಮಿಕ ಆರೋಗ್ಯ ಕೇಂದ್ರ ಬೇಕು.,Kannada,Healthcare,Primary Health Centre,We need a nearby primary health centre in Demo Village 22.,Demo Village 22,Demo District 05,13.305,75.14,0.31,2026-08-07T10:12:00+00:00,SYNTHETIC / DEMO DATA,
SYN-REQ-0211,Our children need more classrooms in Demo Village 22.,English,Education,School,Our children need more classrooms in Demo Village 22.,Demo Village 22,Demo District 05,13.305,75.14,0.29,2026-08-10T14:28:00+00:00,SYNTHETIC / DEMO DATA,
SYN-REQ-0212,कृपया Demo Village 22 में खराब सड़कों की मरम्मत करें।,Hindi,Roads,Road Repair,Please repair the damaged roads in Demo Village 22.,Demo Village 22,Demo District 05,13.305,75.14,0.308,2026-08-14T08:32:00+00:00,SYNTHETIC / DEMO DATA,
SYN-REQ-0213,Demo Village 22 ನಲ್ಲಿ ನಮಗೆ ನಿಯಮಿತ ಕುಡಿಯುವ ನೀರಿನ ಪೂರೈಕೆ ಬೇಕು.,Kannada,Water,Water Supply,We need a reliable drinking water supply in Demo Village 22.,Demo Village 22,Demo District 05,13.305,75.14,0.403,2026-07-30T10:18:00+00:00,SYNTHETIC / DEMO DATA,
SYN-REQ-0214,Please address frequent power cuts in Demo Village 22.,English,Electricity,Power Supply,Please address frequent power cuts in Demo Village 22.,Demo Village 22,Demo District 05,13.305,75.14,0.408,2026-07-13T13:07:00+00:00,SYNTHETIC / DEMO DATA,
SYN-REQ-0215,Demo Village 23 में हमें नजदीक प्राथमिक स्वास्थ्य केंद्र चाहिए।,Hindi,Healthcare,Primary Health Centre,We need a nearby primary health centre in Demo Village 23.,Demo Village 23,Demo District 05,13.33,75.18,0.666,2026-08-24T16:29:00+00:00,SYNTHETIC / DEMO DATA,
SYN-REQ-0216,Demo Village 23 ನಲ್ಲಿ ನಮಗೆ ಹತ್ತಿರದ ಪ್ರಾಥಮಿಕ ಆರೋಗ್ಯ ಕೇಂದ್ರ ಬೇಕು.,Kannada,Healthcare,Primary Health Centre,We need a nearby primary health centre in Demo Village 23.,Demo Village 23,Demo District 05,13.33,75.18,0.666,2026-07-07T08:05:00+00:00,SYNTHETIC / DEMO DATA,
SYN-REQ-0217,Our children need more classrooms in Demo Village 23.,English,Education,School,Our children need more classrooms in Demo Village 23.,Demo Village 23,Demo District 05,13.33,75.18,0.574,2026-07-25T19:31:00+00:00,SYNTHETIC / DEMO DATA,
SYN-REQ-0218,Demo Village 23 में हमारे बच्चों के लिए अधिक कक्षाओं की जरूरत है।,Hindi,Education,School,Our children need more classrooms in Demo Village 23.,Demo Village 23,Demo District 05,13.33,75.18,0.574,2026-07-23T19:37:00+00:00,SYNTHETIC / DEMO DATA,
SYN-REQ-0219,ದಯವಿಟ್ಟು Demo Village 23 ನಲ್ಲಿ ಹಾಳಾದ ರಸ್ತೆಗಳನ್ನು ಸರಿಪಡಿಸಿ.,Kannada,Roads,Road Repair,Please repair the damaged roads in Demo Village 23.,Demo Village 23,Demo District 05,13.33,75.18,0.682,2026-07-19T23:52:00+00:00,SYNTHETIC / DEMO DATA,
SYN-REQ-0220,Please repair the damaged roads in Demo Village 23.,English,Roads,Road Repair,Please repair the damaged roads in Demo Village 23.,Demo Village 23,Demo District 05,13.33,75.18,0.682,2026-07-19T00:44:00+00:00,SYNTHETIC / DEMO DATA,
SYN-REQ-0221,Demo Village 23 में हमें नियमित पेयजल आपूर्ति चाहिए।,Hindi,Water,Water Supply,We need a reliable drinking water supply in Demo Village 23.,Demo Village 23,Demo District 05,13.33,75.18,0.718,2026-08-23T22:28:00+00:00,SYNTHETIC / DEMO DATA,
SYN-REQ-0222,Demo Village 23 ನಲ್ಲಿ ನಮಗೆ ನಿಯಮಿತ ಕುಡಿಯುವ ನೀರಿನ ಪೂರೈಕೆ ಬೇಕು.,Kannada,Water,Water Supply,We need a reliable drinking water supply in Demo Village 23.,Demo Village 23,Demo District 05,13.33,75.18,0.718,2026-07-26T09:22:00+00:00,SYNTHETIC / DEMO DATA,
SYN-REQ-0223,Please address frequent power cuts in Demo Village 23.,English,Electricity,Power Supply,Please address frequent power cuts in Demo Village 23.,Demo Village 23,Demo District 05,13.33,75.18,0.578,2026-07-01T19:19:00+00:00,SYNTHETIC / DEMO DATA,
SYN-REQ-0224,कृपया Demo Village 23 में बार-बार बिजली कटौती की समस्या दूर करें।,Hindi,Electricity,Power Supply,Please address frequent power cuts in Demo Village 23.,Demo Village 23,Demo District 05,13.33,75.18,0.578,2026-08-25T23:24:00+00:00,SYNTHETIC / DEMO DATA,
SYN-REQ-0225,Demo Village 24 ನಲ್ಲಿ ನಮಗೆ ಹತ್ತಿರದ ಪ್ರಾಥಮಿಕ ಆರೋಗ್ಯ ಕೇಂದ್ರ ಬೇಕು.,Kannada,Healthcare,Primary Health Centre,We need a nearby primary health centre in Demo Village 24.,Demo Village 24,Demo District 05,13.355,75.22,0.562,2026-08-19T01:40:00+00:00,SYNTHETIC / DEMO DATA,
SYN-REQ-0226,We need a nearby primary health centre in Demo Village 24.,English,Healthcare,Primary Health Centre,We need a nearby primary health centre in Demo Village 24.,Demo Village 24,Demo District 05,13.355,75.22,0.562,2026-08-28T20:41:00+00:00,SYNTHETIC / DEMO DATA,
SYN-REQ-0227,Demo Village 24 में हमारे बच्चों के लिए अधिक कक्षाओं की जरूरत है।,Hindi,Education,School,Our children need more classrooms in Demo Village 24.,Demo Village 24,Demo District 05,13.355,75.22,0.51,2026-08-17T16:57:00+00:00,SYNTHETIC / DEMO DATA,
SYN-REQ-0228,ದಯವಿಟ್ಟು Demo Village 24 ನಲ್ಲಿ ಹಾಳಾದ ರಸ್ತೆಗಳನ್ನು ಸರಿಪಡಿಸಿ.,Kannada,Roads,Road Repair,Please repair the damaged roads in Demo Village 24.,Demo Village 24,Demo District 05,13.355,75.22,0.607,2026-08-23T09:46:00+00:00,SYNTHETIC / DEMO DATA,
SYN-REQ-0229,Please repair the damaged roads in Demo Village 24.,English,Roads,Road Repair,Please repair the damaged roads in Demo Village 24.,Demo Village 24,Demo District 05,13.355,75.22,0.607,2026-08-19T07:51:00+00:00,SYNTHETIC / DEMO DATA,
SYN-REQ-0230,Demo Village 24 में हमें नियमित पेयजल आपूर्ति चाहिए।,Hindi,Water,Water Supply,We need a reliable drinking water supply in Demo Village 24.,Demo Village 24,Demo District 05,13.355,75.22,0.45,2026-08-08T12:01:00+00:00,SYNTHETIC / DEMO DATA,
SYN-REQ-0231,ದಯವಿಟ್ಟು Demo Village 24 ನಲ್ಲಿ ಪದೇ ಪದೇ ವಿದ್ಯುತ್ ಕಡಿತವನ್ನು ಪರಿಹರಿಸಿ.,Kannada,Electricity,Power Supply,Please address frequent power cuts in Demo Village 24.,Demo Village 24,Demo District 05,13.355,75.22,0.511,2026-07-15T21:43:00+00:00,SYNTHETIC / DEMO DATA,
SYN-REQ-0232,Please address frequent power cuts in Demo Village 24.,English,Electricity,Power Supply,Please address frequent power cuts in Demo Village 24.,Demo Village 24,Demo District 05,13.355,75.22,0.511,2026-07-13T21:11:00+00:00,SYNTHETIC / DEMO DATA,
SYN-REQ-0233,Demo Village 25 में हमें नजदीक प्राथमिक स्वास्थ्य केंद्र चाहिए।,Hindi,Healthcare,Primary Health Centre,We need a nearby primary health centre in Demo Village 25.,Demo Village 25,Demo District 05,13.38,75.26,0.662,2026-07-17T23:08:00+00:00,SYNTHETIC / DEMO DATA,
SYN-REQ-0234,Demo Village 25 ನಲ್ಲಿ ನಮಗೆ ಹತ್ತಿರದ ಪ್ರಾಥಮಿಕ ಆರೋಗ್ಯ ಕೇಂದ್ರ ಬೇಕು.,Kannada,Healthcare,Primary Health Centre,We need a nearby primary health centre in Demo Village 25.,Demo Village 25,Demo District 05,13.38,75.26,0.662,2026-08-18T22:30:00+00:00,SYNTHETIC / DEMO DATA,
SYN-REQ-0235,We need a nearby primary health centre in Demo Village 25.,English,Healthcare,Primary Health Centre,We need a nearby primary health centre in Demo Village 25.,Demo Village 25,Demo District 05,13.38,75.26,0.662,2026-08-13T04:40:00+00:00,SYNTHETIC / DEMO DATA,
SYN-REQ-0236,Demo Village 25 में हमें नजदीक प्राथमिक स्वास्थ्य केंद्र चाहिए।,Hindi,Healthcare,Primary Health Centre,We need a nearby primary health centre in Demo Village 25.,Demo Village 25,Demo District 05,13.38,75.26,0.662,2026-08-10T03:18:00+00:00,SYNTHETIC / DEMO DATA,
SYN-REQ-0237,Demo Village 25 ನಲ್ಲಿ ನಮ್ಮ ಮಕ್ಕಳಿಗೆ ಹೆಚ್ಚಿನ ತರಗತಿ ಕೊಠಡಿಗಳು ಬೇಕು.,Kannada,Education,School,Our children need more classrooms in Demo Village 25.,Demo Village 25,Demo District 05,13.38,75.26,0.501,2026-08-27T21:25:00+00:00,SYNTHETIC / DEMO DATA,
SYN-REQ-0238,Our children need more classrooms in Demo Village 25.,English,Education,School,Our children need more classrooms in Demo Village 25.,Demo Village 25,Demo District 05,13.38,75.26,0.501,2026-08-11T01:20:00+00:00,SYNTHETIC / DEMO DATA,
SYN-REQ-0239,Demo Village 25 में हमारे बच्चों के लिए अधिक कक्षाओं की जरूरत है।,Hindi,Education,School,Our children need more classrooms in Demo Village 25.,Demo Village 25,Demo District 05,13.38,75.26,0.501,2026-07-20T15:02:00+00:00,SYNTHETIC / DEMO DATA,
SYN-REQ-0240,ದಯವಿಟ್ಟು Demo Village 25 ನಲ್ಲಿ ಹಾಳಾದ ರಸ್ತೆಗಳನ್ನು ಸರಿಪಡಿಸಿ.,Kannada,Roads,Road Repair,Please repair the damaged roads in Demo Village 25.,Demo Village 25,Demo District 05,13.38,75.26,0.662,2026-07-03T19:46:00+00:00,SYNTHETIC / DEMO DATA,
SYN-REQ-0241,Please repair the damaged roads in Demo Village 25.,English,Roads,Road Repair,Please repair the damaged roads in Demo Village 25.,Demo Village 25,Demo District 05,13.38,75.26,0.662,2026-07-24T04:29:00+00:00,SYNTHETIC / DEMO DATA,
SYN-REQ-0242,कृपया Demo Village 25 में खराब सड़कों की मरम्मत करें।,Hindi,Roads,Road Repair,Please repair the damaged roads in Demo Village 25.,Demo Village 25,Demo District 05,13.38,75.26,0.662,2026-07-06T10:04:00+00:00,SYNTHETIC / DEMO DATA,
SYN-REQ-0243,ದಯವಿಟ್ಟು Demo Village 25 ನಲ್ಲಿ ಹಾಳಾದ ರಸ್ತೆಗಳನ್ನು ಸರಿಪಡಿಸಿ.,Kannada,Roads,Road Repair,Please repair the damaged roads in Demo Village 25.,Demo Village 25,Demo District 05,13.38,75.26,0.662,2026-07-21T14:10:00+00:00,SYNTHETIC / DEMO DATA,
SYN-REQ-0244,We need a reliable drinking water supply in Demo Village 25.,English,Water,Water Supply,We need a reliable drinking water supply in Demo Village 25.,Demo Village 25,Demo District 05,13.38,75.26,0.547,2026-07-12T06:51:00+00:00,SYNTHETIC / DEMO DATA,
SYN-REQ-0245,Demo Village 25 में हमें नियमित पेयजल आपूर्ति चाहिए।,Hindi,Water,Water Supply,We need a reliable drinking water supply in Demo Village 25.,Demo Village 25,Demo District 05,13.38,75.26,0.547,2026-07-09T18:24:00+00:00,SYNTHETIC / DEMO DATA,
SYN-REQ-0246,Demo Village 25 ನಲ್ಲಿ ನಮಗೆ ನಿಯಮಿತ ಕುಡಿಯುವ ನೀರಿನ ಪೂರೈಕೆ ಬೇಕು.,Kannada,Water,Water Supply,We need a reliable drinking water supply in Demo Village 25.,Demo Village 25,Demo District 05,13.38,75.26,0.547,2026-08-26T12:29:00+00:00,SYNTHETIC / DEMO DATA,
SYN-REQ-0247,Please address frequent power cuts in Demo Village 25.,English,Electricity,Power Supply,Please address frequent power cuts in Demo Village 25.,Demo Village 25,Demo District 05,13.38,75.26,0.606,2026-08-03T17:07:00+00:00,SYNTHETIC / DEMO DATA,
SYN-REQ-0248,कृपया Demo Village 25 में बार-बार बिजली कटौती की समस्या दूर करें।,Hindi,Electricity,Power Supply,Please address frequent power cuts in Demo Village 25.,Demo Village 25,Demo District 05,13.38,75.26,0.606,2026-08-28T09:18:00+00:00,SYNTHETIC / DEMO DATA,
SYN-REQ-0249,ದಯವಿಟ್ಟು Demo Village 25 ನಲ್ಲಿ ಪದೇ ಪದೇ ವಿದ್ಯುತ್ ಕಡಿತವನ್ನು ಪರಿಹರಿಸಿ.,Kannada,Electricity,Power Supply,Please address frequent power cuts in Demo Village 25.,Demo Village 25,Demo District 05,13.38,75.26,0.606,2026-08-23T05:36:00+00:00,SYNTHETIC / DEMO DATA,
SYN-REQ-0250,We need a nearby primary health centre in Demo Village 26.,English,Healthcare,Primary Health Centre,We need a nearby primary health centre in Demo Village 26.,Demo Village 26,Demo District 06,13.55,75.62,0.422,2026-07-17T16:26:00+00:00,SYNTHETIC / DEMO DATA,
SYN-REQ-0251,Demo Village 26 में हमारे बच्चों के लिए अधिक कक्षाओं की जरूरत है।,Hindi,Education,School,Our children need more classrooms in Demo Village 26.,Demo Village 26,Demo District 06,13.55,75.62,0.559,2026-08-21T10:04:00+00:00,SYNTHETIC / DEMO DATA,
SYN-REQ-0252,Demo Village 26 ನಲ್ಲಿ ನಮ್ಮ ಮಕ್ಕಳಿಗೆ ಹೆಚ್ಚಿನ ತರಗತಿ ಕೊಠಡಿಗಳು ಬೇಕು.,Kannada,Education,School,Our children need more classrooms in Demo Village 26.,Demo Village 26,Demo District 06,13.55,75.62,0.559,2026-08-17T11:33:00+00:00,SYNTHETIC / DEMO DATA,
SYN-REQ-0253,Please repair the damaged roads in Demo Village 26.,English,Roads,Road Repair,Please repair the damaged roads in Demo Village 26.,Demo Village 26,Demo District 06,13.55,75.62,0.557,2026-08-21T03:55:00+00:00,SYNTHETIC / DEMO DATA,
SYN-REQ-0254,कृपया Demo Village 26 में खराब सड़कों की मरम्मत करें।,Hindi,Roads,Road Repair,Please repair the damaged roads in Demo Village 26.,Demo Village 26,Demo District 06,13.55,75.62,0.557,2026-07-30T02:34:00+00:00,SYNTHETIC / DEMO DATA,
SYN-REQ-0255,Demo Village 26 ನಲ್ಲಿ ನಮಗೆ ನಿಯಮಿತ ಕುಡಿಯುವ ನೀರಿನ ಪೂರೈಕೆ ಬೇಕು.,Kannada,Water,Water Supply,We need a reliable drinking water supply in Demo Village 26.,Demo Village 26,Demo District 06,13.55,75.62,0.556,2026-07-10T07:42:00+00:00,SYNTHETIC / DEMO DATA,
SYN-REQ-0256,We need a reliable drinking water supply in Demo Village 26.,English,Water,Water Supply,We need a reliable drinking water supply in Demo Village 26.,Demo Village 26,Demo District 06,13.55,75.62,0.556,2026-08-25T23:05:00+00:00,SYNTHETIC / DEMO DATA,
SYN-REQ-0257,कृपया Demo Village 26 में बार-बार बिजली कटौती की समस्या दूर करें।,Hindi,Electricity,Power Supply,Please address frequent power cuts in Demo Village 26.,Demo Village 26,Demo District 06,13.55,75.62,0.448,2026-08-16T23:01:00+00:00,SYNTHETIC / DEMO DATA,
SYN-REQ-0258,Demo Village 27 ನಲ್ಲಿ ನಮಗೆ ಹತ್ತಿರದ ಪ್ರಾಥಮಿಕ ಆರೋಗ್ಯ ಕೇಂದ್ರ ಬೇಕು.,Kannada,Healthcare,Primary Health Centre,We need a nearby primary health centre in Demo Village 27.,Demo Village 27,Demo District 06,13.575,75.66,0.497,2026-07-26T19:01:00+00:00,SYNTHETIC / DEMO DATA,
SYN-REQ-0259,We need a nearby primary health centre in Demo Village 27.,English,Healthcare,Primary Health Centre,We need a nearby primary health centre in Demo Village 27.,Demo Village 27,Demo District 06,13.575,75.66,0.497,2026-07-24T03:04:00+00:00,SYNTHETIC / DEMO DATA,
SYN-REQ-0260,Demo Village 27 में हमें नजदीक प्राथमिक स्वास्थ्य केंद्र चाहिए।,Hindi,Healthcare,Primary Health Centre,We need a nearby primary health centre in Demo Village 27.,Demo Village 27,Demo District 06,13.575,75.66,0.497,2026-08-20T13:28:00+00:00,SYNTHETIC / DEMO DATA,
SYN-REQ-0261,Demo Village 27 ನಲ್ಲಿ ನಮ್ಮ ಮಕ್ಕಳಿಗೆ ಹೆಚ್ಚಿನ ತರಗತಿ ಕೊಠಡಿಗಳು ಬೇಕು.,Kannada,Education,School,Our children need more classrooms in Demo Village 27.,Demo Village 27,Demo District 06,13.575,75.66,0.525,2026-07-01T09:01:00+00:00,SYNTHETIC / DEMO DATA,
SYN-REQ-0262,Our children need more classrooms in Demo Village 27.,English,Education,School,Our children need more classrooms in Demo Village 27.,Demo Village 27,Demo District 06,13.575,75.66,0.525,2026-08-04T04:13:00+00:00,SYNTHETIC / DEMO DATA,
SYN-REQ-0263,Demo Village 27 में हमारे बच्चों के लिए अधिक कक्षाओं की जरूरत है।,Hindi,Education,School,Our children need more classrooms in Demo Village 27.,Demo Village 27,Demo District 06,13.575,75.66,0.525,2026-07-30T12:34:00+00:00,SYNTHETIC / DEMO DATA,
SYN-REQ-0264,ದಯವಿಟ್ಟು Demo Village 27 ನಲ್ಲಿ ಹಾಳಾದ ರಸ್ತೆಗಳನ್ನು ಸರಿಪಡಿಸಿ.,Kannada,Roads,Road Repair,Please repair the damaged roads in Demo Village 27.,Demo Village 27,Demo District 06,13.575,75.66,0.39,2026-08-13T22:56:00+00:00,SYNTHETIC / DEMO DATA,
SYN-REQ-0265,Please repair the damaged roads in Demo Village 27.,English,Roads,Road Repair,Please repair the damaged roads in Demo Village 27.,Demo Village 27,Demo District 06,13.575,75.66,0.39,2026-07-17T19:57:00+00:00,SYNTHETIC / DEMO DATA,
SYN-REQ-0266,Demo Village 27 में हमें नियमित पेयजल आपूर्ति चाहिए।,Hindi,Water,Water Supply,We need a reliable drinking water supply in Demo Village 27.,Demo Village 27,Demo District 06,13.575,75.66,0.398,2026-07-25T21:47:00+00:00,SYNTHETIC / DEMO DATA,
SYN-REQ-0267,Demo Village 27 ನಲ್ಲಿ ನಮಗೆ ನಿಯಮಿತ ಕುಡಿಯುವ ನೀರಿನ ಪೂರೈಕೆ ಬೇಕು.,Kannada,Water,Water Supply,We need a reliable drinking water supply in Demo Village 27.,Demo Village 27,Demo District 06,13.575,75.66,0.398,2026-07-24T03:41:00+00:00,SYNTHETIC / DEMO DATA,
SYN-REQ-0268,Please address frequent power cuts in Demo Village 27.,English,Electricity,Power Supply,Please address frequent power cuts in Demo Village 27.,Demo Village 27,Demo District 06,13.575,75.66,0.49,2026-08-13T07:58:00+00:00,SYNTHETIC / DEMO DATA,
SYN-REQ-0269,कृपया Demo Village 27 में बार-बार बिजली कटौती की समस्या दूर करें।,Hindi,Electricity,Power Supply,Please address frequent power cuts in Demo Village 27.,Demo Village 27,Demo District 06,13.575,75.66,0.49,2026-07-31T00:51:00+00:00,SYNTHETIC / DEMO DATA,
SYN-REQ-0270,Demo Village 28 ನಲ್ಲಿ ನಮಗೆ ಹತ್ತಿರದ ಪ್ರಾಥಮಿಕ ಆರೋಗ್ಯ ಕೇಂದ್ರ ಬೇಕು.,Kannada,Healthcare,Primary Health Centre,We need a nearby primary health centre in Demo Village 28.,Demo Village 28,Demo District 06,13.6,75.7,0.445,2026-08-09T19:09:00+00:00,SYNTHETIC / DEMO DATA,
SYN-REQ-0271,Our children need more classrooms in Demo Village 28.,English,Education,School,Our children need more classrooms in Demo Village 28.,Demo Village 28,Demo District 06,13.6,75.7,0.504,2026-07-21T20:49:00+00:00,SYNTHETIC / DEMO DATA,
SYN-REQ-0272,कृपया Demo Village 28 में खराब सड़कों की मरम्मत करें।,Hindi,Roads,Road Repair,Please repair the damaged roads in Demo Village 28.,Demo Village 28,Demo District 06,13.6,75.7,0.453,2026-07-15T22:06:00+00:00,SYNTHETIC / DEMO DATA,
SYN-REQ-0273,Demo Village 28 ನಲ್ಲಿ ನಮಗೆ ನಿಯಮಿತ ಕುಡಿಯುವ ನೀರಿನ ಪೂರೈಕೆ ಬೇಕು.,Kannada,Water,Water Supply,We need a reliable drinking water supply in Demo Village 28.,Demo Village 28,Demo District 06,13.6,75.7,0.394,2026-07-05T21:41:00+00:00,SYNTHETIC / DEMO DATA,
SYN-REQ-0274,Please address frequent power cuts in Demo Village 28.,English,Electricity,Power Supply,Please address frequent power cuts in Demo Village 28.,Demo Village 28,Demo District 06,13.6,75.7,0.457,2026-08-22T15:50:00+00:00,SYNTHETIC / DEMO DATA,
SYN-REQ-0275,Demo Village 29 में हमें नजदीक प्राथमिक स्वास्थ्य केंद्र चाहिए।,Hindi,Healthcare,Primary Health Centre,We need a nearby primary health centre in Demo Village 29.,Demo Village 29,Demo District 06,13.625,75.74,0.326,2026-08-28T23:55:00+00:00,SYNTHETIC / DEMO DATA,
SYN-REQ-0276,Demo Village 29 ನಲ್ಲಿ ನಮ್ಮ ಮಕ್ಕಳಿಗೆ ಹೆಚ್ಚಿನ ತರಗತಿ ಕೊಠಡಿಗಳು ಬೇಕು.,Kannada,Education,School,Our children need more classrooms in Demo Village 29.,Demo Village 29,Demo District 06,13.625,75.74,0.295,2026-07-20T22:09:00+00:00,SYNTHETIC / DEMO DATA,
SYN-REQ-0277,Please repair the damaged roads in Demo Village 29.,English,Roads,Road Repair,Please repair the damaged roads in Demo Village 29.,Demo Village 29,Demo District 06,13.625,75.74,0.317,2026-07-27T03:58:00+00:00,SYNTHETIC / DEMO DATA,
SYN-REQ-0278,Demo Village 29 में हमें नियमित पेयजल आपूर्ति चाहिए।,Hindi,Water,Water Supply,We need a reliable drinking water supply in Demo Village 29.,Demo Village 29,Demo District 06,13.625,75.74,0.282,2026-07-09T01:32:00+00:00,SYNTHETIC / DEMO DATA,
SYN-REQ-0279,ದಯವಿಟ್ಟು Demo Village 29 ನಲ್ಲಿ ಪದೇ ಪದೇ ವಿದ್ಯುತ್ ಕಡಿತವನ್ನು ಪರಿಹರಿಸಿ.,Kannada,Electricity,Power Supply,Please address frequent power cuts in Demo Village 29.,Demo Village 29,Demo District 06,13.625,75.74,0.27,2026-07-03T10:23:00+00:00,SYNTHETIC / DEMO DATA,
SYN-REQ-0280,We need a nearby primary health centre in Demo Village 30.,English,Healthcare,Primary Health Centre,We need a nearby primary health centre in Demo Village 30.,Demo Village 30,Demo District 06,13.65,75.78,0.466,2026-08-01T03:57:00+00:00,SYNTHETIC / DEMO DATA,
SYN-REQ-0281,Demo Village 30 में हमें नजदीक प्राथमिक स्वास्थ्य केंद्र चाहिए।,Hindi,Healthcare,Primary Health Centre,We need a nearby primary health centre in Demo Village 30.,Demo Village 30,Demo District 06,13.65,75.78,0.466,2026-07-07T08:00:00+00:00,SYNTHETIC / DEMO DATA,
SYN-REQ-0282,Demo Village 30 ನಲ್ಲಿ ನಮಗೆ ಹತ್ತಿರದ ಪ್ರಾಥಮಿಕ ಆರೋಗ್ಯ ಕೇಂದ್ರ ಬೇಕು.,Kannada,Healthcare,Primary Health Centre,We need a nearby primary health centre in Demo Village 30.,Demo Village 30,Demo District 06,13.65,75.78,0.466,2026-08-26T18:20:00+00:00,SYNTHETIC / DEMO DATA,
SYN-REQ-0283,Our children need more classrooms in Demo Village 30.,English,Education,School,Our children need more classrooms in Demo Village 30.,Demo Village 30,Demo District 06,13.65,75.78,0.442,2026-07-09T13:15:00+00:00,SYNTHETIC / DEMO DATA,
SYN-REQ-0284,Demo Village 30 में हमारे बच्चों के लिए अधिक कक्षाओं की जरूरत है।,Hindi,Education,School,Our children need more classrooms in Demo Village 30.,Demo Village 30,Demo District 06,13.65,75.78,0.442,2026-07-30T12:39:00+00:00,SYNTHETIC / DEMO DATA,
SYN-REQ-0285,Demo Village 30 ನಲ್ಲಿ ನಮ್ಮ ಮಕ್ಕಳಿಗೆ ಹೆಚ್ಚಿನ ತರಗತಿ ಕೊಠಡಿಗಳು ಬೇಕು.,Kannada,Education,School,Our children need more classrooms in Demo Village 30.,Demo Village 30,Demo District 06,13.65,75.78,0.442,2026-08-12T23:46:00+00:00,SYNTHETIC / DEMO DATA,
SYN-REQ-0286,Please repair the damaged roads in Demo Village 30.,English,Roads,Road Repair,Please repair the damaged roads in Demo Village 30.,Demo Village 30,Demo District 06,13.65,75.78,0.576,2026-08-04T14:18:00+00:00,SYNTHETIC / DEMO DATA,
SYN-REQ-0287,कृपया Demo Village 30 में खराब सड़कों की मरम्मत करें।,Hindi,Roads,Road Repair,Please repair the damaged roads in Demo Village 30.,Demo Village 30,Demo District 06,13.65,75.78,0.576,2026-08-07T05:16:00+00:00,SYNTHETIC / DEMO DATA,
SYN-REQ-0288,ದಯವಿಟ್ಟು Demo Village 30 ನಲ್ಲಿ ಹಾಳಾದ ರಸ್ತೆಗಳನ್ನು ಸರಿಪಡಿಸಿ.,Kannada,Roads,Road Repair,Please repair the damaged roads in Demo Village 30.,Demo Village 30,Demo District 06,13.65,75.78,0.576,2026-08-26T14:09:00+00:00,SYNTHETIC / DEMO DATA,
SYN-REQ-0289,Please repair the damaged roads in Demo Village 30.,English,Roads,Road Repair,Please repair the damaged roads in Demo Village 30.,Demo Village 30,Demo District 06,13.65,75.78,0.576,2026-08-11T03:22:00+00:00,SYNTHETIC / DEMO DATA,
SYN-REQ-0290,Demo Village 30 में हमें नियमित पेयजल आपूर्ति चाहिए।,Hindi,Water,Water Supply,We need a reliable drinking water supply in Demo Village 30.,Demo Village 30,Demo District 06,13.65,75.78,0.441,2026-08-23T16:42:00+00:00,SYNTHETIC / DEMO DATA,
SYN-REQ-0291,Demo Village 30 ನಲ್ಲಿ ನಮಗೆ ನಿಯಮಿತ ಕುಡಿಯುವ ನೀರಿನ ಪೂರೈಕೆ ಬೇಕು.,Kannada,Water,Water Supply,We need a reliable drinking water supply in Demo Village 30.,Demo Village 30,Demo District 06,13.65,75.78,0.441,2026-08-09T13:55:00+00:00,SYNTHETIC / DEMO DATA,
SYN-REQ-0292,We need a reliable drinking water supply in Demo Village 30.,English,Water,Water Supply,We need a reliable drinking water supply in Demo Village 30.,Demo Village 30,Demo District 06,13.65,75.78,0.441,2026-07-18T01:07:00+00:00,SYNTHETIC / DEMO DATA,
SYN-REQ-0293,कृपया Demo Village 30 में बार-बार बिजली कटौती की समस्या दूर करें।,Hindi,Electricity,Power Supply,Please address frequent power cuts in Demo Village 30.,Demo Village 30,Demo District 06,13.65,75.78,0.499,2026-08-14T12:38:00+00:00,SYNTHETIC / DEMO DATA,
SYN-REQ-0294,ದಯವಿಟ್ಟು Demo Village 30 ನಲ್ಲಿ ಪದೇ ಪದೇ ವಿದ್ಯುತ್ ಕಡಿತವನ್ನು ಪರಿಹರಿಸಿ.,Kannada,Electricity,Power Supply,Please address frequent power cuts in Demo Village 30.,Demo Village 30,Demo District 06,13.65,75.78,0.499,2026-07-14T15:08:00+00:00,SYNTHETIC / DEMO DATA,
SYN-REQ-0295,Please address frequent power cuts in Demo Village 30.,English,Electricity,Power Supply,Please address frequent power cuts in Demo Village 30.,Demo Village 30,Demo District 06,13.65,75.78,0.499,2026-07-29T08:03:00+00:00,SYNTHETIC / DEMO DATA,
SYN-REQ-0296,Demo Village 31 में हमें नजदीक प्राथमिक स्वास्थ्य केंद्र चाहिए।,Hindi,Healthcare,Primary Health Centre,We need a nearby primary health centre in Demo Village 31.,Demo Village 31,Demo District 07,13.82,76.14,0.697,2026-08-24T12:22:00+00:00,SYNTHETIC / DEMO DATA,
SYN-REQ-0297,Demo Village 31 ನಲ್ಲಿ ನಮ್ಮ ಮಕ್ಕಳಿಗೆ ಹೆಚ್ಚಿನ ತರಗತಿ ಕೊಠಡಿಗಳು ಬೇಕು.,Kannada,Education,School,Our children need more classrooms in Demo Village 31.,Demo Village 31,Demo District 07,13.82,76.14,0.68,2026-07-07T23:24:00+00:00,SYNTHETIC / DEMO DATA,
SYN-REQ-0298,Please repair the damaged roads in Demo Village 31.,English,Roads,Road Repair,Please repair the damaged roads in Demo Village 31.,Demo Village 31,Demo District 07,13.82,76.14,0.73,2026-07-24T18:35:00+00:00,SYNTHETIC / DEMO DATA,
SYN-REQ-0299,Demo Village 31 में हमें नियमित पेयजल आपूर्ति चाहिए।,Hindi,Water,Water Supply,We need a reliable drinking water supply in Demo Village 31.,Demo Village 31,Demo District 07,13.82,76.14,0.584,2026-08-27T22:00:00+00:00,SYNTHETIC / DEMO DATA,
SYN-REQ-0300,ದಯವಿಟ್ಟು Demo Village 31 ನಲ್ಲಿ ಪದೇ ಪದೇ ವಿದ್ಯುತ್ ಕಡಿತವನ್ನು ಪರಿಹರಿಸಿ.,Kannada,Electricity,Power Supply,Please address frequent power cuts in Demo Village 31.,Demo Village 31,Demo District 07,13.82,76.14,0.59,2026-07-23T02:04:00+00:00,SYNTHETIC / DEMO DATA,
SYN-REQ-0301,We need a nearby primary health centre in Demo Village 32.,English,Healthcare,Primary Health Centre,We need a nearby primary health centre in Demo Village 32.,Demo Village 32,Demo District 07,13.845,76.18,0.411,2026-07-26T09:25:00+00:00,SYNTHETIC / DEMO DATA,
SYN-REQ-0302,Demo Village 32 में हमारे बच्चों के लिए अधिक कक्षाओं की जरूरत है।,Hindi,Education,School,Our children need more classrooms in Demo Village 32.,Demo Village 32,Demo District 07,13.845,76.18,0.324,2026-07-13T04:10:00+00:00,SYNTHETIC / DEMO DATA,
SYN-REQ-0303,ದಯವಿಟ್ಟು Demo Village 32 ನಲ್ಲಿ ಹಾಳಾದ ರಸ್ತೆಗಳನ್ನು ಸರಿಪಡಿಸಿ.,Kannada,Roads,Road Repair,Please repair the damaged roads in Demo Village 32.,Demo Village 32,Demo District 07,13.845,76.18,0.408,2026-08-24T15:31:00+00:00,SYNTHETIC / DEMO DATA,
SYN-REQ-0304,We need a reliable drinking water supply in Demo Village 32.,English,Water,Water Supply,We need a reliable drinking water supply in Demo Village 32.,Demo Village 32,Demo District 07,13.845,76.18,0.344,2026-07-06T22:37:00+00:00,SYNTHETIC / DEMO DATA,
SYN-REQ-0305,कृपया Demo Village 32 में बार-बार बिजली कटौती की समस्या दूर करें।,Hindi,Electricity,Power Supply,Please address frequent power cuts in Demo Village 32.,Demo Village 32,Demo District 07,13.845,76.18,0.323,2026-07-14T21:54:00+00:00,SYNTHETIC / DEMO DATA,
SYN-REQ-0306,Demo Village 33 ನಲ್ಲಿ ನಮಗೆ ಹತ್ತಿರದ ಪ್ರಾಥಮಿಕ ಆರೋಗ್ಯ ಕೇಂದ್ರ ಬೇಕು.,Kannada,Healthcare,Primary Health Centre,We need a nearby primary health centre in Demo Village 33.,Demo Village 33,Demo District 07,13.87,76.22,0.674,2026-08-10T20:22:00+00:00,SYNTHETIC / DEMO DATA,
SYN-REQ-0307,We need a nearby primary health centre in Demo Village 33.,English,Healthcare,Primary Health Centre,We need a nearby primary health centre in Demo Village 33.,Demo Village 33,Demo District 07,13.87,76.22,0.674,2026-07-02T01:43:00+00:00,SYNTHETIC / DEMO DATA,
SYN-REQ-0308,Demo Village 33 में हमें नजदीक प्राथमिक स्वास्थ्य केंद्र चाहिए।,Hindi,Healthcare,Primary Health Centre,We need a nearby primary health centre in Demo Village 33.,Demo Village 33,Demo District 07,13.87,76.22,0.674,2026-08-20T11:23:00+00:00,SYNTHETIC / DEMO DATA,
SYN-REQ-0309,Demo Village 33 ನಲ್ಲಿ ನಮಗೆ ಹತ್ತಿರದ ಪ್ರಾಥಮಿಕ ಆರೋಗ್ಯ ಕೇಂದ್ರ ಬೇಕು.,Kannada,Healthcare,Primary Health Centre,We need a nearby primary health centre in Demo Village 33.,Demo Village 33,Demo District 07,13.87,76.22,0.674,2026-07-16T04:17:00+00:00,SYNTHETIC / DEMO DATA,
SYN-REQ-0310,We need a nearby primary health centre in Demo Village 33.,English,Healthcare,Primary Health Centre,We need a nearby primary health centre in Demo Village 33.,Demo Village 33,Demo District 07,13.87,76.22,0.674,2026-08-20T19:16:00+00:00,SYNTHETIC / DEMO DATA,
SYN-REQ-0311,Demo Village 33 में हमारे बच्चों के लिए अधिक कक्षाओं की जरूरत है।,Hindi,Education,School,Our children need more classrooms in Demo Village 33.,Demo Village 33,Demo District 07,13.87,76.22,0.707,2026-07-14T02:20:00+00:00,SYNTHETIC / DEMO DATA,
SYN-REQ-0312,Demo Village 33 ನಲ್ಲಿ ನಮ್ಮ ಮಕ್ಕಳಿಗೆ ಹೆಚ್ಚಿನ ತರಗತಿ ಕೊಠಡಿಗಳು ಬೇಕು.,Kannada,Education,School,Our children need more classrooms in Demo Village 33.,Demo Village 33,Demo District 07,13.87,76.22,0.707,2026-08-23T18:55:00+00:00,SYNTHETIC / DEMO DATA,
SYN-REQ-0313,Our children need more classrooms in Demo Village 33.,English,Education,School,Our children need more classrooms in Demo Village 33.,Demo Village 33,Demo District 07,13.87,76.22,0.707,2026-07-14T20:00:00+00:00,SYNTHETIC / DEMO DATA,
SYN-REQ-0314,Demo Village 33 में हमारे बच्चों के लिए अधिक कक्षाओं की जरूरत है।,Hindi,Education,School,Our children need more classrooms in Demo Village 33.,Demo Village 33,Demo District 07,13.87,76.22,0.707,2026-07-14T07:57:00+00:00,SYNTHETIC / DEMO DATA,
SYN-REQ-0315,Demo Village 33 ನಲ್ಲಿ ನಮ್ಮ ಮಕ್ಕಳಿಗೆ ಹೆಚ್ಚಿನ ತರಗತಿ ಕೊಠಡಿಗಳು ಬೇಕು.,Kannada,Education,School,Our children need more classrooms in Demo Village 33.,Demo Village 33,Demo District 07,13.87,76.22,0.707,2026-07-22T05:02:00+00:00,SYNTHETIC / DEMO DATA,
SYN-REQ-0316,Our children need more classrooms in Demo Village 33.,English,Education,School,Our children need more classrooms in Demo Village 33.,Demo Village 33,Demo District 07,13.87,76.22,0.707,2026-08-20T20:20:00+00:00,SYNTHETIC / DEMO DATA,
SYN-REQ-0317,कृपया Demo Village 33 में खराब सड़कों की मरम्मत करें।,Hindi,Roads,Road Repair,Please repair the damaged roads in Demo Village 33.,Demo Village 33,Demo District 07,13.87,76.22,0.632,2026-07-01T09:27:00+00:00,SYNTHETIC / DEMO DATA,
SYN-REQ-0318,ದಯವಿಟ್ಟು Demo Village 33 ನಲ್ಲಿ ಹಾಳಾದ ರಸ್ತೆಗಳನ್ನು ಸರಿಪಡಿಸಿ.,Kannada,Roads,Road Repair,Please repair the damaged roads in Demo Village 33.,Demo Village 33,Demo District 07,13.87,76.22,0.632,2026-08-24T04:56:00+00:00,SYNTHETIC / DEMO DATA,
SYN-REQ-0319,Please repair the damaged roads in Demo Village 33.,English,Roads,Road Repair,Please repair the damaged roads in Demo Village 33.,Demo Village 33,Demo District 07,13.87,76.22,0.632,2026-07-09T18:26:00+00:00,SYNTHETIC / DEMO DATA,
SYN-REQ-0320,कृपया Demo Village 33 में खराब सड़कों की मरम्मत करें।,Hindi,Roads,Road Repair,Please repair the damaged roads in Demo Village 33.,Demo Village 33,Demo District 07,13.87,76.22,0.632,2026-07-17T05:57:00+00:00,SYNTHETIC / DEMO DATA,
SYN-REQ-0321,ದಯವಿಟ್ಟು Demo Village 33 ನಲ್ಲಿ ಹಾಳಾದ ರಸ್ತೆಗಳನ್ನು ಸರಿಪಡಿಸಿ.,Kannada,Roads,Road Repair,Please repair the damaged roads in Demo Village 33.,Demo Village 33,Demo District 07,13.87,76.22,0.632,2026-07-08T22:33:00+00:00,SYNTHETIC / DEMO DATA,
SYN-REQ-0322,We need a reliable drinking water supply in Demo Village 33.,English,Water,Water Supply,We need a reliable drinking water supply in Demo Village 33.,Demo Village 33,Demo District 07,13.87,76.22,0.727,2026-08-25T00:52:00+00:00,SYNTHETIC / DEMO DATA,
SYN-REQ-0323,Demo Village 33 में हमें नियमित पेयजल आपूर्ति चाहिए।,Hindi,Water,Water Supply,We need a reliable drinking water supply in Demo Village 33.,Demo Village 33,Demo District 07,13.87,76.22,0.727,2026-07-09T00:30:00+00:00,SYNTHETIC / DEMO DATA,
SYN-REQ-0324,Demo Village 33 ನಲ್ಲಿ ನಮಗೆ ನಿಯಮಿತ ಕುಡಿಯುವ ನೀರಿನ ಪೂರೈಕೆ ಬೇಕು.,Kannada,Water,Water Supply,We need a reliable drinking water supply in Demo Village 33.,Demo Village 33,Demo District 07,13.87,76.22,0.727,2026-07-23T08:07:00+00:00,SYNTHETIC / DEMO DATA,
SYN-REQ-0325,We need a reliable drinking water supply in Demo Village 33.,English,Water,Water Supply,We need a reliable drinking water supply in Demo Village 33.,Demo Village 33,Demo District 07,13.87,76.22,0.727,2026-08-07T11:03:00+00:00,SYNTHETIC / DEMO DATA,
SYN-REQ-0326,Demo Village 33 में हमें नियमित पेयजल आपूर्ति चाहिए।,Hindi,Water,Water Supply,We need a reliable drinking water supply in Demo Village 33.,Demo Village 33,Demo District 07,13.87,76.22,0.727,2026-07-02T05:56:00+00:00,SYNTHETIC / DEMO DATA,
SYN-REQ-0327,Demo Village 33 ನಲ್ಲಿ ನಮಗೆ ನಿಯಮಿತ ಕುಡಿಯುವ ನೀರಿನ ಪೂರೈಕೆ ಬೇಕು.,Kannada,Water,Water Supply,We need a reliable drinking water supply in Demo Village 33.,Demo Village 33,Demo District 07,13.87,76.22,0.727,2026-07-17T01:47:00+00:00,SYNTHETIC / DEMO DATA,
SYN-REQ-0328,Please address frequent power cuts in Demo Village 33.,English,Electricity,Power Supply,Please address frequent power cuts in Demo Village 33.,Demo Village 33,Demo District 07,13.87,76.22,0.757,2026-07-09T14:22:00+00:00,SYNTHETIC / DEMO DATA,
SYN-REQ-0329,कृपया Demo Village 33 में बार-बार बिजली कटौती की समस्या दूर करें।,Hindi,Electricity,Power Supply,Please address frequent power cuts in Demo Village 33.,Demo Village 33,Demo District 07,13.87,76.22,0.757,2026-08-03T03:52:00+00:00,SYNTHETIC / DEMO DATA,
SYN-REQ-0330,ದಯವಿಟ್ಟು Demo Village 33 ನಲ್ಲಿ ಪದೇ ಪದೇ ವಿದ್ಯುತ್ ಕಡಿತವನ್ನು ಪರಿಹರಿಸಿ.,Kannada,Electricity,Power Supply,Please address frequent power cuts in Demo Village 33.,Demo Village 33,Demo District 07,13.87,76.22,0.757,2026-08-17T02:10:00+00:00,SYNTHETIC / DEMO DATA,
SYN-REQ-0331,Please address frequent power cuts in Demo Village 33.,English,Electricity,Power Supply,Please address frequent power cuts in Demo Village 33.,Demo Village 33,Demo District 07,13.87,76.22,0.757,2026-07-31T15:18:00+00:00,SYNTHETIC / DEMO DATA,
SYN-REQ-0332,कृपया Demo Village 33 में बार-बार बिजली कटौती की समस्या दूर करें।,Hindi,Electricity,Power Supply,Please address frequent power cuts in Demo Village 33.,Demo Village 33,Demo District 07,13.87,76.22,0.757,2026-08-19T12:21:00+00:00,SYNTHETIC / DEMO DATA,
SYN-REQ-0333,ದಯವಿಟ್ಟು Demo Village 33 ನಲ್ಲಿ ಪದೇ ಪದೇ ವಿದ್ಯುತ್ ಕಡಿತವನ್ನು ಪರಿಹರಿಸಿ.,Kannada,Electricity,Power Supply,Please address frequent power cuts in Demo Village 33.,Demo Village 33,Demo District 07,13.87,76.22,0.757,2026-08-02T20:15:00+00:00,SYNTHETIC / DEMO DATA,
SYN-REQ-0334,We need a nearby primary health centre in Demo Village 34.,English,Healthcare,Primary Health Centre,We need a nearby primary health centre in Demo Village 34.,Demo Village 34,Demo District 07,13.895,76.26,0.444,2026-07-07T15:25:00+00:00,SYNTHETIC / DEMO DATA,
SYN-REQ-0335,Demo Village 34 में हमें नजदीक प्राथमिक स्वास्थ्य केंद्र चाहिए।,Hindi,Healthcare,Primary Health Centre,We need a nearby primary health centre in Demo Village 34.,Demo Village 34,Demo District 07,13.895,76.26,0.444,2026-08-02T07:33:00+00:00,SYNTHETIC / DEMO DATA,
SYN-REQ-0336,Demo Village 34 ನಲ್ಲಿ ನಮ್ಮ ಮಕ್ಕಳಿಗೆ ಹೆಚ್ಚಿನ ತರಗತಿ ಕೊಠಡಿಗಳು ಬೇಕು.,Kannada,Education,School,Our children need more classrooms in Demo Village 34.,Demo Village 34,Demo District 07,13.895,76.26,0.422,2026-08-09T01:28:00+00:00,SYNTHETIC / DEMO DATA,
SYN-REQ-0337,Our children need more classrooms in Demo Village 34.,English,Education,School,Our children need more classrooms in Demo Village 34.,Demo Village 34,Demo District 07,13.895,76.26,0.422,2026-08-16T22:29:00+00:00,SYNTHETIC / DEMO DATA,
SYN-REQ-0338,कृपया Demo Village 34 में खराब सड़कों की मरम्मत करें।,Hindi,Roads,Road Repair,Please repair the damaged roads in Demo Village 34.,Demo Village 34,Demo District 07,13.895,76.26,0.457,2026-08-03T10:17:00+00:00,SYNTHETIC / DEMO DATA,
SYN-REQ-0339,ದಯವಿಟ್ಟು Demo Village 34 ನಲ್ಲಿ ಹಾಳಾದ ರಸ್ತೆಗಳನ್ನು ಸರಿಪಡಿಸಿ.,Kannada,Roads,Road Repair,Please repair the damaged roads in Demo Village 34.,Demo Village 34,Demo District 07,13.895,76.26,0.457,2026-07-30T21:57:00+00:00,SYNTHETIC / DEMO DATA,
SYN-REQ-0340,We need a reliable drinking water supply in Demo Village 34.,English,Water,Water Supply,We need a reliable drinking water supply in Demo Village 34.,Demo Village 34,Demo District 07,13.895,76.26,0.499,2026-07-02T02:04:00+00:00,SYNTHETIC / DEMO DATA,
SYN-REQ-0341,Demo Village 34 में हमें नियमित पेयजल आपूर्ति चाहिए।,Hindi,Water,Water Supply,We need a reliable drinking water supply in Demo Village 34.,Demo Village 34,Demo District 07,13.895,76.26,0.499,2026-07-31T13:42:00+00:00,SYNTHETIC / DEMO DATA,
SYN-REQ-0342,ದಯವಿಟ್ಟು Demo Village 34 ನಲ್ಲಿ ಪದೇ ಪದೇ ವಿದ್ಯುತ್ ಕಡಿತವನ್ನು ಪರಿಹರಿಸಿ.,Kannada,Electricity,Power Supply,Please address frequent power cuts in Demo Village 34.,Demo Village 34,Demo District 07,13.895,76.26,0.365,2026-07-28T23:25:00+00:00,SYNTHETIC / DEMO DATA,
SYN-REQ-0343,We need a nearby primary health centre in Demo Village 35.,English,Healthcare,Primary Health Centre,We need a nearby primary health centre in Demo Village 35.,Demo Village 35,Demo District 07,13.92,76.3,0.654,2026-07-07T16:44:00+00:00,SYNTHETIC / DEMO DATA,
SYN-REQ-0344,Demo Village 35 में हमारे बच्चों के लिए अधिक कक्षाओं की जरूरत है।,Hindi,Education,School,Our children need more classrooms in Demo Village 35.,Demo Village 35,Demo District 07,13.92,76.3,0.715,2026-08-15T15:08:00+00:00,SYNTHETIC / DEMO DATA,
SYN-REQ-0345,ದಯವಿಟ್ಟು Demo Village 35 ನಲ್ಲಿ ಹಾಳಾದ ರಸ್ತೆಗಳನ್ನು ಸರಿಪಡಿಸಿ.,Kannada,Roads,Road Repair,Please repair the damaged roads in Demo Village 35.,Demo Village 35,Demo District 07,13.92,76.3,0.633,2026-07-05T02:45:00+00:00,SYNTHETIC / DEMO DATA,
SYN-REQ-0346,We need a reliable drinking water supply in Demo Village 35.,English,Water,Water Supply,We need a reliable drinking water supply in Demo Village 35.,Demo Village 35,Demo District 07,13.92,76.3,0.774,2026-07-21T20:45:00+00:00,SYNTHETIC / DEMO DATA,
SYN-REQ-0347,कृपया Demo Village 35 में बार-बार बिजली कटौती की समस्या दूर करें।,Hindi,Electricity,Power Supply,Please address frequent power cuts in Demo Village 35.,Demo Village 35,Demo District 07,13.92,76.3,0.703,2026-07-10T02:14:00+00:00,SYNTHETIC / DEMO DATA,
SYN-REQ-0348,Demo Village 36 ನಲ್ಲಿ ನಮಗೆ ಹತ್ತಿರದ ಪ್ರಾಥಮಿಕ ಆರೋಗ್ಯ ಕೇಂದ್ರ ಬೇಕು.,Kannada,Healthcare,Primary Health Centre,We need a nearby primary health centre in Demo Village 36.,Demo Village 36,Demo District 08,14.09,76.66,0.411,2026-07-09T09:23:00+00:00,SYNTHETIC / DEMO DATA,
SYN-REQ-0349,Our children need more classrooms in Demo Village 36.,English,Education,School,Our children need more classrooms in Demo Village 36.,Demo Village 36,Demo District 08,14.09,76.66,0.431,2026-08-09T21:36:00+00:00,SYNTHETIC / DEMO DATA,
SYN-REQ-0350,कृपया Demo Village 36 में खराब सड़कों की मरम्मत करें।,Hindi,Roads,Road Repair,Please repair the damaged roads in Demo Village 36.,Demo Village 36,Demo District 08,14.09,76.66,0.423,2026-08-07T18:43:00+00:00,SYNTHETIC / DEMO DATA,
SYN-REQ-0351,Demo Village 36 ನಲ್ಲಿ ನಮಗೆ ನಿಯಮಿತ ಕುಡಿಯುವ ನೀರಿನ ಪೂರೈಕೆ ಬೇಕು.,Kannada,Water,Water Supply,We need a reliable drinking water supply in Demo Village 36.,Demo Village 36,Demo District 08,14.09,76.66,0.388,2026-08-15T11:05:00+00:00,SYNTHETIC / DEMO DATA,
SYN-REQ-0352,Please address frequent power cuts in Demo Village 36.,English,Electricity,Power Supply,Please address frequent power cuts in Demo Village 36.,Demo Village 36,Demo District 08,14.09,76.66,0.475,2026-07-25T20:23:00+00:00,SYNTHETIC / DEMO DATA,
SYN-REQ-0353,Demo Village 37 में हमें नजदीक प्राथमिक स्वास्थ्य केंद्र चाहिए।,Hindi,Healthcare,Primary Health Centre,We need a nearby primary health centre in Demo Village 37.,Demo Village 37,Demo District 08,14.115,76.7,0.384,2026-08-03T10:03:00+00:00,SYNTHETIC / DEMO DATA,
SYN-REQ-0354,Demo Village 37 ನಲ್ಲಿ ನಮಗೆ ಹತ್ತಿರದ ಪ್ರಾಥಮಿಕ ಆರೋಗ್ಯ ಕೇಂದ್ರ ಬೇಕು.,Kannada,Healthcare,Primary Health Centre,We need a nearby primary health centre in Demo Village 37.,Demo Village 37,Demo District 08,14.115,76.7,0.384,2026-07-30T17:15:00+00:00,SYNTHETIC / DEMO DATA,
SYN-REQ-0355,Our children need more classrooms in Demo Village 37.,English,Education,School,Our children need more classrooms in Demo Village 37.,Demo Village 37,Demo District 08,14.115,76.7,0.392,2026-08-08T14:41:00+00:00,SYNTHETIC / DEMO DATA,
SYN-REQ-0356,Demo Village 37 में हमारे बच्चों के लिए अधिक कक्षाओं की जरूरत है।,Hindi,Education,School,Our children need more classrooms in Demo Village 37.,Demo Village 37,Demo District 08,14.115,76.7,0.392,2026-07-07T23:57:00+00:00,SYNTHETIC / DEMO DATA,
SYN-REQ-0357,ದಯವಿಟ್ಟು Demo Village 37 ನಲ್ಲಿ ಹಾಳಾದ ರಸ್ತೆಗಳನ್ನು ಸರಿಪಡಿಸಿ.,Kannada,Roads,Road Repair,Please repair the damaged roads in Demo Village 37.,Demo Village 37,Demo District 08,14.115,76.7,0.429,2026-07-08T22:20:00+00:00,SYNTHETIC / DEMO DATA,
SYN-REQ-0358,Please repair the damaged roads in Demo Village 37.,English,Roads,Road Repair,Please repair the damaged roads in Demo Village 37.,Demo Village 37,Demo District 08,14.115,76.7,0.429,2026-08-11T18:49:00+00:00,SYNTHETIC / DEMO DATA,
SYN-REQ-0359,कृपया Demo Village 37 में खराब सड़कों की मरम्मत करें।,Hindi,Roads,Road Repair,Please repair the damaged roads in Demo Village 37.,Demo Village 37,Demo District 08,14.115,76.7,0.429,2026-08-16T07:20:00+00:00,SYNTHETIC / DEMO DATA,
SYN-REQ-0360,Demo Village 37 ನಲ್ಲಿ ನಮಗೆ ನಿಯಮಿತ ಕುಡಿಯುವ ನೀರಿನ ಪೂರೈಕೆ ಬೇಕು.,Kannada,Water,Water Supply,We need a reliable drinking water supply in Demo Village 37.,Demo Village 37,Demo District 08,14.115,76.7,0.311,2026-07-28T15:24:00+00:00,SYNTHETIC / DEMO DATA,
SYN-REQ-0361,We need a reliable drinking water supply in Demo Village 37.,English,Water,Water Supply,We need a reliable drinking water supply in Demo Village 37.,Demo Village 37,Demo District 08,14.115,76.7,0.311,2026-08-26T07:47:00+00:00,SYNTHETIC / DEMO DATA,
SYN-REQ-0362,कृपया Demo Village 37 में बार-बार बिजली कटौती की समस्या दूर करें।,Hindi,Electricity,Power Supply,Please address frequent power cuts in Demo Village 37.,Demo Village 37,Demo District 08,14.115,76.7,0.444,2026-07-27T11:34:00+00:00,SYNTHETIC / DEMO DATA,
SYN-REQ-0363,ದಯವಿಟ್ಟು Demo Village 37 ನಲ್ಲಿ ಪದೇ ಪದೇ ವಿದ್ಯುತ್ ಕಡಿತವನ್ನು ಪರಿಹರಿಸಿ.,Kannada,Electricity,Power Supply,Please address frequent power cuts in Demo Village 37.,Demo Village 37,Demo District 08,14.115,76.7,0.444,2026-08-22T15:28:00+00:00,SYNTHETIC / DEMO DATA,
SYN-REQ-0364,Please address frequent power cuts in Demo Village 37.,English,Electricity,Power Supply,Please address frequent power cuts in Demo Village 37.,Demo Village 37,Demo District 08,14.115,76.7,0.444,2026-07-26T14:11:00+00:00,SYNTHETIC / DEMO DATA,
SYN-REQ-0365,Demo Village 38 में हमें नजदीक प्राथमिक स्वास्थ्य केंद्र चाहिए।,Hindi,Healthcare,Primary Health Centre,We need a nearby primary health centre in Demo Village 38.,Demo Village 38,Demo District 08,14.14,76.74,0.784,2026-08-16T03:14:00+00:00,SYNTHETIC / DEMO DATA,
SYN-REQ-0366,Demo Village 38 ನಲ್ಲಿ ನಮ್ಮ ಮಕ್ಕಳಿಗೆ ಹೆಚ್ಚಿನ ತರಗತಿ ಕೊಠಡಿಗಳು ಬೇಕು.,Kannada,Education,School,Our children need more classrooms in Demo Village 38.,Demo Village 38,Demo District 08,14.14,76.74,0.782,2026-07-21T14:34:00+00:00,SYNTHETIC / DEMO DATA,
SYN-REQ-0367,Please repair the damaged roads in Demo Village 38.,English,Roads,Road Repair,Please repair the damaged roads in Demo Village 38.,Demo Village 38,Demo District 08,14.14,76.74,0.781,2026-07-21T22:42:00+00:00,SYNTHETIC / DEMO DATA,
SYN-REQ-0368,Demo Village 38 में हमें नियमित पेयजल आपूर्ति चाहिए।,Hindi,Water,Water Supply,We need a reliable drinking water supply in Demo Village 38.,Demo Village 38,Demo District 08,14.14,76.74,0.752,2026-07-17T12:46:00+00:00,SYNTHETIC / DEMO DATA,
SYN-REQ-0369,ದಯವಿಟ್ಟು Demo Village 38 ನಲ್ಲಿ ಪದೇ ಪದೇ ವಿದ್ಯುತ್ ಕಡಿತವನ್ನು ಪರಿಹರಿಸಿ.,Kannada,Electricity,Power Supply,Please address frequent power cuts in Demo Village 38.,Demo Village 38,Demo District 08,14.14,76.74,0.703,2026-07-10T23:26:00+00:00,SYNTHETIC / DEMO DATA,
SYN-REQ-0370,We need a nearby primary health centre in Demo Village 39.,English,Healthcare,Primary Health Centre,We need a nearby primary health centre in Demo Village 39.,Demo Village 39,Demo District 08,14.165,76.78,0.374,2026-08-29T16:11:00+00:00,SYNTHETIC / DEMO DATA,
SYN-REQ-0371,Demo Village 39 में हमारे बच्चों के लिए अधिक कक्षाओं की जरूरत है।,Hindi,Education,School,Our children need more classrooms in Demo Village 39.,Demo Village 39,Demo District 08,14.165,76.78,0.27,2026-07-05T03:06:00+00:00,SYNTHETIC / DEMO DATA,
SYN-REQ-0372,ದಯವಿಟ್ಟು Demo Village 39 ನಲ್ಲಿ ಹಾಳಾದ ರಸ್ತೆಗಳನ್ನು ಸರಿಪಡಿಸಿ.,Kannada,Roads,Road Repair,Please repair the damaged roads in Demo Village 39.,Demo Village 39,Demo District 08,14.165,76.78,0.33,2026-08-23T02:54:00+00:00,SYNTHETIC / DEMO DATA,
SYN-REQ-0373,We need a reliable drinking water supply in Demo Village 39.,English,Water,Water Supply,We need a reliable drinking water supply in Demo Village 39.,Demo Village 39,Demo District 08,14.165,76.78,0.283,2026-07-06T14:44:00+00:00,SYNTHETIC / DEMO DATA,
SYN-REQ-0374,कृपया Demo Village 39 में बार-बार बिजली कटौती की समस्या दूर करें।,Hindi,Electricity,Power Supply,Please address frequent power cuts in Demo Village 39.,Demo Village 39,Demo District 08,14.165,76.78,0.339,2026-07-07T12:43:00+00:00,SYNTHETIC / DEMO DATA,
SYN-REQ-0375,Demo Village 40 ನಲ್ಲಿ ನಮಗೆ ಹತ್ತಿರದ ಪ್ರಾಥಮಿಕ ಆರೋಗ್ಯ ಕೇಂದ್ರ ಬೇಕು.,Kannada,Healthcare,Primary Health Centre,We need a nearby primary health centre in Demo Village 40.,Demo Village 40,Demo District 08,14.19,76.82,0.511,2026-08-21T04:26:00+00:00,SYNTHETIC / DEMO DATA,
SYN-REQ-0376,We need a nearby primary health centre in Demo Village 40.,English,Healthcare,Primary Health Centre,We need a nearby primary health centre in Demo Village 40.,Demo Village 40,Demo District 08,14.19,76.82,0.511,2026-08-05T02:02:00+00:00,SYNTHETIC / DEMO DATA,
SYN-REQ-0377,Demo Village 40 में हमें नजदीक प्राथमिक स्वास्थ्य केंद्र चाहिए।,Hindi,Healthcare,Primary Health Centre,We need a nearby primary health centre in Demo Village 40.,Demo Village 40,Demo District 08,14.19,76.82,0.511,2026-08-07T19:10:00+00:00,SYNTHETIC / DEMO DATA,
SYN-REQ-0378,Demo Village 40 ನಲ್ಲಿ ನಮ್ಮ ಮಕ್ಕಳಿಗೆ ಹೆಚ್ಚಿನ ತರಗತಿ ಕೊಠಡಿಗಳು ಬೇಕು.,Kannada,Education,School,Our children need more classrooms in Demo Village 40.,Demo Village 40,Demo District 08,14.19,76.82,0.603,2026-08-05T11:15:00+00:00,SYNTHETIC / DEMO DATA,
SYN-REQ-0379,Our children need more classrooms in Demo Village 40.,English,Education,School,Our children need more classrooms in Demo Village 40.,Demo Village 40,Demo District 08,14.19,76.82,0.603,2026-08-12T04:10:00+00:00,SYNTHETIC / DEMO DATA,
SYN-REQ-0380,Demo Village 40 में हमारे बच्चों के लिए अधिक कक्षाओं की जरूरत है।,Hindi,Education,School,Our children need more classrooms in Demo Village 40.,Demo Village 40,Demo District 08,14.19,76.82,0.603,2026-07-27T12:04:00+00:00,SYNTHETIC / DEMO DATA,
SYN-REQ-0381,ದಯವಿಟ್ಟು Demo Village 40 ನಲ್ಲಿ ಹಾಳಾದ ರಸ್ತೆಗಳನ್ನು ಸರಿಪಡಿಸಿ.,Kannada,Roads,Road Repair,Please repair the damaged roads in Demo Village 40.,Demo Village 40,Demo District 08,14.19,76.82,0.61,2026-08-25T22:42:00+00:00,SYNTHETIC / DEMO DATA,
SYN-REQ-0382,Please repair the damaged roads in Demo Village 40.,English,Roads,Road Repair,Please repair the damaged roads in Demo Village 40.,Demo Village 40,Demo District 08,14.19,76.82,0.61,2026-08-18T14:26:00+00:00,SYNTHETIC / DEMO DATA,
SYN-REQ-0383,कृपया Demo Village 40 में खराब सड़कों की मरम्मत करें।,Hindi,Roads,Road Repair,Please repair the damaged roads in Demo Village 40.,Demo Village 40,Demo District 08,14.19,76.82,0.61,2026-08-25T01:45:00+00:00,SYNTHETIC / DEMO DATA,
SYN-REQ-0384,Demo Village 40 ನಲ್ಲಿ ನಮಗೆ ನಿಯಮಿತ ಕುಡಿಯುವ ನೀರಿನ ಪೂರೈಕೆ ಬೇಕು.,Kannada,Water,Water Supply,We need a reliable drinking water supply in Demo Village 40.,Demo Village 40,Demo District 08,14.19,76.82,0.628,2026-07-19T20:29:00+00:00,SYNTHETIC / DEMO DATA,
SYN-REQ-0385,We need a reliable drinking water supply in Demo Village 40.,English,Water,Water Supply,We need a reliable drinking water supply in Demo Village 40.,Demo Village 40,Demo District 08,14.19,76.82,0.628,2026-07-20T12:00:00+00:00,SYNTHETIC / DEMO DATA,
SYN-REQ-0386,Demo Village 40 में हमें नियमित पेयजल आपूर्ति चाहिए।,Hindi,Water,Water Supply,We need a reliable drinking water supply in Demo Village 40.,Demo Village 40,Demo District 08,14.19,76.82,0.628,2026-07-07T19:43:00+00:00,SYNTHETIC / DEMO DATA,
SYN-REQ-0387,Demo Village 40 ನಲ್ಲಿ ನಮಗೆ ನಿಯಮಿತ ಕುಡಿಯುವ ನೀರಿನ ಪೂರೈಕೆ ಬೇಕು.,Kannada,Water,Water Supply,We need a reliable drinking water supply in Demo Village 40.,Demo Village 40,Demo District 08,14.19,76.82,0.628,2026-08-02T07:15:00+00:00,SYNTHETIC / DEMO DATA,
SYN-REQ-0388,Please address frequent power cuts in Demo Village 40.,English,Electricity,Power Supply,Please address frequent power cuts in Demo Village 40.,Demo Village 40,Demo District 08,14.19,76.82,0.532,2026-07-10T22:24:00+00:00,SYNTHETIC / DEMO DATA,
SYN-REQ-0389,कृपया Demo Village 40 में बार-बार बिजली कटौती की समस्या दूर करें।,Hindi,Electricity,Power Supply,Please address frequent power cuts in Demo Village 40.,Demo Village 40,Demo District 08,14.19,76.82,0.532,2026-07-31T07:39:00+00:00,SYNTHETIC / DEMO DATA,
SYN-REQ-0390,ದಯವಿಟ್ಟು Demo Village 40 ನಲ್ಲಿ ಪದೇ ಪದೇ ವಿದ್ಯುತ್ ಕಡಿತವನ್ನು ಪರಿಹರಿಸಿ.,Kannada,Electricity,Power Supply,Please address frequent power cuts in Demo Village 40.,Demo Village 40,Demo District 08,14.19,76.82,0.532,2026-08-24T03:41:00+00:00,SYNTHETIC / DEMO DATA,
SYN-REQ-0391,We need a nearby primary health centre in Demo Village 41.,English,Healthcare,Primary Health Centre,We need a nearby primary health centre in Demo Village 41.,Demo Village 41,Demo District 09,14.36,75.1,0.421,2026-07-23T18:59:00+00:00,SYNTHETIC / DEMO DATA,
SYN-REQ-0392,Demo Village 41 में हमें नजदीक प्राथमिक स्वास्थ्य केंद्र चाहिए।,Hindi,Healthcare,Primary Health Centre,We need a nearby primary health centre in Demo Village 41.,Demo Village 41,Demo District 09,14.36,75.1,0.421,2026-07-24T03:55:00+00:00,SYNTHETIC / DEMO DATA,
SYN-REQ-0393,Demo Village 41 ನಲ್ಲಿ ನಮ್ಮ ಮಕ್ಕಳಿಗೆ ಹೆಚ್ಚಿನ ತರಗತಿ ಕೊಠಡಿಗಳು ಬೇಕು.,Kannada,Education,School,Our children need more classrooms in Demo Village 41.,Demo Village 41,Demo District 09,14.36,75.1,0.395,2026-08-18T09:30:00+00:00,SYNTHETIC / DEMO DATA,
SYN-REQ-0394,Our children need more classrooms in Demo Village 41.,English,Education,School,Our children need more classrooms in Demo Village 41.,Demo Village 41,Demo District 09,14.36,75.1,0.395,2026-08-06T07:43:00+00:00,SYNTHETIC / DEMO DATA,
SYN-REQ-0395,कृपया Demo Village 41 में खराब सड़कों की मरम्मत करें।,Hindi,Roads,Road Repair,Please repair the damaged roads in Demo Village 41.,Demo Village 41,Demo District 09,14.36,75.1,0.393,2026-08-21T14:38:00+00:00,SYNTHETIC / DEMO DATA,
SYN-REQ-0396,ದಯವಿಟ್ಟು Demo Village 41 ನಲ್ಲಿ ಹಾಳಾದ ರಸ್ತೆಗಳನ್ನು ಸರಿಪಡಿಸಿ.,Kannada,Roads,Road Repair,Please repair the damaged roads in Demo Village 41.,Demo Village 41,Demo District 09,14.36,75.1,0.393,2026-08-24T19:08:00+00:00,SYNTHETIC / DEMO DATA,
SYN-REQ-0397,We need a reliable drinking water supply in Demo Village 41.,English,Water,Water Supply,We need a reliable drinking water supply in Demo Village 41.,Demo Village 41,Demo District 09,14.36,75.1,0.404,2026-08-19T21:13:00+00:00,SYNTHETIC / DEMO DATA,
SYN-REQ-0398,Demo Village 41 में हमें नियमित पेयजल आपूर्ति चाहिए।,Hindi,Water,Water Supply,We need a reliable drinking water supply in Demo Village 41.,Demo Village 41,Demo District 09,14.36,75.1,0.404,2026-08-09T23:02:00+00:00,SYNTHETIC / DEMO DATA,
SYN-REQ-0399,ದಯವಿಟ್ಟು Demo Village 41 ನಲ್ಲಿ ಪದೇ ಪದೇ ವಿದ್ಯುತ್ ಕಡಿತವನ್ನು ಪರಿಹರಿಸಿ.,Kannada,Electricity,Power Supply,Please address frequent power cuts in Demo Village 41.,Demo Village 41,Demo District 09,14.36,75.1,0.378,2026-08-11T19:00:00+00:00,SYNTHETIC / DEMO DATA,
SYN-REQ-0400,Please address frequent power cuts in Demo Village 41.,English,Electricity,Power Supply,Please address frequent power cuts in Demo Village 41.,Demo Village 41,Demo District 09,14.36,75.1,0.378,2026-07-02T20:47:00+00:00,SYNTHETIC / DEMO DATA,
SYN-REQ-0401,Demo Village 42 में हमें नजदीक प्राथमिक स्वास्थ्य केंद्र चाहिए।,Hindi,Healthcare,Primary Health Centre,We need a nearby primary health centre in Demo Village 42.,Demo Village 42,Demo District 09,14.385,75.14,0.36,2026-08-29T22:27:00+00:00,SYNTHETIC / DEMO DATA,
SYN-REQ-0402,Demo Village 42 ನಲ್ಲಿ ನಮಗೆ ಹತ್ತಿರದ ಪ್ರಾಥಮಿಕ ಆರೋಗ್ಯ ಕೇಂದ್ರ ಬೇಕು.,Kannada,Healthcare,Primary Health Centre,We need a nearby primary health centre in Demo Village 42.,Demo Village 42,Demo District 09,14.385,75.14,0.36,2026-08-23T23:40:00+00:00,SYNTHETIC / DEMO DATA,
SYN-REQ-0403,Our children need more classrooms in Demo Village 42.,English,Education,School,Our children need more classrooms in Demo Village 42.,Demo Village 42,Demo District 09,14.385,75.14,0.423,2026-07-18T00:59:00+00:00,SYNTHETIC / DEMO DATA,
SYN-REQ-0404,Demo Village 42 में हमारे बच्चों के लिए अधिक कक्षाओं की जरूरत है।,Hindi,Education,School,Our children need more classrooms in Demo Village 42.,Demo Village 42,Demo District 09,14.385,75.14,0.423,2026-07-12T09:19:00+00:00,SYNTHETIC / DEMO DATA,
SYN-REQ-0405,ದಯವಿಟ್ಟು Demo Village 42 ನಲ್ಲಿ ಹಾಳಾದ ರಸ್ತೆಗಳನ್ನು ಸರಿಪಡಿಸಿ.,Kannada,Roads,Road Repair,Please repair the damaged roads in Demo Village 42.,Demo Village 42,Demo District 09,14.385,75.14,0.423,2026-08-14T10:32:00+00:00,SYNTHETIC / DEMO DATA,
SYN-REQ-0406,Please repair the damaged roads in Demo Village 42.,English,Roads,Road Repair,Please repair the damaged roads in Demo Village 42.,Demo Village 42,Demo District 09,14.385,75.14,0.423,2026-08-28T11:35:00+00:00,SYNTHETIC / DEMO DATA,
SYN-REQ-0407,Demo Village 42 में हमें नियमित पेयजल आपूर्ति चाहिए।,Hindi,Water,Water Supply,We need a reliable drinking water supply in Demo Village 42.,Demo Village 42,Demo District 09,14.385,75.14,0.369,2026-07-23T00:12:00+00:00,SYNTHETIC / DEMO DATA,
SYN-REQ-0408,Demo Village 42 ನಲ್ಲಿ ನಮಗೆ ನಿಯಮಿತ ಕುಡಿಯುವ ನೀರಿನ ಪೂರೈಕೆ ಬೇಕು.,Kannada,Water,Water Supply,We need a reliable drinking water supply in Demo Village 42.,Demo Village 42,Demo District 09,14.385,75.14,0.369,2026-07-12T04:53:00+00:00,SYNTHETIC / DEMO DATA,
SYN-REQ-0409,Please address frequent power cuts in Demo Village 42.,English,Electricity,Power Supply,Please address frequent power cuts in Demo Village 42.,Demo Village 42,Demo District 09,14.385,75.14,0.537,2026-08-06T22:26:00+00:00,SYNTHETIC / DEMO DATA,
SYN-REQ-0410,कृपया Demo Village 42 में बार-बार बिजली कटौती की समस्या दूर करें।,Hindi,Electricity,Power Supply,Please address frequent power cuts in Demo Village 42.,Demo Village 42,Demo District 09,14.385,75.14,0.537,2026-07-26T02:22:00+00:00,SYNTHETIC / DEMO DATA,
SYN-REQ-0411,ದಯವಿಟ್ಟು Demo Village 42 ನಲ್ಲಿ ಪದೇ ಪದೇ ವಿದ್ಯುತ್ ಕಡಿತವನ್ನು ಪರಿಹರಿಸಿ.,Kannada,Electricity,Power Supply,Please address frequent power cuts in Demo Village 42.,Demo Village 42,Demo District 09,14.385,75.14,0.537,2026-07-10T21:36:00+00:00,SYNTHETIC / DEMO DATA,
SYN-REQ-0412,We need a nearby primary health centre in Demo Village 43.,English,Healthcare,Primary Health Centre,We need a nearby primary health centre in Demo Village 43.,Demo Village 43,Demo District 09,14.41,75.18,0.629,2026-07-02T03:07:00+00:00,SYNTHETIC / DEMO DATA,
SYN-REQ-0413,Demo Village 43 में हमारे बच्चों के लिए अधिक कक्षाओं की जरूरत है।,Hindi,Education,School,Our children need more classrooms in Demo Village 43.,Demo Village 43,Demo District 09,14.41,75.18,0.753,2026-08-17T18:06:00+00:00,SYNTHETIC / DEMO DATA,
SYN-REQ-0414,ದಯವಿಟ್ಟು Demo Village 43 ನಲ್ಲಿ ಹಾಳಾದ ರಸ್ತೆಗಳನ್ನು ಸರಿಪಡಿಸಿ.,Kannada,Roads,Road Repair,Please repair the damaged roads in Demo Village 43.,Demo Village 43,Demo District 09,14.41,75.18,0.69,2026-07-14T12:50:00+00:00,SYNTHETIC / DEMO DATA,
SYN-REQ-0415,We need a reliable drinking water supply in Demo Village 43.,English,Water,Water Supply,We need a reliable drinking water supply in Demo Village 43.,Demo Village 43,Demo District 09,14.41,75.18,0.67,2026-07-27T15:29:00+00:00,SYNTHETIC / DEMO DATA,
SYN-REQ-0416,कृपया Demo Village 43 में बार-बार बिजली कटौती की समस्या दूर करें।,Hindi,Electricity,Power Supply,Please address frequent power cuts in Demo Village 43.,Demo Village 43,Demo District 09,14.41,75.18,0.77,2026-07-22T05:22:00+00:00,SYNTHETIC / DEMO DATA,
SYN-REQ-0417,Demo Village 44 ನಲ್ಲಿ ನಮಗೆ ಹತ್ತಿರದ ಪ್ರಾಥಮಿಕ ಆರೋಗ್ಯ ಕೇಂದ್ರ ಬೇಕು.,Kannada,Healthcare,Primary Health Centre,We need a nearby primary health centre in Demo Village 44.,Demo Village 44,Demo District 09,14.435,75.22,0.521,2026-07-24T10:38:00+00:00,SYNTHETIC / DEMO DATA,
SYN-REQ-0418,We need a nearby primary health centre in Demo Village 44.,English,Healthcare,Primary Health Centre,We need a nearby primary health centre in Demo Village 44.,Demo Village 44,Demo District 09,14.435,75.22,0.521,2026-08-16T11:04:00+00:00,SYNTHETIC / DEMO DATA,
SYN-REQ-0419,Demo Village 44 में हमें नजदीक प्राथमिक स्वास्थ्य केंद्र चाहिए।,Hindi,Healthcare,Primary Health Centre,We need a nearby primary health centre in Demo Village 44.,Demo Village 44,Demo District 09,14.435,75.22,0.521,2026-08-19T19:22:00+00:00,SYNTHETIC / DEMO DATA,
SYN-REQ-0420,Demo Village 44 ನಲ್ಲಿ ನಮ್ಮ ಮಕ್ಕಳಿಗೆ ಹೆಚ್ಚಿನ ತರಗತಿ ಕೊಠಡಿಗಳು ಬೇಕು.,Kannada,Education,School,Our children need more classrooms in Demo Village 44.,Demo Village 44,Demo District 09,14.435,75.22,0.572,2026-08-08T02:53:00+00:00,SYNTHETIC / DEMO DATA,
SYN-REQ-0421,Our children need more classrooms in Demo Village 44.,English,Education,School,Our children need more classrooms in Demo Village 44.,Demo Village 44,Demo District 09,14.435,75.22,0.572,2026-08-26T01:47:00+00:00,SYNTHETIC / DEMO DATA,
SYN-REQ-0422,Demo Village 44 में हमारे बच्चों के लिए अधिक कक्षाओं की जरूरत है।,Hindi,Education,School,Our children need more classrooms in Demo Village 44.,Demo Village 44,Demo District 09,14.435,75.22,0.572,2026-07-10T05:22:00+00:00,SYNTHETIC / DEMO DATA,
SYN-REQ-0423,Demo Village 44 ನಲ್ಲಿ ನಮ್ಮ ಮಕ್ಕಳಿಗೆ ಹೆಚ್ಚಿನ ತರಗತಿ ಕೊಠಡಿಗಳು ಬೇಕು.,Kannada,Education,School,Our children need more classrooms in Demo Village 44.,Demo Village 44,Demo District 09,14.435,75.22,0.572,2026-08-18T21:05:00+00:00,SYNTHETIC / DEMO DATA,
SYN-REQ-0424,Please repair the damaged roads in Demo Village 44.,English,Roads,Road Repair,Please repair the damaged roads in Demo Village 44.,Demo Village 44,Demo District 09,14.435,75.22,0.63,2026-07-04T23:00:00+00:00,SYNTHETIC / DEMO DATA,
SYN-REQ-0425,कृपया Demo Village 44 में खराब सड़कों की मरम्मत करें।,Hindi,Roads,Road Repair,Please repair the damaged roads in Demo Village 44.,Demo Village 44,Demo District 09,14.435,75.22,0.63,2026-07-06T09:17:00+00:00,SYNTHETIC / DEMO DATA,
SYN-REQ-0426,ದಯವಿಟ್ಟು Demo Village 44 ನಲ್ಲಿ ಹಾಳಾದ ರಸ್ತೆಗಳನ್ನು ಸರಿಪಡಿಸಿ.,Kannada,Roads,Road Repair,Please repair the damaged roads in Demo Village 44.,Demo Village 44,Demo District 09,14.435,75.22,0.63,2026-07-29T22:35:00+00:00,SYNTHETIC / DEMO DATA,
SYN-REQ-0427,Please repair the damaged roads in Demo Village 44.,English,Roads,Road Repair,Please repair the damaged roads in Demo Village 44.,Demo Village 44,Demo District 09,14.435,75.22,0.63,2026-07-28T16:34:00+00:00,SYNTHETIC / DEMO DATA,
SYN-REQ-0428,Demo Village 44 में हमें नियमित पेयजल आपूर्ति चाहिए।,Hindi,Water,Water Supply,We need a reliable drinking water supply in Demo Village 44.,Demo Village 44,Demo District 09,14.435,75.22,0.531,2026-08-08T15:05:00+00:00,SYNTHETIC / DEMO DATA,
SYN-REQ-0429,Demo Village 44 ನಲ್ಲಿ ನಮಗೆ ನಿಯಮಿತ ಕುಡಿಯುವ ನೀರಿನ ಪೂರೈಕೆ ಬೇಕು.,Kannada,Water,Water Supply,We need a reliable drinking water supply in Demo Village 44.,Demo Village 44,Demo District 09,14.435,75.22,0.531,2026-07-27T09:19:00+00:00,SYNTHETIC / DEMO DATA,
SYN-REQ-0430,We need a reliable drinking water supply in Demo Village 44.,English,Water,Water Supply,We need a reliable drinking water supply in Demo Village 44.,Demo Village 44,Demo District 09,14.435,75.22,0.531,2026-07-14T17:29:00+00:00,SYNTHETIC / DEMO DATA,
SYN-REQ-0431,कृपया Demo Village 44 में बार-बार बिजली कटौती की समस्या दूर करें।,Hindi,Electricity,Power Supply,Please address frequent power cuts in Demo Village 44.,Demo Village 44,Demo District 09,14.435,75.22,0.504,2026-07-08T11:46:00+00:00,SYNTHETIC / DEMO DATA,
SYN-REQ-0432,ದಯವಿಟ್ಟು Demo Village 44 ನಲ್ಲಿ ಪದೇ ಪದೇ ವಿದ್ಯುತ್ ಕಡಿತವನ್ನು ಪರಿಹರಿಸಿ.,Kannada,Electricity,Power Supply,Please address frequent power cuts in Demo Village 44.,Demo Village 44,Demo District 09,14.435,75.22,0.504,2026-07-28T03:47:00+00:00,SYNTHETIC / DEMO DATA,
SYN-REQ-0433,Please address frequent power cuts in Demo Village 44.,English,Electricity,Power Supply,Please address frequent power cuts in Demo Village 44.,Demo Village 44,Demo District 09,14.435,75.22,0.504,2026-07-19T23:08:00+00:00,SYNTHETIC / DEMO DATA,
SYN-REQ-0434,Demo Village 45 में हमें नजदीक प्राथमिक स्वास्थ्य केंद्र चाहिए।,Hindi,Healthcare,Primary Health Centre,We need a nearby primary health centre in Demo Village 45.,Demo Village 45,Demo District 09,14.46,75.26,0.441,2026-08-13T20:14:00+00:00,SYNTHETIC / DEMO DATA,
SYN-REQ-0435,Demo Village 45 ನಲ್ಲಿ ನಮಗೆ ಹತ್ತಿರದ ಪ್ರಾಥಮಿಕ ಆರೋಗ್ಯ ಕೇಂದ್ರ ಬೇಕು.,Kannada,Healthcare,Primary Health Centre,We need a nearby primary health centre in Demo Village 45.,Demo Village 45,Demo District 09,14.46,75.26,0.441,2026-08-01T17:59:00+00:00,SYNTHETIC / DEMO DATA,
SYN-REQ-0436,Our children need more classrooms in Demo Village 45.,English,Education,School,Our children need more classrooms in Demo Village 45.,Demo Village 45,Demo District 09,14.46,75.26,0.447,2026-08-12T10:31:00+00:00,SYNTHETIC / DEMO DATA,
SYN-REQ-0437,Demo Village 45 में हमारे बच्चों के लिए अधिक कक्षाओं की जरूरत है।,Hindi,Education,School,Our children need more classrooms in Demo Village 45.,Demo Village 45,Demo District 09,14.46,75.26,0.447,2026-07-03T07:31:00+00:00,SYNTHETIC / DEMO DATA,
SYN-REQ-0438,ದಯವಿಟ್ಟು Demo Village 45 ನಲ್ಲಿ ಹಾಳಾದ ರಸ್ತೆಗಳನ್ನು ಸರಿಪಡಿಸಿ.,Kannada,Roads,Road Repair,Please repair the damaged roads in Demo Village 45.,Demo Village 45,Demo District 09,14.46,75.26,0.53,2026-07-26T20:27:00+00:00,SYNTHETIC / DEMO DATA,
SYN-REQ-0439,Please repair the damaged roads in Demo Village 45.,English,Roads,Road Repair,Please repair the damaged roads in Demo Village 45.,Demo Village 45,Demo District 09,14.46,75.26,0.53,2026-07-04T00:15:00+00:00,SYNTHETIC / DEMO DATA,
SYN-REQ-0440,कृपया Demo Village 45 में खराब सड़कों की मरम्मत करें।,Hindi,Roads,Road Repair,Please repair the damaged roads in Demo Village 45.,Demo Village 45,Demo District 09,14.46,75.26,0.53,2026-07-14T10:17:00+00:00,SYNTHETIC / DEMO DATA,
SYN-REQ-0441,Demo Village 45 ನಲ್ಲಿ ನಮಗೆ ನಿಯಮಿತ ಕುಡಿಯುವ ನೀರಿನ ಪೂರೈಕೆ ಬೇಕು.,Kannada,Water,Water Supply,We need a reliable drinking water supply in Demo Village 45.,Demo Village 45,Demo District 09,14.46,75.26,0.54,2026-07-14T04:41:00+00:00,SYNTHETIC / DEMO DATA,
SYN-REQ-0442,We need a reliable drinking water supply in Demo Village 45.,English,Water,Water Supply,We need a reliable drinking water supply in Demo Village 45.,Demo Village 45,Demo District 09,14.46,75.26,0.54,2026-08-18T08:43:00+00:00,SYNTHETIC / DEMO DATA,
SYN-REQ-0443,Demo Village 45 में हमें नियमित पेयजल आपूर्ति चाहिए।,Hindi,Water,Water Supply,We need a reliable drinking water supply in Demo Village 45.,Demo Village 45,Demo District 09,14.46,75.26,0.54,2026-07-19T11:11:00+00:00,SYNTHETIC / DEMO DATA,
SYN-REQ-0444,ದಯವಿಟ್ಟು Demo Village 45 ನಲ್ಲಿ ಪದೇ ಪದೇ ವಿದ್ಯುತ್ ಕಡಿತವನ್ನು ಪರಿಹರಿಸಿ.,Kannada,Electricity,Power Supply,Please address frequent power cuts in Demo Village 45.,Demo Village 45,Demo District 09,14.46,75.26,0.454,2026-07-08T00:15:00+00:00,SYNTHETIC / DEMO DATA,
SYN-REQ-0445,Please address frequent power cuts in Demo Village 45.,English,Electricity,Power Supply,Please address frequent power cuts in Demo Village 45.,Demo Village 45,Demo District 09,14.46,75.26,0.454,2026-08-01T14:41:00+00:00,SYNTHETIC / DEMO DATA,
SYN-REQ-0446,Demo Village 46 में हमें नजदीक प्राथमिक स्वास्थ्य केंद्र चाहिए।,Hindi,Healthcare,Primary Health Centre,We need a nearby primary health centre in Demo Village 46.,Demo Village 46,Demo District 10,14.63,75.62,0.375,2026-07-12T04:24:00+00:00,SYNTHETIC / DEMO DATA,
SYN-REQ-0447,Demo Village 46 ನಲ್ಲಿ ನಮ್ಮ ಮಕ್ಕಳಿಗೆ ಹೆಚ್ಚಿನ ತರಗತಿ ಕೊಠಡಿಗಳು ಬೇಕು.,Kannada,Education,School,Our children need more classrooms in Demo Village 46.,Demo Village 46,Demo District 10,14.63,75.62,0.37,2026-07-25T18:10:00+00:00,SYNTHETIC / DEMO DATA,
SYN-REQ-0448,Please repair the damaged roads in Demo Village 46.,English,Roads,Road Repair,Please repair the damaged roads in Demo Village 46.,Demo Village 46,Demo District 10,14.63,75.62,0.454,2026-08-15T07:51:00+00:00,SYNTHETIC / DEMO DATA,
SYN-REQ-0449,Demo Village 46 में हमें नियमित पेयजल आपूर्ति चाहिए।,Hindi,Water,Water Supply,We need a reliable drinking water supply in Demo Village 46.,Demo Village 46,Demo District 10,14.63,75.62,0.406,2026-08-02T19:04:00+00:00,SYNTHETIC / DEMO DATA,
SYN-REQ-0450,ದಯವಿಟ್ಟು Demo Village 46 ನಲ್ಲಿ ಪದೇ ಪದೇ ವಿದ್ಯುತ್ ಕಡಿತವನ್ನು ಪರಿಹರಿಸಿ.,Kannada,Electricity,Power Supply,Please address frequent power cuts in Demo Village 46.,Demo Village 46,Demo District 10,14.63,75.62,0.424,2026-08-23T22:48:00+00:00,SYNTHETIC / DEMO DATA,
SYN-REQ-0451,We need a nearby primary health centre in Demo Village 47.,English,Healthcare,Primary Health Centre,We need a nearby primary health centre in Demo Village 47.,Demo Village 47,Demo District 10,14.655,75.66,0.55,2026-08-21T12:05:00+00:00,SYNTHETIC / DEMO DATA,
SYN-REQ-0452,Demo Village 47 में हमें नजदीक प्राथमिक स्वास्थ्य केंद्र चाहिए।,Hindi,Healthcare,Primary Health Centre,We need a nearby primary health centre in Demo Village 47.,Demo Village 47,Demo District 10,14.655,75.66,0.55,2026-07-05T13:33:00+00:00,SYNTHETIC / DEMO DATA,
SYN-REQ-0453,Demo Village 47 ನಲ್ಲಿ ನಮ್ಮ ಮಕ್ಕಳಿಗೆ ಹೆಚ್ಚಿನ ತರಗತಿ ಕೊಠಡಿಗಳು ಬೇಕು.,Kannada,Education,School,Our children need more classrooms in Demo Village 47.,Demo Village 47,Demo District 10,14.655,75.66,0.637,2026-08-25T01:26:00+00:00,SYNTHETIC / DEMO DATA,
SYN-REQ-0454,Our children need more classrooms in Demo Village 47.,English,Education,School,Our children need more classrooms in Demo Village 47.,Demo Village 47,Demo District 10,14.655,75.66,0.637,2026-07-28T00:38:00+00:00,SYNTHETIC / DEMO DATA,
SYN-REQ-0455,कृपया Demo Village 47 में खराब सड़कों की मरम्मत करें।,Hindi,Roads,Road Repair,Please repair the damaged roads in Demo Village 47.,Demo Village 47,Demo District 10,14.655,75.66,0.615,2026-07-30T02:39:00+00:00,SYNTHETIC / DEMO DATA,
SYN-REQ-0456,ದಯವಿಟ್ಟು Demo Village 47 ನಲ್ಲಿ ಹಾಳಾದ ರಸ್ತೆಗಳನ್ನು ಸರಿಪಡಿಸಿ.,Kannada,Roads,Road Repair,Please repair the damaged roads in Demo Village 47.,Demo Village 47,Demo District 10,14.655,75.66,0.615,2026-08-25T10:41:00+00:00,SYNTHETIC / DEMO DATA,
SYN-REQ-0457,We need a reliable drinking water supply in Demo Village 47.,English,Water,Water Supply,We need a reliable drinking water supply in Demo Village 47.,Demo Village 47,Demo District 10,14.655,75.66,0.657,2026-08-06T14:39:00+00:00,SYNTHETIC / DEMO DATA,
SYN-REQ-0458,Demo Village 47 में हमें नियमित पेयजल आपूर्ति चाहिए।,Hindi,Water,Water Supply,We need a reliable drinking water supply in Demo Village 47.,Demo Village 47,Demo District 10,14.655,75.66,0.657,2026-08-06T13:48:00+00:00,SYNTHETIC / DEMO DATA,
SYN-REQ-0459,ದಯವಿಟ್ಟು Demo Village 47 ನಲ್ಲಿ ಪದೇ ಪದೇ ವಿದ್ಯುತ್ ಕಡಿತವನ್ನು ಪರಿಹರಿಸಿ.,Kannada,Electricity,Power Supply,Please address frequent power cuts in Demo Village 47.,Demo Village 47,Demo District 10,14.655,75.66,0.659,2026-08-15T21:51:00+00:00,SYNTHETIC / DEMO DATA,
SYN-REQ-0460,Please address frequent power cuts in Demo Village 47.,English,Electricity,Power Supply,Please address frequent power cuts in Demo Village 47.,Demo Village 47,Demo District 10,14.655,75.66,0.659,2026-07-27T09:52:00+00:00,SYNTHETIC / DEMO DATA,
SYN-REQ-0461,Demo Village 48 में हमें नजदीक प्राथमिक स्वास्थ्य केंद्र चाहिए।,Hindi,Healthcare,Primary Health Centre,We need a nearby primary health centre in Demo Village 48.,Demo Village 48,Demo District 10,14.68,75.7,0.588,2026-07-08T13:49:00+00:00,SYNTHETIC / DEMO DATA,
SYN-REQ-0462,Demo Village 48 ನಲ್ಲಿ ನಮಗೆ ಹತ್ತಿರದ ಪ್ರಾಥಮಿಕ ಆರೋಗ್ಯ ಕೇಂದ್ರ ಬೇಕು.,Kannada,Healthcare,Primary Health Centre,We need a nearby primary health centre in Demo Village 48.,Demo Village 48,Demo District 10,14.68,75.7,0.588,2026-07-02T11:05:00+00:00,SYNTHETIC / DEMO DATA,
SYN-REQ-0463,Our children need more classrooms in Demo Village 48.,English,Education,School,Our children need more classrooms in Demo Village 48.,Demo Village 48,Demo District 10,14.68,75.7,0.697,2026-07-11T21:05:00+00:00,SYNTHETIC / DEMO DATA,
SYN-REQ-0464,Demo Village 48 में हमारे बच्चों के लिए अधिक कक्षाओं की जरूरत है।,Hindi,Education,School,Our children need more classrooms in Demo Village 48.,Demo Village 48,Demo District 10,14.68,75.7,0.697,2026-07-30T23:32:00+00:00,SYNTHETIC / DEMO DATA,
SYN-REQ-0465,ದಯವಿಟ್ಟು Demo Village 48 ನಲ್ಲಿ ಹಾಳಾದ ರಸ್ತೆಗಳನ್ನು ಸರಿಪಡಿಸಿ.,Kannada,Roads,Road Repair,Please repair the damaged roads in Demo Village 48.,Demo Village 48,Demo District 10,14.68,75.7,0.576,2026-08-28T12:21:00+00:00,SYNTHETIC / DEMO DATA,
SYN-REQ-0466,Please repair the damaged roads in Demo Village 48.,English,Roads,Road Repair,Please repair the damaged roads in Demo Village 48.,Demo Village 48,Demo District 10,14.68,75.7,0.576,2026-07-06T14:54:00+00:00,SYNTHETIC / DEMO DATA,
SYN-REQ-0467,Demo Village 48 में हमें नियमित पेयजल आपूर्ति चाहिए।,Hindi,Water,Water Supply,We need a reliable drinking water supply in Demo Village 48.,Demo Village 48,Demo District 10,14.68,75.7,0.617,2026-08-24T03:36:00+00:00,SYNTHETIC / DEMO DATA,
SYN-REQ-0468,Demo Village 48 ನಲ್ಲಿ ನಮಗೆ ನಿಯಮಿತ ಕುಡಿಯುವ ನೀರಿನ ಪೂರೈಕೆ ಬೇಕು.,Kannada,Water,Water Supply,We need a reliable drinking water supply in Demo Village 48.,Demo Village 48,Demo District 10,14.68,75.7,0.617,2026-07-16T14:52:00+00:00,SYNTHETIC / DEMO DATA,
SYN-REQ-0469,Please address frequent power cuts in Demo Village 48.,English,Electricity,Power Supply,Please address frequent power cuts in Demo Village 48.,Demo Village 48,Demo District 10,14.68,75.7,0.61,2026-08-07T13:40:00+00:00,SYNTHETIC / DEMO DATA,
SYN-REQ-0470,कृपया Demo Village 48 में बार-बार बिजली कटौती की समस्या दूर करें।,Hindi,Electricity,Power Supply,Please address frequent power cuts in Demo Village 48.,Demo Village 48,Demo District 10,14.68,75.7,0.61,2026-08-03T02:41:00+00:00,SYNTHETIC / DEMO DATA,
SYN-REQ-0471,Demo Village 49 ನಲ್ಲಿ ನಮಗೆ ಹತ್ತಿರದ ಪ್ರಾಥಮಿಕ ಆರೋಗ್ಯ ಕೇಂದ್ರ ಬೇಕು.,Kannada,Healthcare,Primary Health Centre,We need a nearby primary health centre in Demo Village 49.,Demo Village 49,Demo District 10,14.705,75.74,0.682,2026-07-26T10:35:00+00:00,SYNTHETIC / DEMO DATA,
SYN-REQ-0472,We need a nearby primary health centre in Demo Village 49.,English,Healthcare,Primary Health Centre,We need a nearby primary health centre in Demo Village 49.,Demo Village 49,Demo District 10,14.705,75.74,0.682,2026-08-17T11:35:00+00:00,SYNTHETIC / DEMO DATA,
SYN-REQ-0473,Demo Village 49 में हमें नजदीक प्राथमिक स्वास्थ्य केंद्र चाहिए।,Hindi,Healthcare,Primary Health Centre,We need a nearby primary health centre in Demo Village 49.,Demo Village 49,Demo District 10,14.705,75.74,0.682,2026-07-15T11:22:00+00:00,SYNTHETIC / DEMO DATA,
SYN-REQ-0474,Demo Village 49 ನಲ್ಲಿ ನಮಗೆ ಹತ್ತಿರದ ಪ್ರಾಥಮಿಕ ಆರೋಗ್ಯ ಕೇಂದ್ರ ಬೇಕು.,Kannada,Healthcare,Primary Health Centre,We need a nearby primary health centre in Demo Village 49.,Demo Village 49,Demo District 10,14.705,75.74,0.682,2026-08-19T05:44:00+00:00,SYNTHETIC / DEMO DATA,
SYN-REQ-0475,Our children need more classrooms in Demo Village 49.,English,Education,School,Our children need more classrooms in Demo Village 49.,Demo Village 49,Demo District 10,14.705,75.74,0.612,2026-07-05T17:25:00+00:00,SYNTHETIC / DEMO DATA,
SYN-REQ-0476,Demo Village 49 में हमारे बच्चों के लिए अधिक कक्षाओं की जरूरत है।,Hindi,Education,School,Our children need more classrooms in Demo Village 49.,Demo Village 49,Demo District 10,14.705,75.74,0.612,2026-08-10T03:53:00+00:00,SYNTHETIC / DEMO DATA,
SYN-REQ-0477,Demo Village 49 ನಲ್ಲಿ ನಮ್ಮ ಮಕ್ಕಳಿಗೆ ಹೆಚ್ಚಿನ ತರಗತಿ ಕೊಠಡಿಗಳು ಬೇಕು.,Kannada,Education,School,Our children need more classrooms in Demo Village 49.,Demo Village 49,Demo District 10,14.705,75.74,0.612,2026-08-03T17:24:00+00:00,SYNTHETIC / DEMO DATA,
SYN-REQ-0478,Our children need more classrooms in Demo Village 49.,English,Education,School,Our children need more classrooms in Demo Village 49.,Demo Village 49,Demo District 10,14.705,75.74,0.612,2026-07-13T11:55:00+00:00,SYNTHETIC / DEMO DATA,
SYN-REQ-0479,कृपया Demo Village 49 में खराब सड़कों की मरम्मत करें।,Hindi,Roads,Road Repair,Please repair the damaged roads in Demo Village 49.,Demo Village 49,Demo District 10,14.705,75.74,0.566,2026-07-23T22:01:00+00:00,SYNTHETIC / DEMO DATA,
SYN-REQ-0480,ದಯವಿಟ್ಟು Demo Village 49 ನಲ್ಲಿ ಹಾಳಾದ ರಸ್ತೆಗಳನ್ನು ಸರಿಪಡಿಸಿ.,Kannada,Roads,Road Repair,Please repair the damaged roads in Demo Village 49.,Demo Village 49,Demo District 10,14.705,75.74,0.566,2026-08-22T05:02:00+00:00,SYNTHETIC / DEMO DATA,
SYN-REQ-0481,Please repair the damaged roads in Demo Village 49.,English,Roads,Road Repair,Please repair the damaged roads in Demo Village 49.,Demo Village 49,Demo District 10,14.705,75.74,0.566,2026-07-16T03:30:00+00:00,SYNTHETIC / DEMO DATA,
SYN-REQ-0482,Demo Village 49 में हमें नियमित पेयजल आपूर्ति चाहिए।,Hindi,Water,Water Supply,We need a reliable drinking water supply in Demo Village 49.,Demo Village 49,Demo District 10,14.705,75.74,0.585,2026-07-10T08:44:00+00:00,SYNTHETIC / DEMO DATA,
SYN-REQ-0483,Demo Village 49 ನಲ್ಲಿ ನಮಗೆ ನಿಯಮಿತ ಕುಡಿಯುವ ನೀರಿನ ಪೂರೈಕೆ ಬೇಕು.,Kannada,Water,Water Supply,We need a reliable drinking water supply in Demo Village 49.,Demo Village 49,Demo District 10,14.705,75.74,0.585,2026-07-13T05:55:00+00:00,SYNTHETIC / DEMO DATA,
SYN-REQ-0484,We need a reliable drinking water supply in Demo Village 49.,English,Water,Water Supply,We need a reliable drinking water supply in Demo Village 49.,Demo Village 49,Demo District 10,14.705,75.74,0.585,2026-08-08T05:13:00+00:00,SYNTHETIC / DEMO DATA,
SYN-REQ-0485,कृपया Demo Village 49 में बार-बार बिजली कटौती की समस्या दूर करें।,Hindi,Electricity,Power Supply,Please address frequent power cuts in Demo Village 49.,Demo Village 49,Demo District 10,14.705,75.74,0.506,2026-08-18T22:22:00+00:00,SYNTHETIC / DEMO DATA,
SYN-REQ-0486,ದಯವಿಟ್ಟು Demo Village 49 ನಲ್ಲಿ ಪದೇ ಪದೇ ವಿದ್ಯುತ್ ಕಡಿತವನ್ನು ಪರಿಹರಿಸಿ.,Kannada,Electricity,Power Supply,Please address frequent power cuts in Demo Village 49.,Demo Village 49,Demo District 10,14.705,75.74,0.506,2026-07-05T06:02:00+00:00,SYNTHETIC / DEMO DATA,
SYN-REQ-0487,Please address frequent power cuts in Demo Village 49.,English,Electricity,Power Supply,Please address frequent power cuts in Demo Village 49.,Demo Village 49,Demo District 10,14.705,75.74,0.506,2026-08-19T21:26:00+00:00,SYNTHETIC / DEMO DATA,
SYN-REQ-0488,Demo Village 50 में हमें नजदीक प्राथमिक स्वास्थ्य केंद्र चाहिए।,Hindi,Healthcare,Primary Health Centre,We need a nearby primary health centre in Demo Village 50.,Demo Village 50,Demo District 10,14.73,75.78,0.718,2026-08-01T15:50:00+00:00,SYNTHETIC / DEMO DATA,
SYN-REQ-0489,Demo Village 50 ನಲ್ಲಿ ನಮಗೆ ಹತ್ತಿರದ ಪ್ರಾಥಮಿಕ ಆರೋಗ್ಯ ಕೇಂದ್ರ ಬೇಕು.,Kannada,Healthcare,Primary Health Centre,We need a nearby primary health centre in Demo Village 50.,Demo Village 50,Demo District 10,14.73,75.78,0.718,2026-08-18T19:14:00+00:00,SYNTHETIC / DEMO DATA,
SYN-REQ-0490,We need a nearby primary health centre in Demo Village 50.,English,Healthcare,Primary Health Centre,We need a nearby primary health centre in Demo Village 50.,Demo Village 50,Demo District 10,14.73,75.78,0.718,2026-08-18T19:46:00+00:00,SYNTHETIC / DEMO DATA,
SYN-REQ-0491,Demo Village 50 में हमारे बच्चों के लिए अधिक कक्षाओं की जरूरत है।,Hindi,Education,School,Our children need more classrooms in Demo Village 50.,Demo Village 50,Demo District 10,14.73,75.78,0.729,2026-07-29T23:14:00+00:00,SYNTHETIC / DEMO DATA,
SYN-REQ-0492,Demo Village 50 ನಲ್ಲಿ ನಮ್ಮ ಮಕ್ಕಳಿಗೆ ಹೆಚ್ಚಿನ ತರಗತಿ ಕೊಠಡಿಗಳು ಬೇಕು.,Kannada,Education,School,Our children need more classrooms in Demo Village 50.,Demo Village 50,Demo District 10,14.73,75.78,0.729,2026-08-29T19:16:00+00:00,SYNTHETIC / DEMO DATA,
SYN-REQ-0493,Our children need more classrooms in Demo Village 50.,English,Education,School,Our children need more classrooms in Demo Village 50.,Demo Village 50,Demo District 10,14.73,75.78,0.729,2026-08-11T21:41:00+00:00,SYNTHETIC / DEMO DATA,
SYN-REQ-0494,कृपया Demo Village 50 में खराब सड़कों की मरम्मत करें।,Hindi,Roads,Road Repair,Please repair the damaged roads in Demo Village 50.,Demo Village 50,Demo District 10,14.73,75.78,0.667,2026-08-09T11:01:00+00:00,SYNTHETIC / DEMO DATA,
SYN-REQ-0495,ದಯವಿಟ್ಟು Demo Village 50 ನಲ್ಲಿ ಹಾಳಾದ ರಸ್ತೆಗಳನ್ನು ಸರಿಪಡಿಸಿ.,Kannada,Roads,Road Repair,Please repair the damaged roads in Demo Village 50.,Demo Village 50,Demo District 10,14.73,75.78,0.667,2026-08-25T21:24:00+00:00,SYNTHETIC / DEMO DATA,
SYN-REQ-0496,We need a reliable drinking water supply in Demo Village 50.,English,Water,Water Supply,We need a reliable drinking water supply in Demo Village 50.,Demo Village 50,Demo District 10,14.73,75.78,0.73,2026-07-21T05:09:00+00:00,SYNTHETIC / DEMO DATA,
SYN-REQ-0497,Demo Village 50 में हमें नियमित पेयजल आपूर्ति चाहिए।,Hindi,Water,Water Supply,We need a reliable drinking water supply in Demo Village 50.,Demo Village 50,Demo District 10,14.73,75.78,0.73,2026-07-29T02:19:00+00:00,SYNTHETIC / DEMO DATA,
SYN-REQ-0498,Demo Village 50 ನಲ್ಲಿ ನಮಗೆ ನಿಯಮಿತ ಕುಡಿಯುವ ನೀರಿನ ಪೂರೈಕೆ ಬೇಕು.,Kannada,Water,Water Supply,We need a reliable drinking water supply in Demo Village 50.,Demo Village 50,Demo District 10,14.73,75.78,0.73,2026-07-31T15:05:00+00:00,SYNTHETIC / DEMO DATA,
SYN-REQ-0499,Please address frequent power cuts in Demo Village 50.,English,Electricity,Power Supply,Please address frequent power cuts in Demo Village 50.,Demo Village 50,Demo District 10,14.73,75.78,0.676,2026-08-10T10:20:00+00:00,SYNTHETIC / DEMO DATA,
SYN-REQ-0500,कृपया Demo Village 50 में बार-बार बिजली कटौती की समस्या दूर करें।,Hindi,Electricity,Power Supply,Please address frequent power cuts in Demo Village 50.,Demo Village 50,Demo District 10,14.73,75.78,0.676,2026-08-20T09:22:00+00:00,SYNTHETIC / DEMO DATA,
