request_id,original_text,language,category,sub_category,problem,location_name,district,latitude,longitude,urgency,created_at,data_source,confidence
SYN-REQ-0001,We need a nearby primary health centre in Melukote.,English,Healthcare,Primary Health Centre,We need a nearby primary health centre in Melukote.,Melukote,Mandya,12.659444,76.648333,0.419,2026-07-14T22:52:00+00:00,SYNTHETIC / DEMO DATA,
SYN-REQ-0002,Melukote में हमें नजदीक प्राथमिक स्वास्थ्य केंद्र चाहिए।,Hindi,Healthcare,Primary Health Centre,We need a nearby primary health centre in Melukote.,Melukote,Mandya,12.659444,76.648333,0.419,2026-07-18T23:57:00+00:00,SYNTHETIC / DEMO DATA,
SYN-REQ-0003,Melukote ನಲ್ಲಿ ನಮಗೆ ಹತ್ತಿರದ ಪ್ರಾಥಮಿಕ ಆರೋಗ್ಯ ಕೇಂದ್ರ ಬೇಕು.,Kannada,Healthcare,Primary Health Centre,We need a nearby primary health centre in Melukote.,Melukote,Mandya,12.659444,76.648333,0.419,2026-08-29T23:19:00+00:00,SYNTHETIC / DEMO DATA,
SYN-REQ-0004,We need a nearby primary health centre in Melukote.,English,Healthcare,Primary Health Centre,We need a nearby primary health centre in Melukote.,Melukote,Mandya,12.659444,76.648333,0.419,2026-08-11T02:26:00+00:00,SYNTHETIC / DEMO DATA,
SYN-REQ-0005,Melukote में हमें नजदीक प्राथमिक स्वास्थ्य केंद्र चाहिए।,Hindi,Healthcare,Primary Health Centre,We need a nearby primary health centre in Melukote.,Melukote,Mandya,12.659444,76.648333,0.419,2026-08-08T21:40:00+00:00,SYNTHETIC / DEMO DATA,
SYN-REQ-0006,Melukote ನಲ್ಲಿ ನಮಗೆ ಹತ್ತಿರದ ಪ್ರಾಥಮಿಕ ಆರೋಗ್ಯ ಕೇಂದ್ರ ಬೇಕು.,Kannada,Healthcare,Primary Health Centre,We need a nearby primary health centre in Melukote.,Melukote,Mandya,12.659444,76.648333,0.419,2026-07-11T18:13:00+00:00,SYNTHETIC / DEMO DATA,
SYN-REQ-0007,We need a nearby primary health centre in Melukote.,English,Healthcare,Primary Health Centre,We need a nearby primary health centre in Melukote.,Melukote,Mandya,12.659444,76.648333,0.419,2026-08-16T08:21:00+00:00,SYNTHETIC / DEMO DATA,
SYN-REQ-0008,Melukote में हमें नजदीक प्राथमिक स्वास्थ्य केंद्र चाहिए।,Hindi,Healthcare,Primary Health Centre,We need a nearby primary health centre in Melukote.,Melukote,Mandya,12.659444,76.648333,0.419,2026-07-11T15:46:00+00:00,SYNTHETIC / DEMO DATA,
SYN-REQ-0009,Melukote ನಲ್ಲಿ ನಮಗೆ ಹತ್ತಿರದ ಪ್ರಾಥಮಿಕ ಆರೋಗ್ಯ ಕೇಂದ್ರ ಬೇಕು.,Kannada,Healthcare,Primary Health Centre,We need a nearby primary health centre in Melukote.,Melukote,Mandya,12.659444,76.648333,0.419,2026-07-25T09:12:00+00:00,SYNTHETIC / DEMO DATA,
SYN-REQ-0010,We need a nearby primary health centre in Melukote.,English,Healthcare,Primary Health Centre,We need a nearby primary health centre in Melukote.,Melukote,Mandya,12.659444,76.648333,0.419,2026-08-29T21:50:00+00:00,SYNTHETIC / DEMO DATA,
SYN-REQ-0011,Melukote में हमें नजदीक प्राथमिक स्वास्थ्य केंद्र चाहिए।,Hindi,Healthcare,Primary Health Centre,We need a nearby primary health centre in Melukote.,Melukote,Mandya,12.659444,76.648333,0.419,2026-08-14T19:00:00+00:00,SYNTHETIC / DEMO DATA,
SYN-REQ-0012,Melukote ನಲ್ಲಿ ನಮಗೆ ಹತ್ತಿರದ ಪ್ರಾಥಮಿಕ ಆರೋಗ್ಯ ಕೇಂದ್ರ ಬೇಕು.,Kannada,Healthcare,Primary Health Centre,We need a nearby primary health centre in Melukote.,Melukote,Mandya,12.659444,76.648333,0.419,2026-07-15T23:22:00+00:00,SYNTHETIC / DEMO DATA,
SYN-REQ-0013,We need a nearby primary health centre in Melukote.,English,Healthcare,Primary Health Centre,We need a nearby primary health centre in Melukote.,Melukote,Mandya,12.659444,76.648333,0.419,2026-07-21T01:54:00+00:00,SYNTHETIC / DEMO DATA,
SYN-REQ-0014,Melukote में हमें नजदीक प्राथमिक स्वास्थ्य केंद्र चाहिए।,Hindi,Healthcare,Primary Health Centre,We need a nearby primary health centre in Melukote.,Melukote,Mandya,12.659444,76.648333,0.419,2026-07-15T01:05:00+00:00,SYNTHETIC / DEMO DATA,
SYN-REQ-0015,Melukote ನಲ್ಲಿ ನಮಗೆ ಹತ್ತಿರದ ಪ್ರಾಥಮಿಕ ಆರೋಗ್ಯ ಕೇಂದ್ರ ಬೇಕು.,Kannada,Healthcare,Primary Health Centre,We need a nearby primary health centre in Melukote.,Melukote,Mandya,12.659444,76.648333,0.419,2026-08-21T10:46:00+00:00,SYNTHETIC / DEMO DATA,
SYN-REQ-0016,We need a nearby primary health centre in Melukote.,English,Healthcare,Primary Health Centre,We need a nearby primary health centre in Melukote.,Melukote,Mandya,12.659444,76.648333,0.419,2026-07-26T09:08:00+00:00,SYNTHETIC / DEMO DATA,
SYN-REQ-0017,Melukote में हमें नजदीक प्राथमिक स्वास्थ्य केंद्र चाहिए।,Hindi,Healthcare,Primary Health Centre,We need a nearby primary health centre in Melukote.,Melukote,Mandya,12.659444,76.648333,0.419,2026-07-05T07:12:00+00:00,SYNTHETIC / DEMO DATA,
SYN-REQ-0018,Melukote ನಲ್ಲಿ ನಮಗೆ ಹತ್ತಿರದ ಪ್ರಾಥಮಿಕ ಆರೋಗ್ಯ ಕೇಂದ್ರ ಬೇಕು.,Kannada,Healthcare,Primary Health Centre,We need a nearby primary health centre in Melukote.,Melukote,Mandya,12.659444,76.648333,0.419,2026-08-28T19:21:00+00:00,SYNTHETIC / DEMO DATA,
SYN-REQ-0019,We need a nearby primary health centre in Melukote.,English,Healthcare,Primary Health Centre,We need a nearby primary health centre in Melukote.,Melukote,Mandya,12.659444,76.648333,0.419,2026-08-26T10:44:00+00:00,SYNTHETIC / DEMO DATA,
SYN-REQ-0020,Melukote में हमें नजदीक प्राथमिक स्वास्थ्य केंद्र चाहिए।,Hindi,Healthcare,Primary Health Centre,We need a nearby primary health centre in Melukote.,Melukote,Mandya,12.659444,76.648333,0.419,2026-07-14T22:22:00+00:00,SYNTHETIC / DEMO DATA,
SYN-REQ-0021,Melukote ನಲ್ಲಿ ನಮಗೆ ಹತ್ತಿರದ ಪ್ರಾಥಮಿಕ ಆರೋಗ್ಯ ಕೇಂದ್ರ ಬೇಕು.,Kannada,Healthcare,Primary Health Centre,We need a nearby primary health centre in Melukote.,Melukote,Mandya,12.659444,76.648333,0.419,2026-08-01T13:30:00+00:00,SYNTHETIC / DEMO DATA,
SYN-REQ-0022,We need a nearby primary health centre in Melukote.,English,Healthcare,Primary Health Centre,We need a nearby primary health centre in Melukote.,Melukote,Mandya,12.659444,76.648333,0.419,2026-08-26T21:56:00+00:00,SYNTHETIC / DEMO DATA,
SYN-REQ-0023,Melukote में हमें नजदीक प्राथमिक स्वास्थ्य केंद्र चाहिए।,Hindi,Healthcare,Primary Health Centre,We need a nearby primary health centre in Melukote.,Melukote,Mandya,12.659444,76.648333,0.419,2026-07-30T04:52:00+00:00,SYNTHETIC / DEMO DATA,
SYN-REQ-0024,Melukote ನಲ್ಲಿ ನಮಗೆ ಹತ್ತಿರದ ಪ್ರಾಥಮಿಕ ಆರೋಗ್ಯ ಕೇಂದ್ರ ಬೇಕು.,Kannada,Healthcare,Primary Health Centre,We need a nearby primary health centre in Melukote.,Melukote,Mandya,12.659444,76.648333,0.419,2026-07-17T04:45:00+00:00,SYNTHETIC / DEMO DATA,
SYN-REQ-0025,We need a nearby primary health centre in Melukote.,English,Healthcare,Primary Health Centre,We need a nearby primary health centre in Melukote.,Melukote,Mandya,12.659444,76.648333,0.419,2026-07-16T19:09:00+00:00,SYNTHETIC / DEMO DATA,
SYN-REQ-0026,Melukote में हमें नजदीक प्राथमिक स्वास्थ्य केंद्र चाहिए।,Hindi,Healthcare,Primary Health Centre,We need a nearby primary health centre in Melukote.,Melukote,Mandya,12.659444,76.648333,0.419,2026-08-04T08:58:00+00:00,SYNTHETIC / DEMO DATA,
SYN-REQ-0027,Melukote ನಲ್ಲಿ ನಮಗೆ ಹತ್ತಿರದ ಪ್ರಾಥಮಿಕ ಆರೋಗ್ಯ ಕೇಂದ್ರ ಬೇಕು.,Kannada,Healthcare,Primary Health Centre,We need a nearby primary health centre in Melukote.,Melukote,Mandya,12.659444,76.648333,0.419,2026-08-17T19:57:00+00:00,SYNTHETIC / DEMO DATA,
SYN-REQ-0028,We need a nearby primary health centre in Melukote.,English,Healthcare,Primary Health Centre,We need a nearby primary health centre in Melukote.,Melukote,Mandya,12.659444,76.648333,0.419,2026-07-28T19:55:00+00:00,SYNTHETIC / DEMO DATA,
SYN-REQ-0029,Melukote में हमें नजदीक प्राथमिक स्वास्थ्य केंद्र चाहिए।,Hindi,Healthcare,Primary Health Centre,We need a nearby primary health centre in Melukote.,Melukote,Mandya,12.659444,76.648333,0.419,2026-07-26T12:21:00+00:00,SYNTHETIC / DEMO DATA,
SYN-REQ-0030,Melukote ನಲ್ಲಿ ನಮಗೆ ಹತ್ತಿರದ ಪ್ರಾಥಮಿಕ ಆರೋಗ್ಯ ಕೇಂದ್ರ ಬೇಕು.,Kannada,Healthcare,Primary Health Centre,We need a nearby primary health centre in Melukote.,Melukote,Mandya,12.659444,76.648333,0.419,2026-07-15T04:43:00+00:00,SYNTHETIC / DEMO DATA,
SYN-REQ-0031,Our children need more classrooms in Melukote.,English,Education,School,Our children need more classrooms in Melukote.,Melukote,Mandya,12.659444,76.648333,0.444,2026-08-02T16:50:00+00:00,SYNTHETIC / DEMO DATA,
SYN-REQ-0032,Melukote में हमारे बच्चों के लिए अधिक कक्षाओं की जरूरत है।,Hindi,Education,School,Our children need more classrooms in Melukote.,Melukote,Mandya,12.659444,76.648333,0.444,2026-07-06T01:36:00+00:00,SYNTHETIC / DEMO DATA,
SYN-REQ-0033,Melukote ನಲ್ಲಿ ನಮ್ಮ ಮಕ್ಕಳಿಗೆ ಹೆಚ್ಚಿನ ತರಗತಿ ಕೊಠಡಿಗಳು ಬೇಕು.,Kannada,Education,School,Our children need more classrooms in Melukote.,Melukote,Mandya,12.659444,76.648333,0.444,2026-08-25T03:44:00+00:00,SYNTHETIC / DEMO DATA,
SYN-REQ-0034,Our children need more classrooms in Melukote.,English,Education,School,Our children need more classrooms in Melukote.,Melukote,Mandya,12.659444,76.648333,0.444,2026-07-10T21:25:00+00:00,SYNTHETIC / DEMO DATA,
SYN-REQ-0035,Melukote में हमारे बच्चों के लिए अधिक कक्षाओं की जरूरत है।,Hindi,Education,School,Our children need more classrooms in Melukote.,Melukote,Mandya,12.659444,76.648333,0.444,2026-07-11T23:13:00+00:00,SYNTHETIC / DEMO DATA,
SYN-REQ-0036,Melukote ನಲ್ಲಿ ನಮ್ಮ ಮಕ್ಕಳಿಗೆ ಹೆಚ್ಚಿನ ತರಗತಿ ಕೊಠಡಿಗಳು ಬೇಕು.,Kannada,Education,School,Our children need more classrooms in Melukote.,Melukote,Mandya,12.659444,76.648333,0.444,2026-07-28T20:21:00+00:00,SYNTHETIC / DEMO DATA,
SYN-REQ-0037,Our children need more classrooms in Melukote.,English,Education,School,Our children need more classrooms in Melukote.,Melukote,Mandya,12.659444,76.648333,0.444,2026-07-05T13:08:00+00:00,SYNTHETIC / DEMO DATA,
SYN-REQ-0038,Melukote में हमारे बच्चों के लिए अधिक कक्षाओं की जरूरत है।,Hindi,Education,School,Our children need more classrooms in Melukote.,Melukote,Mandya,12.659444,76.648333,0.444,2026-07-25T20:20:00+00:00,SYNTHETIC / DEMO DATA,
SYN-REQ-0039,Melukote ನಲ್ಲಿ ನಮ್ಮ ಮಕ್ಕಳಿಗೆ ಹೆಚ್ಚಿನ ತರಗತಿ ಕೊಠಡಿಗಳು ಬೇಕು.,Kannada,Education,School,Our children need more classrooms in Melukote.,Melukote,Mandya,12.659444,76.648333,0.444,2026-07-30T18:03:00+00:00,SYNTHETIC / DEMO DATA,
SYN-REQ-0040,Our children need more classrooms in Melukote.,English,Education,School,Our children need more classrooms in Melukote.,Melukote,Mandya,12.659444,76.648333,0.444,2026-07-17T18:53:00+00:00,SYNTHETIC / DEMO DATA,
SYN-REQ-0041,Melukote में हमारे बच्चों के लिए अधिक कक्षाओं की जरूरत है।,Hindi,Education,School,Our children need more classrooms in Melukote.,Melukote,Mandya,12.659444,76.648333,0.444,2026-08-25T00:23:00+00:00,SYNTHETIC / DEMO DATA,
SYN-REQ-0042,Melukote ನಲ್ಲಿ ನಮ್ಮ ಮಕ್ಕಳಿಗೆ ಹೆಚ್ಚಿನ ತರಗತಿ ಕೊಠಡಿಗಳು ಬೇಕು.,Kannada,Education,School,Our children need more classrooms in Melukote.,Melukote,Mandya,12.659444,76.648333,0.444,2026-08-13T03:54:00+00:00,SYNTHETIC / DEMO DATA,
SYN-REQ-0043,Our children need more classrooms in Melukote.,English,Education,School,Our children need more classrooms in Melukote.,Melukote,Mandya,12.659444,76.648333,0.444,2026-08-13T18:19:00+00:00,SYNTHETIC / DEMO DATA,
SYN-REQ-0044,Melukote में हमारे बच्चों के लिए अधिक कक्षाओं की जरूरत है।,Hindi,Education,School,Our children need more classrooms in Melukote.,Melukote,Mandya,12.659444,76.648333,0.444,2026-08-18T09:06:00+00:00,SYNTHETIC / DEMO DATA,
SYN-REQ-0045,Melukote ನಲ್ಲಿ ನಮ್ಮ ಮಕ್ಕಳಿಗೆ ಹೆಚ್ಚಿನ ತರಗತಿ ಕೊಠಡಿಗಳು ಬೇಕು.,Kannada,Education,School,Our children need more classrooms in Melukote.,Melukote,Mandya,12.659444,76.648333,0.444,2026-08-19T21:52:00+00:00,SYNTHETIC / DEMO DATA,
SYN-REQ-0046,Our children need more classrooms in Melukote.,English,Education,School,Our children need more classrooms in Melukote.,Melukote,Mandya,12.659444,76.648333,0.444,2026-07-22T03:48:00+00:00,SYNTHETIC / DEMO DATA,
SYN-REQ-0047,Melukote में हमारे बच्चों के लिए अधिक कक्षाओं की जरूरत है।,Hindi,Education,School,Our children need more classrooms in Melukote.,Melukote,Mandya,12.659444,76.648333,0.444,2026-07-19T14:50:00+00:00,SYNTHETIC / DEMO DATA,
SYN-REQ-0048,Melukote ನಲ್ಲಿ ನಮ್ಮ ಮಕ್ಕಳಿಗೆ ಹೆಚ್ಚಿನ ತರಗತಿ ಕೊಠಡಿಗಳು ಬೇಕು.,Kannada,Education,School,Our children need more classrooms in Melukote.,Melukote,Mandya,12.659444,76.648333,0.444,2026-07-11T15:29:00+00:00,SYNTHETIC / DEMO DATA,
SYN-REQ-0049,Our children need more classrooms in Melukote.,English,Education,School,Our children need more classrooms in Melukote.,Melukote,Mandya,12.659444,76.648333,0.444,2026-07-01T08:59:00+00:00,SYNTHETIC / DEMO DATA,
SYN-REQ-0050,Melukote में हमारे बच्चों के लिए अधिक कक्षाओं की जरूरत है।,Hindi,Education,School,Our children need more classrooms in Melukote.,Melukote,Mandya,12.659444,76.648333,0.444,2026-08-02T06:05:00+00:00,SYNTHETIC / DEMO DATA,
SYN-REQ-0051,Melukote ನಲ್ಲಿ ನಮ್ಮ ಮಕ್ಕಳಿಗೆ ಹೆಚ್ಚಿನ ತರಗತಿ ಕೊಠಡಿಗಳು ಬೇಕು.,Kannada,Education,School,Our children need more classrooms in Melukote.,Melukote,Mandya,12.659444,76.648333,0.444,2026-08-02T03:37:00+00:00,SYNTHETIC / DEMO DATA,
SYN-REQ-0052,Our children need more classrooms in Melukote.,English,Education,School,Our children need more classrooms in Melukote.,Melukote,Mandya,12.659444,76.648333,0.444,2026-08-25T21:20:00+00:00,SYNTHETIC / DEMO DATA,
SYN-REQ-0053,Melukote में हमारे बच्चों के लिए अधिक कक्षाओं की जरूरत है।,Hindi,Education,School,Our children need more classrooms in Melukote.,Melukote,Mandya,12.659444,76.648333,0.444,2026-07-20T21:48:00+00:00,SYNTHETIC / DEMO DATA,
SYN-REQ-0054,Melukote ನಲ್ಲಿ ನಮ್ಮ ಮಕ್ಕಳಿಗೆ ಹೆಚ್ಚಿನ ತರಗತಿ ಕೊಠಡಿಗಳು ಬೇಕು.,Kannada,Education,School,Our children need more classrooms in Melukote.,Melukote,Mandya,12.659444,76.648333,0.444,2026-08-02T20:47:00+00:00,SYNTHETIC / DEMO DATA,
SYN-REQ-0055,Our children need more classrooms in Melukote.,English,Education,School,Our children need more classrooms in Melukote.,Melukote,Mandya,12.659444,76.648333,0.444,2026-07-13T05:13:00+00:00,SYNTHETIC / DEMO DATA,
SYN-REQ-0056,Melukote में हमारे बच्चों के लिए अधिक कक्षाओं की जरूरत है।,Hindi,Education,School,Our children need more classrooms in Melukote.,Melukote,Mandya,12.659444,76.648333,0.444,2026-07-24T05:30:00+00:00,SYNTHETIC / DEMO DATA,
SYN-REQ-0057,Melukote ನಲ್ಲಿ ನಮ್ಮ ಮಕ್ಕಳಿಗೆ ಹೆಚ್ಚಿನ ತರಗತಿ ಕೊಠಡಿಗಳು ಬೇಕು.,Kannada,Education,School,Our children need more classrooms in Melukote.,Melukote,Mandya,12.659444,76.648333,0.444,2026-08-04T18:06:00+00:00,SYNTHETIC / DEMO DATA,
SYN-REQ-0058,Our children need more classrooms in Melukote.,English,Education,School,Our children need more classrooms in Melukote.,Melukote,Mandya,12.659444,76.648333,0.444,2026-08-28T00:01:00+00:00,SYNTHETIC / DEMO DATA,
SYN-REQ-0059,Melukote में हमारे बच्चों के लिए अधिक कक्षाओं की जरूरत है।,Hindi,Education,School,Our children need more classrooms in Melukote.,Melukote,Mandya,12.659444,76.648333,0.444,2026-08-08T11:03:00+00:00,SYNTHETIC / DEMO DATA,
SYN-REQ-0060,Melukote ನಲ್ಲಿ ನಮ್ಮ ಮಕ್ಕಳಿಗೆ ಹೆಚ್ಚಿನ ತರಗತಿ ಕೊಠಡಿಗಳು ಬೇಕು.,Kannada,Education,School,Our children need more classrooms in Melukote.,Melukote,Mandya,12.659444,76.648333,0.444,2026-08-01T00:39:00+00:00,SYNTHETIC / DEMO DATA,
SYN-REQ-0061,Our children need more classrooms in Melukote.,English,Education,School,Our children need more classrooms in Melukote.,Melukote,Mandya,12.659444,76.648333,0.444,2026-07-08T12:23:00+00:00,SYNTHETIC / DEMO DATA,
SYN-REQ-0062,Melukote में हमारे बच्चों के लिए अधिक कक्षाओं की जरूरत है।,Hindi,Education,School,Our children need more classrooms in Melukote.,Melukote,Mandya,12.659444,76.648333,0.444,2026-08-26T10:29:00+00:00,SYNTHETIC / DEMO DATA,
SYN-REQ-0063,ದಯವಿಟ್ಟು Melukote ನಲ್ಲಿ ಹಾಳಾದ ರಸ್ತೆಗಳನ್ನು ಸರಿಪಡಿಸಿ.,Kannada,Roads,Road Repair,Please repair the damaged roads in Melukote.,Melukote,Mandya,12.659444,76.648333,0.365,2026-07-16T01:58:00+00:00,SYNTHETIC / DEMO DATA,
SYN-REQ-0064,Please repair the damaged roads in Melukote.,English,Roads,Road Repair,Please repair the damaged roads in Melukote.,Melukote,Mandya,12.659444,76.648333,0.365,2026-07-16T19:21:00+00:00,SYNTHETIC / DEMO DATA,
SYN-REQ-0065,कृपया Melukote में खराब सड़कों की मरम्मत करें।,Hindi,Roads,Road Repair,Please repair the damaged roads in Melukote.,Melukote,Mandya,12.659444,76.648333,0.365,2026-07-06T02:55:00+00:00,SYNTHETIC / DEMO DATA,
SYN-REQ-0066,ದಯವಿಟ್ಟು Melukote ನಲ್ಲಿ ಹಾಳಾದ ರಸ್ತೆಗಳನ್ನು ಸರಿಪಡಿಸಿ.,Kannada,Roads,Road Repair,Please repair the damaged roads in Melukote.,Melukote,Mandya,12.659444,76.648333,0.365,2026-08-16T16:35:00+00:00,SYNTHETIC / DEMO DATA,
SYN-REQ-0067,Please repair the damaged roads in Melukote.,English,Roads,Road Repair,Please repair the damaged roads in Melukote.,Melukote,Mandya,12.659444,76.648333,0.365,2026-08-22T02:21:00+00:00,SYNTHETIC / DEMO DATA,
SYN-REQ-0068,कृपया Melukote में खराब सड़कों की मरम्मत करें।,Hindi,Roads,Road Repair,Please repair the damaged roads in Melukote.,Melukote,Mandya,12.659444,76.648333,0.365,2026-08-18T18:10:00+00:00,SYNTHETIC / DEMO DATA,
SYN-REQ-0069,ದಯವಿಟ್ಟು Melukote ನಲ್ಲಿ ಹಾಳಾದ ರಸ್ತೆಗಳನ್ನು ಸರಿಪಡಿಸಿ.,Kannada,Roads,Road Repair,Please repair the damaged roads in Melukote.,Melukote,Mandya,12.659444,76.648333,0.365,2026-08-19T04:17:00+00:00,SYNTHETIC / DEMO DATA,
SYN-REQ-0070,Please repair the damaged roads in Melukote.,English,Roads,Road Repair,Please repair the damaged roads in Melukote.,Melukote,Mandya,12.659444,76.648333,0.365,2026-07-09T22:31:00+00:00,SYNTHETIC / DEMO DATA,
SYN-REQ-0071,कृपया Melukote में खराब सड़कों की मरम्मत करें।,Hindi,Roads,Road Repair,Please repair the damaged roads in Melukote.,Melukote,Mandya,12.659444,76.648333,0.365,2026-07-31T18:45:00+00:00,SYNTHETIC / DEMO DATA,
SYN-REQ-0072,ದಯವಿಟ್ಟು Melukote ನಲ್ಲಿ ಹಾಳಾದ ರಸ್ತೆಗಳನ್ನು ಸರಿಪಡಿಸಿ.,Kannada,Roads,Road Repair,Please repair the damaged roads in Melukote.,Melukote,Mandya,12.659444,76.648333,0.365,2026-07-11T09:02:00+00:00,SYNTHETIC / DEMO DATA,
SYN-REQ-0073,Please repair the damaged roads in Melukote.,English,Roads,Road Repair,Please repair the damaged roads in Melukote.,Melukote,Mandya,12.659444,76.648333,0.365,2026-08-03T20:42:00+00:00,SYNTHETIC / DEMO DATA,
SYN-REQ-0074,कृपया Melukote में खराब सड़कों की मरम्मत करें।,Hindi,Roads,Road Repair,Please repair the damaged roads in Melukote.,Melukote,Mandya,12.659444,76.648333,0.365,2026-07-28T07:13:00+00:00,SYNTHETIC / DEMO DATA,
SYN-REQ-0075,ದಯವಿಟ್ಟು Melukote ನಲ್ಲಿ ಹಾಳಾದ ರಸ್ತೆಗಳನ್ನು ಸರಿಪಡಿಸಿ.,Kannada,Roads,Road Repair,Please repair the damaged roads in Melukote.,Melukote,Mandya,12.659444,76.648333,0.365,2026-08-29T18:24:00+00:00,SYNTHETIC / DEMO DATA,
SYN-REQ-0076,Please repair the damaged roads in Melukote.,English,Roads,Road Repair,Please repair the damaged roads in Melukote.,Melukote,Mandya,12.659444,76.648333,0.365,2026-08-18T23:32:00+00:00,SYNTHETIC / DEMO DATA,
SYN-REQ-0077,कृपया Melukote में खराब सड़कों की मरम्मत करें।,Hindi,Roads,Road Repair,Please repair the damaged roads in Melukote.,Melukote,Mandya,12.659444,76.648333,0.365,2026-07-13T10:38:00+00:00,SYNTHETIC / DEMO DATA,
SYN-REQ-0078,ದಯವಿಟ್ಟು Melukote ನಲ್ಲಿ ಹಾಳಾದ ರಸ್ತೆಗಳನ್ನು ಸರಿಪಡಿಸಿ.,Kannada,Roads,Road Repair,Please repair the damaged roads in Melukote.,Melukote,Mandya,12.659444,76.648333,0.365,2026-07-26T22:55:00+00:00,SYNTHETIC / DEMO DATA,
SYN-REQ-0079,Please repair the damaged roads in Melukote.,English,Roads,Road Repair,Please repair the damaged roads in Melukote.,Melukote,Mandya,12.659444,76.648333,0.365,2026-08-11T12:44:00+00:00,SYNTHETIC / DEMO DATA,
SYN-REQ-0080,कृपया Melukote में खराब सड़कों की मरम्मत करें।,Hindi,Roads,Road Repair,Please repair the damaged roads in Melukote.,Melukote,Mandya,12.659444,76.648333,0.365,2026-07-29T17:39:00+00:00,SYNTHETIC / DEMO DATA,
SYN-REQ-0081,ದಯವಿಟ್ಟು Melukote ನಲ್ಲಿ ಹಾಳಾದ ರಸ್ತೆಗಳನ್ನು ಸರಿಪಡಿಸಿ.,Kannada,Roads,Road Repair,Please repair the damaged roads in Melukote.,Melukote,Mandya,12.659444,76.648333,0.365,2026-07-29T04:07:00+00:00,SYNTHETIC / DEMO DATA,
SYN-REQ-0082,Please repair the damaged roads in Melukote.,English,Roads,Road Repair,Please repair the damaged roads in Melukote.,Melukote,Mandya,12.659444,76.648333,0.365,2026-07-16T07:40:00+00:00,SYNTHETIC / DEMO DATA,
SYN-REQ-0083,कृपया Melukote में खराब सड़कों की मरम्मत करें।,Hindi,Roads,Road Repair,Please repair the damaged roads in Melukote.,Melukote,Mandya,12.659444,76.648333,0.365,2026-07-05T11:32:00+00:00,SYNTHETIC / DEMO DATA,
SYN-REQ-0084,ದಯವಿಟ್ಟು Melukote ನಲ್ಲಿ ಹಾಳಾದ ರಸ್ತೆಗಳನ್ನು ಸರಿಪಡಿಸಿ.,Kannada,Roads,Road Repair,Please repair the damaged roads in Melukote.,Melukote,Mandya,12.659444,76.648333,0.365,2026-07-02T20:04:00+00:00,SYNTHETIC / DEMO DATA,
SYN-REQ-0085,Please repair the damaged roads in Melukote.,English,Roads,Road Repair,Please repair the damaged roads in Melukote.,Melukote,Mandya,12.659444,76.648333,0.365,2026-08-05T07:51:00+00:00,SYNTHETIC / DEMO DATA,
SYN-REQ-0086,कृपया Melukote में खराब सड़कों की मरम्मत करें।,Hindi,Roads,Road Repair,Please repair the damaged roads in Melukote.,Melukote,Mandya,12.659444,76.648333,0.365,2026-08-07T07:31:00+00:00,SYNTHETIC / DEMO DATA,
SYN-REQ-0087,ದಯವಿಟ್ಟು Melukote ನಲ್ಲಿ ಹಾಳಾದ ರಸ್ತೆಗಳನ್ನು ಸರಿಪಡಿಸಿ.,Kannada,Roads,Road Repair,Please repair the damaged roads in Melukote.,Melukote,Mandya,12.659444,76.648333,0.365,2026-07-01T02:25:00+00:00,SYNTHETIC / DEMO DATA,
SYN-REQ-0088,We need a reliable drinking water supply in Melukote.,English,Water,Water Supply,We need a reliable drinking water supply in Melukote.,Melukote,Mandya,12.659444,76.648333,0.457,2026-08-15T21:32:00+00:00,SYNTHETIC / DEMO DATA,
SYN-REQ-0089,Melukote में हमें नियमित पेयजल आपूर्ति चाहिए।,Hindi,Water,Water Supply,We need a reliable drinking water supply in Melukote.,Melukote,Mandya,12.659444,76.648333,0.457,2026-07-04T07:48:00+00:00,SYNTHETIC / DEMO DATA,
SYN-REQ-0090,Melukote ನಲ್ಲಿ ನಮಗೆ ನಿಯಮಿತ ಕುಡಿಯುವ ನೀರಿನ ಪೂರೈಕೆ ಬೇಕು.,Kannada,Water,Water Supply,We need a reliable drinking water supply in Melukote.,Melukote,Mandya,12.659444,76.648333,0.457,2026-07-05T01:04:00+00:00,SYNTHETIC / DEMO DATA,
SYN-REQ-0091,We need a reliable drinking water supply in Melukote.,English,Water,Water Supply,We need a reliable drinking water supply in Melukote.,Melukote,Mandya,12.659444,76.648333,0.457,2026-08-25T11:16:00+00:00,SYNTHETIC / DEMO DATA,
SYN-REQ-0092,Melukote में हमें नियमित पेयजल आपूर्ति चाहिए।,Hindi,Water,Water Supply,We need a reliable drinking water supply in Melukote.,Melukote,Mandya,12.659444,76.648333,0.457,2026-07-05T17:32:00+00:00,SYNTHETIC / DEMO DATA,
SYN-REQ-0093,Melukote ನಲ್ಲಿ ನಮಗೆ ನಿಯಮಿತ ಕುಡಿಯುವ ನೀರಿನ ಪೂರೈಕೆ ಬೇಕು.,Kannada,Water,Water Supply,We need a reliable drinking water supply in Melukote.,Melukote,Mandya,12.659444,76.648333,0.457,2026-07-16T09:30:00+00:00,SYNTHETIC / DEMO DATA,
SYN-REQ-0094,We need a reliable drinking water supply in Melukote.,English,Water,Water Supply,We need a reliable drinking water supply in Melukote.,Melukote,Mandya,12.659444,76.648333,0.457,2026-08-12T16:34:00+00:00,SYNTHETIC / DEMO DATA,
SYN-REQ-0095,Melukote में हमें नियमित पेयजल आपूर्ति चाहिए।,Hindi,Water,Water Supply,We need a reliable drinking water supply in Melukote.,Melukote,Mandya,12.659444,76.648333,0.457,2026-07-14T18:24:00+00:00,SYNTHETIC / DEMO DATA,
SYN-REQ-0096,Melukote ನಲ್ಲಿ ನಮಗೆ ನಿಯಮಿತ ಕುಡಿಯುವ ನೀರಿನ ಪೂರೈಕೆ ಬೇಕು.,Kannada,Water,Water Supply,We need a reliable drinking water supply in Melukote.,Melukote,Mandya,12.659444,76.648333,0.457,2026-07-09T19:29:00+00:00,SYNTHETIC / DEMO DATA,
SYN-REQ-0097,We need a reliable drinking water supply in Melukote.,English,Water,Water Supply,We need a reliable drinking water supply in Melukote.,Melukote,Mandya,12.659444,76.648333,0.457,2026-08-06T16:08:00+00:00,SYNTHETIC / DEMO DATA,
SYN-REQ-0098,Melukote में हमें नियमित पेयजल आपूर्ति चाहिए।,Hindi,Water,Water Supply,We need a reliable drinking water supply in Melukote.,Melukote,Mandya,12.659444,76.648333,0.457,2026-07-16T16:08:00+00:00,SYNTHETIC / DEMO DATA,
SYN-REQ-0099,Melukote ನಲ್ಲಿ ನಮಗೆ ನಿಯಮಿತ ಕುಡಿಯುವ ನೀರಿನ ಪೂರೈಕೆ ಬೇಕು.,Kannada,Water,Water Supply,We need a reliable drinking water supply in Melukote.,Melukote,Mandya,12.659444,76.648333,0.457,2026-08-21T13:53:00+00:00,SYNTHETIC / DEMO DATA,
SYN-REQ-0100,We need a reliable drinking water supply in Melukote.,English,Water,Water Supply,We need a reliable drinking water supply in Melukote.,Melukote,Mandya,12.659444,76.648333,0.457,2026-07-13T03:13:00+00:00,SYNTHETIC / DEMO DATA,
SYN-REQ-0101,Melukote में हमें नियमित पेयजल आपूर्ति चाहिए।,Hindi,Water,Water Supply,We need a reliable drinking water supply in Melukote.,Melukote,Mandya,12.659444,76.648333,0.457,2026-07-07T22:29:00+00:00,SYNTHETIC / DEMO DATA,
SYN-REQ-0102,Melukote ನಲ್ಲಿ ನಮಗೆ ನಿಯಮಿತ ಕುಡಿಯುವ ನೀರಿನ ಪೂರೈಕೆ ಬೇಕು.,Kannada,Water,Water Supply,We need a reliable drinking water supply in Melukote.,Melukote,Mandya,12.659444,76.648333,0.457,2026-07-28T12:05:00+00:00,SYNTHETIC / DEMO DATA,
SYN-REQ-0103,We need a reliable drinking water supply in Melukote.,English,Water,Water Supply,We need a reliable drinking water supply in Melukote.,Melukote,Mandya,12.659444,76.648333,0.457,2026-07-28T14:01:00+00:00,SYNTHETIC / DEMO DATA,
SYN-REQ-0104,Melukote में हमें नियमित पेयजल आपूर्ति चाहिए।,Hindi,Water,Water Supply,We need a reliable drinking water supply in Melukote.,Melukote,Mandya,12.659444,76.648333,0.457,2026-07-30T01:50:00+00:00,SYNTHETIC / DEMO DATA,
SYN-REQ-0105,Melukote ನಲ್ಲಿ ನಮಗೆ ನಿಯಮಿತ ಕುಡಿಯುವ ನೀರಿನ ಪೂರೈಕೆ ಬೇಕು.,Kannada,Water,Water Supply,We need a reliable drinking water supply in Melukote.,Melukote,Mandya,12.659444,76.648333,0.457,2026-08-13T22:18:00+00:00,SYNTHETIC / DEMO DATA,
SYN-REQ-0106,We need a reliable drinking water supply in Melukote.,English,Water,Water Supply,We need a reliable drinking water supply in Melukote.,Melukote,Mandya,12.659444,76.648333,0.457,2026-08-11T03:21:00+00:00,SYNTHETIC / DEMO DATA,
SYN-REQ-0107,Melukote में हमें नियमित पेयजल आपूर्ति चाहिए।,Hindi,Water,Water Supply,We need a reliable drinking water supply in Melukote.,Melukote,Mandya,12.659444,76.648333,0.457,2026-07-04T13:44:00+00:00,SYNTHETIC / DEMO DATA,
SYN-REQ-0108,Melukote ನಲ್ಲಿ ನಮಗೆ ನಿಯಮಿತ ಕುಡಿಯುವ ನೀರಿನ ಪೂರೈಕೆ ಬೇಕು.,Kannada,Water,Water Supply,We need a reliable drinking water supply in Melukote.,Melukote,Mandya,12.659444,76.648333,0.457,2026-08-16T11:34:00+00:00,SYNTHETIC / DEMO DATA,
SYN-REQ-0109,We need a reliable drinking water supply in Melukote.,English,Water,Water Supply,We need a reliable drinking water supply in Melukote.,Melukote,Mandya,12.659444,76.648333,0.457,2026-08-21T03:43:00+00:00,SYNTHETIC / DEMO DATA,
SYN-REQ-0110,Melukote में हमें नियमित पेयजल आपूर्ति चाहिए।,Hindi,Water,Water Supply,We need a reliable drinking water supply in Melukote.,Melukote,Mandya,12.659444,76.648333,0.457,2026-07-16T06:32:00+00:00,SYNTHETIC / DEMO DATA,
SYN-REQ-0111,Melukote ನಲ್ಲಿ ನಮಗೆ ನಿಯಮಿತ ಕುಡಿಯುವ ನೀರಿನ ಪೂರೈಕೆ ಬೇಕು.,Kannada,Water,Water Supply,We need a reliable drinking water supply in Melukote.,Melukote,Mandya,12.659444,76.648333,0.457,2026-07-13T18:18:00+00:00,SYNTHETIC / DEMO DATA,
SYN-REQ-0112,We need a reliable drinking water supply in Melukote.,English,Water,Water Supply,We need a reliable drinking water supply in Melukote.,Melukote,Mandya,12.659444,76.648333,0.457,2026-07-29T04:47:00+00:00,SYNTHETIC / DEMO DATA,
SYN-REQ-0113,Melukote में हमें नियमित पेयजल आपूर्ति चाहिए।,Hindi,Water,Water Supply,We need a reliable drinking water supply in Melukote.,Melukote,Mandya,12.659444,76.648333,0.457,2026-07-28T06:15:00+00:00,SYNTHETIC / DEMO DATA,
SYN-REQ-0114,Melukote ನಲ್ಲಿ ನಮಗೆ ನಿಯಮಿತ ಕುಡಿಯುವ ನೀರಿನ ಪೂರೈಕೆ ಬೇಕು.,Kannada,Water,Water Supply,We need a reliable drinking water supply in Melukote.,Melukote,Mandya,12.659444,76.648333,0.457,2026-07-18T15:47:00+00:00,SYNTHETIC / DEMO DATA,
SYN-REQ-0115,We need a reliable drinking water supply in Melukote.,English,Water,Water Supply,We need a reliable drinking water supply in Melukote.,Melukote,Mandya,12.659444,76.648333,0.457,2026-07-16T02:34:00+00:00,SYNTHETIC / DEMO DATA,
SYN-REQ-0116,Melukote में हमें नियमित पेयजल आपूर्ति चाहिए।,Hindi,Water,Water Supply,We need a reliable drinking water supply in Melukote.,Melukote,Mandya,12.659444,76.648333,0.457,2026-07-29T18:47:00+00:00,SYNTHETIC / DEMO DATA,
SYN-REQ-0117,Melukote ನಲ್ಲಿ ನಮಗೆ ನಿಯಮಿತ ಕುಡಿಯುವ ನೀರಿನ ಪೂರೈಕೆ ಬೇಕು.,Kannada,Water,Water Supply,We need a reliable drinking water supply in Melukote.,Melukote,Mandya,12.659444,76.648333,0.457,2026-07-07T01:43:00+00:00,SYNTHETIC / DEMO DATA,
SYN-REQ-0118,We need a reliable drinking water supply in Melukote.,English,Water,Water Supply,We need a reliable drinking water supply in Melukote.,Melukote,Mandya,12.659444,76.648333,0.457,2026-08-11T18:27:00+00:00,SYNTHETIC / DEMO DATA,
SYN-REQ-0119,Melukote में हमें नियमित पेयजल आपूर्ति चाहिए।,Hindi,Water,Water Supply,We need a reliable drinking water supply in Melukote.,Melukote,Mandya,12.659444,76.648333,0.457,2026-08-23T00:30:00+00:00,SYNTHETIC / DEMO DATA,
SYN-REQ-0120,Melukote ನಲ್ಲಿ ನಮಗೆ ನಿಯಮಿತ ಕುಡಿಯುವ ನೀರಿನ ಪೂರೈಕೆ ಬೇಕು.,Kannada,Water,Water Supply,We need a reliable drinking water supply in Melukote.,Melukote,Mandya,12.659444,76.648333,0.457,2026-07-06T08:04:00+00:00,SYNTHETIC / DEMO DATA,
SYN-REQ-0121,Please address frequent power cuts in Melukote.,English,Electricity,Power Supply,Please address frequent power cuts in Melukote.,Melukote,Mandya,12.659444,76.648333,0.421,2026-07-11T13:52:00+00:00,SYNTHETIC / DEMO DATA,
SYN-REQ-0122,कृपया Melukote में बार-बार बिजली कटौती की समस्या दूर करें।,Hindi,Electricity,Power Supply,Please address frequent power cuts in Melukote.,Melukote,Mandya,12.659444,76.648333,0.421,2026-08-01T16:25:00+00:00,SYNTHETIC / DEMO DATA,
SYN-REQ-0123,ದಯವಿಟ್ಟು Melukote ನಲ್ಲಿ ಪದೇ ಪದೇ ವಿದ್ಯುತ್ ಕಡಿತವನ್ನು ಪರಿಹರಿಸಿ.,Kannada,Electricity,Power Supply,Please address frequent power cuts in Melukote.,Melukote,Mandya,12.659444,76.648333,0.421,2026-07-14T13:41:00+00:00,SYNTHETIC / DEMO DATA,
SYN-REQ-0124,Please address frequent power cuts in Melukote.,English,Electricity,Power Supply,Please address frequent power cuts in Melukote.,Melukote,Mandya,12.659444,76.648333,0.421,2026-08-27T02:00:00+00:00,SYNTHETIC / DEMO DATA,
SYN-REQ-0125,कृपया Melukote में बार-बार बिजली कटौती की समस्या दूर करें।,Hindi,Electricity,Power Supply,Please address frequent power cuts in Melukote.,Melukote,Mandya,12.659444,76.648333,0.421,2026-07-11T12:56:00+00:00,SYNTHETIC / DEMO DATA,
SYN-REQ-0126,ದಯವಿಟ್ಟು Melukote ನಲ್ಲಿ ಪದೇ ಪದೇ ವಿದ್ಯುತ್ ಕಡಿತವನ್ನು ಪರಿಹರಿಸಿ.,Kannada,Electricity,Power Supply,Please address frequent power cuts in Melukote.,Melukote,Mandya,12.659444,76.648333,0.421,2026-07-01T13:19:00+00:00,SYNTHETIC / DEMO DATA,
SYN-REQ-0127,Please address frequent power cuts in Melukote.,English,Electricity,Power Supply,Please address frequent power cuts in Melukote.,Melukote,Mandya,12.659444,76.648333,0.421,2026-07-17T15:31:00+00:00,SYNTHETIC / DEMO DATA,
SYN-REQ-0128,कृपया Melukote में बार-बार बिजली कटौती की समस्या दूर करें।,Hindi,Electricity,Power Supply,Please address frequent power cuts in Melukote.,Melukote,Mandya,12.659444,76.648333,0.421,2026-07-19T14:26:00+00:00,SYNTHETIC / DEMO DATA,
SYN-REQ-0129,ದಯವಿಟ್ಟು Melukote ನಲ್ಲಿ ಪದೇ ಪದೇ ವಿದ್ಯುತ್ ಕಡಿತವನ್ನು ಪರಿಹರಿಸಿ.,Kannada,Electricity,Power Supply,Please address frequent power cuts in Melukote.,Melukote,Mandya,12.659444,76.648333,0.421,2026-08-14T18:58:00+00:00,SYNTHETIC / DEMO DATA,
SYN-REQ-0130,Please address frequent power cuts in Melukote.,English,Electricity,Power Supply,Please address frequent power cuts in Melukote.,Melukote,Mandya,12.659444,76.648333,0.421,2026-08-12T16:36:00+00:00,SYNTHETIC / DEMO DATA,
SYN-REQ-0131,कृपया Melukote में बार-बार बिजली कटौती की समस्या दूर करें।,Hindi,Electricity,Power Supply,Please address frequent power cuts in Melukote.,Melukote,Mandya,12.659444,76.648333,0.421,2026-07-10T06:28:00+00:00,SYNTHETIC / DEMO DATA,
SYN-REQ-0132,ದಯವಿಟ್ಟು Melukote ನಲ್ಲಿ ಪದೇ ಪದೇ ವಿದ್ಯುತ್ ಕಡಿತವನ್ನು ಪರಿಹರಿಸಿ.,Kannada,Electricity,Power Supply,Please address frequent power cuts in Melukote.,Melukote,Mandya,12.659444,76.648333,0.421,2026-07-19T07:25:00+00:00,SYNTHETIC / DEMO DATA,
SYN-REQ-0133,Please address frequent power cuts in Melukote.,English,Electricity,Power Supply,Please address frequent power cuts in Melukote.,Melukote,Mandya,12.659444,76.648333,0.421,2026-07-04T19:46:00+00:00,SYNTHETIC / DEMO DATA,
SYN-REQ-0134,कृपया Melukote में बार-बार बिजली कटौती की समस्या दूर करें।,Hindi,Electricity,Power Supply,Please address frequent power cuts in Melukote.,Melukote,Mandya,12.659444,76.648333,0.421,2026-08-17T18:30:00+00:00,SYNTHETIC / DEMO DATA,
SYN-REQ-0135,ದಯವಿಟ್ಟು Melukote ನಲ್ಲಿ ಪದೇ ಪದೇ ವಿದ್ಯುತ್ ಕಡಿತವನ್ನು ಪರಿಹರಿಸಿ.,Kannada,Electricity,Power Supply,Please address frequent power cuts in Melukote.,Melukote,Mandya,12.659444,76.648333,0.421,2026-07-04T10:42:00+00:00,SYNTHETIC / DEMO DATA,
SYN-REQ-0136,Please address frequent power cuts in Melukote.,English,Electricity,Power Supply,Please address frequent power cuts in Melukote.,Melukote,Mandya,12.659444,76.648333,0.421,2026-07-04T01:42:00+00:00,SYNTHETIC / DEMO DATA,
SYN-REQ-0137,कृपया Melukote में बार-बार बिजली कटौती की समस्या दूर करें।,Hindi,Electricity,Power Supply,Please address frequent power cuts in Melukote.,Melukote,Mandya,12.659444,76.648333,0.421,2026-08-07T16:16:00+00:00,SYNTHETIC / DEMO DATA,
SYN-REQ-0138,ದಯವಿಟ್ಟು Melukote ನಲ್ಲಿ ಪದೇ ಪದೇ ವಿದ್ಯುತ್ ಕಡಿತವನ್ನು ಪರಿಹರಿಸಿ.,Kannada,Electricity,Power Supply,Please address frequent power cuts in Melukote.,Melukote,Mandya,12.659444,76.648333,0.421,2026-08-02T18:07:00+00:00,SYNTHETIC / DEMO DATA,
SYN-REQ-0139,Please address frequent power cuts in Melukote.,English,Electricity,Power Supply,Please address frequent power cuts in Melukote.,Melukote,Mandya,12.659444,76.648333,0.421,2026-07-11T01:56:00+00:00,SYNTHETIC / DEMO DATA,
SYN-REQ-0140,कृपया Melukote में बार-बार बिजली कटौती की समस्या दूर करें।,Hindi,Electricity,Power Supply,Please address frequent power cuts in Melukote.,Melukote,Mandya,12.659444,76.648333,0.421,2026-08-02T02:44:00+00:00,SYNTHETIC / DEMO DATA,
SYN-REQ-0141,ದಯವಿಟ್ಟು Melukote ನಲ್ಲಿ ಪದೇ ಪದೇ ವಿದ್ಯುತ್ ಕಡಿತವನ್ನು ಪರಿಹರಿಸಿ.,Kannada,Electricity,Power Supply,Please address frequent power cuts in Melukote.,Melukote,Mandya,12.659444,76.648333,0.421,2026-08-24T06:20:00+00:00,SYNTHETIC / DEMO DATA,
SYN-REQ-0142,Please address frequent power cuts in Melukote.,English,Electricity,Power Supply,Please address frequent power cuts in Melukote.,Melukote,Mandya,12.659444,76.648333,0.421,2026-07-05T20:18:00+00:00,SYNTHETIC / DEMO DATA,
SYN-REQ-0143,कृपया Melukote में बार-बार बिजली कटौती की समस्या दूर करें।,Hindi,Electricity,Power Supply,Please address frequent power cuts in Melukote.,Melukote,Mandya,12.659444,76.648333,0.421,2026-07-05T23:02:00+00:00,SYNTHETIC / DEMO DATA,
SYN-REQ-0144,ದಯವಿಟ್ಟು Melukote ನಲ್ಲಿ ಪದೇ ಪದೇ ವಿದ್ಯುತ್ ಕಡಿತವನ್ನು ಪರಿಹರಿಸಿ.,Kannada,Electricity,Power Supply,Please address frequent power cuts in Melukote.,Melukote,Mandya,12.659444,76.648333,0.421,2026-08-25T08:01:00+00:00,SYNTHETIC / DEMO DATA,
SYN-REQ-0145,Please address frequent power cuts in Melukote.,English,Electricity,Power Supply,Please address frequent power cuts in Melukote.,Melukote,Mandya,12.659444,76.648333,0.421,2026-07-26T04:05:00+00:00,SYNTHETIC / DEMO DATA,
SYN-REQ-0146,कृपया Melukote में बार-बार बिजली कटौती की समस्या दूर करें।,Hindi,Electricity,Power Supply,Please address frequent power cuts in Melukote.,Melukote,Mandya,12.659444,76.648333,0.421,2026-08-26T19:26:00+00:00,SYNTHETIC / DEMO DATA,
SYN-REQ-0147,ದಯವಿಟ್ಟು Melukote ನಲ್ಲಿ ಪದೇ ಪದೇ ವಿದ್ಯುತ್ ಕಡಿತವನ್ನು ಪರಿಹರಿಸಿ.,Kannada,Electricity,Power Supply,Please address frequent power cuts in Melukote.,Melukote,Mandya,12.659444,76.648333,0.421,2026-07-16T19:45:00+00:00,SYNTHETIC / DEMO DATA,
SYN-REQ-0148,Please address frequent power cuts in Melukote.,English,Electricity,Power Supply,Please address frequent power cuts in Melukote.,Melukote,Mandya,12.659444,76.648333,0.421,2026-08-08T01:21:00+00:00,SYNTHETIC / DEMO DATA,
SYN-REQ-0149,कृपया Melukote में बार-बार बिजली कटौती की समस्या दूर करें।,Hindi,Electricity,Power Supply,Please address frequent power cuts in Melukote.,Melukote,Mandya,12.659444,76.648333,0.421,2026-08-09T02:47:00+00:00,SYNTHETIC / DEMO DATA,
SYN-REQ-0150,ದಯವಿಟ್ಟು Melukote ನಲ್ಲಿ ಪದೇ ಪದೇ ವಿದ್ಯುತ್ ಕಡಿತವನ್ನು ಪರಿಹರಿಸಿ.,Kannada,Electricity,Power Supply,Please address frequent power cuts in Melukote.,Melukote,Mandya,12.659444,76.648333,0.421,2026-07-27T22:26:00+00:00,SYNTHETIC / DEMO DATA,
SYN-REQ-0151,We need a nearby primary health centre in Halebidu.,English,Healthcare,Primary Health Centre,We need a nearby primary health centre in Halebidu.,Halebidu,Hassan,13.2157,75.9914,0.419,2026-08-07T19:17:00+00:00,SYNTHETIC / DEMO DATA,
SYN-REQ-0152,Halebidu में हमें नजदीक प्राथमिक स्वास्थ्य केंद्र चाहिए।,Hindi,Healthcare,Primary Health Centre,We need a nearby primary health centre in Halebidu.,Halebidu,Hassan,13.2157,75.9914,0.419,2026-08-03T10:47:00+00:00,SYNTHETIC / DEMO DATA,
SYN-REQ-0153,Halebidu ನಲ್ಲಿ ನಮಗೆ ಹತ್ತಿರದ ಪ್ರಾಥಮಿಕ ಆರೋಗ್ಯ ಕೇಂದ್ರ ಬೇಕು.,Kannada,Healthcare,Primary Health Centre,We need a nearby primary health centre in Halebidu.,Halebidu,Hassan,13.2157,75.9914,0.419,2026-08-29T08:54:00+00:00,SYNTHETIC / DEMO DATA,
SYN-REQ-0154,We need a nearby primary health centre in Halebidu.,English,Healthcare,Primary Health Centre,We need a nearby primary health centre in Halebidu.,Halebidu,Hassan,13.2157,75.9914,0.419,2026-07-14T22:51:00+00:00,SYNTHETIC / DEMO DATA,
SYN-REQ-0155,Halebidu में हमें नजदीक प्राथमिक स्वास्थ्य केंद्र चाहिए।,Hindi,Healthcare,Primary Health Centre,We need a nearby primary health centre in Halebidu.,Halebidu,Hassan,13.2157,75.9914,0.419,2026-08-15T10:43:00+00:00,SYNTHETIC / DEMO DATA,
SYN-REQ-0156,Halebidu ನಲ್ಲಿ ನಮಗೆ ಹತ್ತಿರದ ಪ್ರಾಥಮಿಕ ಆರೋಗ್ಯ ಕೇಂದ್ರ ಬೇಕು.,Kannada,Healthcare,Primary Health Centre,We need a nearby primary health centre in Halebidu.,Halebidu,Hassan,13.2157,75.9914,0.419,2026-07-16T09:03:00+00:00,SYNTHETIC / DEMO DATA,
SYN-REQ-0157,We need a nearby primary health centre in Halebidu.,English,Healthcare,Primary Health Centre,We need a nearby primary health centre in Halebidu.,Halebidu,Hassan,13.2157,75.9914,0.419,2026-07-26T04:28:00+00:00,SYNTHETIC / DEMO DATA,
SYN-REQ-0158,Halebidu में हमें नजदीक प्राथमिक स्वास्थ्य केंद्र चाहिए।,Hindi,Healthcare,Primary Health Centre,We need a nearby primary health centre in Halebidu.,Halebidu,Hassan,13.2157,75.9914,0.419,2026-08-12T22:01:00+00:00,SYNTHETIC / DEMO DATA,
SYN-REQ-0159,Halebidu ನಲ್ಲಿ ನಮಗೆ ಹತ್ತಿರದ ಪ್ರಾಥಮಿಕ ಆರೋಗ್ಯ ಕೇಂದ್ರ ಬೇಕು.,Kannada,Healthcare,Primary Health Centre,We need a nearby primary health centre in Halebidu.,Halebidu,Hassan,13.2157,75.9914,0.419,2026-07-20T15:36:00+00:00,SYNTHETIC / DEMO DATA,
SYN-REQ-0160,We need a nearby primary health centre in Halebidu.,English,Healthcare,Primary Health Centre,We need a nearby primary health centre in Halebidu.,Halebidu,Hassan,13.2157,75.9914,0.419,2026-07-21T02:28:00+00:00,SYNTHETIC / DEMO DATA,
SYN-REQ-0161,Halebidu में हमें नजदीक प्राथमिक स्वास्थ्य केंद्र चाहिए।,Hindi,Healthcare,Primary Health Centre,We need a nearby primary health centre in Halebidu.,Halebidu,Hassan,13.2157,75.9914,0.419,2026-07-01T15:38:00+00:00,SYNTHETIC / DEMO DATA,
SYN-REQ-0162,Halebidu ನಲ್ಲಿ ನಮಗೆ ಹತ್ತಿರದ ಪ್ರಾಥಮಿಕ ಆರೋಗ್ಯ ಕೇಂದ್ರ ಬೇಕು.,Kannada,Healthcare,Primary Health Centre,We need a nearby primary health centre in Halebidu.,Halebidu,Hassan,13.2157,75.9914,0.419,2026-08-09T19:13:00+00:00,SYNTHETIC / DEMO DATA,
SYN-REQ-0163,We need a nearby primary health centre in Halebidu.,English,Healthcare,Primary Health Centre,We need a nearby primary health centre in Halebidu.,Halebidu,Hassan,13.2157,75.9914,0.419,2026-07-07T02:30:00+00:00,SYNTHETIC / DEMO DATA,
SYN-REQ-0164,Halebidu में हमें नजदीक प्राथमिक स्वास्थ्य केंद्र चाहिए।,Hindi,Healthcare,Primary Health Centre,We need a nearby primary health centre in Halebidu.,Halebidu,Hassan,13.2157,75.9914,0.419,2026-08-04T07:16:00+00:00,SYNTHETIC / DEMO DATA,
SYN-REQ-0165,Halebidu ನಲ್ಲಿ ನಮಗೆ ಹತ್ತಿರದ ಪ್ರಾಥಮಿಕ ಆರೋಗ್ಯ ಕೇಂದ್ರ ಬೇಕು.,Kannada,Healthcare,Primary Health Centre,We need a nearby primary health centre in Halebidu.,Halebidu,Hassan,13.2157,75.9914,0.419,2026-08-02T09:03:00+00:00,SYNTHETIC / DEMO DATA,
SYN-REQ-0166,We need a nearby primary health centre in Halebidu.,English,Healthcare,Primary Health Centre,We need a nearby primary health centre in Halebidu.,Halebidu,Hassan,13.2157,75.9914,0.419,2026-07-09T11:54:00+00:00,SYNTHETIC / DEMO DATA,
SYN-REQ-0167,Halebidu में हमें नजदीक प्राथमिक स्वास्थ्य केंद्र चाहिए।,Hindi,Healthcare,Primary Health Centre,We need a nearby primary health centre in Halebidu.,Halebidu,Hassan,13.2157,75.9914,0.419,2026-08-26T02:20:00+00:00,SYNTHETIC / DEMO DATA,
SYN-REQ-0168,Halebidu ನಲ್ಲಿ ನಮಗೆ ಹತ್ತಿರದ ಪ್ರಾಥಮಿಕ ಆರೋಗ್ಯ ಕೇಂದ್ರ ಬೇಕು.,Kannada,Healthcare,Primary Health Centre,We need a nearby primary health centre in Halebidu.,Halebidu,Hassan,13.2157,75.9914,0.419,2026-08-26T08:20:00+00:00,SYNTHETIC / DEMO DATA,
SYN-REQ-0169,We need a nearby primary health centre in Halebidu.,English,Healthcare,Primary Health Centre,We need a nearby primary health centre in Halebidu.,Halebidu,Hassan,13.2157,75.9914,0.419,2026-07-24T09:43:00+00:00,SYNTHETIC / DEMO DATA,
SYN-REQ-0170,Halebidu में हमें नजदीक प्राथमिक स्वास्थ्य केंद्र चाहिए।,Hindi,Healthcare,Primary Health Centre,We need a nearby primary health centre in Halebidu.,Halebidu,Hassan,13.2157,75.9914,0.419,2026-07-11T14:57:00+00:00,SYNTHETIC / DEMO DATA,
SYN-REQ-0171,Halebidu ನಲ್ಲಿ ನಮಗೆ ಹತ್ತಿರದ ಪ್ರಾಥಮಿಕ ಆರೋಗ್ಯ ಕೇಂದ್ರ ಬೇಕು.,Kannada,Healthcare,Primary Health Centre,We need a nearby primary health centre in Halebidu.,Halebidu,Hassan,13.2157,75.9914,0.419,2026-08-23T18:32:00+00:00,SYNTHETIC / DEMO DATA,
SYN-REQ-0172,We need a nearby primary health centre in Halebidu.,English,Healthcare,Primary Health Centre,We need a nearby primary health centre in Halebidu.,Halebidu,Hassan,13.2157,75.9914,0.419,2026-08-15T10:19:00+00:00,SYNTHETIC / DEMO DATA,
SYN-REQ-0173,Halebidu में हमें नजदीक प्राथमिक स्वास्थ्य केंद्र चाहिए।,Hindi,Healthcare,Primary Health Centre,We need a nearby primary health centre in Halebidu.,Halebidu,Hassan,13.2157,75.9914,0.419,2026-08-09T22:19:00+00:00,SYNTHETIC / DEMO DATA,
SYN-REQ-0174,Halebidu ನಲ್ಲಿ ನಮಗೆ ಹತ್ತಿರದ ಪ್ರಾಥಮಿಕ ಆರೋಗ್ಯ ಕೇಂದ್ರ ಬೇಕು.,Kannada,Healthcare,Primary Health Centre,We need a nearby primary health centre in Halebidu.,Halebidu,Hassan,13.2157,75.9914,0.419,2026-08-03T00:16:00+00:00,SYNTHETIC / DEMO DATA,
SYN-REQ-0175,We need a nearby primary health centre in Halebidu.,English,Healthcare,Primary Health Centre,We need a nearby primary health centre in Halebidu.,Halebidu,Hassan,13.2157,75.9914,0.419,2026-08-12T18:55:00+00:00,SYNTHETIC / DEMO DATA,
SYN-REQ-0176,Halebidu में हमें नजदीक प्राथमिक स्वास्थ्य केंद्र चाहिए।,Hindi,Healthcare,Primary Health Centre,We need a nearby primary health centre in Halebidu.,Halebidu,Hassan,13.2157,75.9914,0.419,2026-07-20T22:38:00+00:00,SYNTHETIC / DEMO DATA,
SYN-REQ-0177,Halebidu ನಲ್ಲಿ ನಮ್ಮ ಮಕ್ಕಳಿಗೆ ಹೆಚ್ಚಿನ ತರಗತಿ ಕೊಠಡಿಗಳು ಬೇಕು.,Kannada,Education,School,Our children need more classrooms in Halebidu.,Halebidu,Hassan,13.2157,75.9914,0.411,2026-07-07T04:35:00+00:00,SYNTHETIC / DEMO DATA,
SYN-REQ-0178,Our children need more classrooms in Halebidu.,English,Education,School,Our children need more classrooms in Halebidu.,Halebidu,Hassan,13.2157,75.9914,0.411,2026-07-17T03:56:00+00:00,SYNTHETIC / DEMO DATA,
SYN-REQ-0179,Halebidu में हमारे बच्चों के लिए अधिक कक्षाओं की जरूरत है।,Hindi,Education,School,Our children need more classrooms in Halebidu.,Halebidu,Hassan,13.2157,75.9914,0.411,2026-08-26T03:39:00+00:00,SYNTHETIC / DEMO DATA,
SYN-REQ-0180,Halebidu ನಲ್ಲಿ ನಮ್ಮ ಮಕ್ಕಳಿಗೆ ಹೆಚ್ಚಿನ ತರಗತಿ ಕೊಠಡಿಗಳು ಬೇಕು.,Kannada,Education,School,Our children need more classrooms in Halebidu.,Halebidu,Hassan,13.2157,75.9914,0.411,2026-08-17T18:53:00+00:00,SYNTHETIC / DEMO DATA,
SYN-REQ-0181,Our children need more classrooms in Halebidu.,English,Education,School,Our children need more classrooms in Halebidu.,Halebidu,Hassan,13.2157,75.9914,0.411,2026-07-10T09:17:00+00:00,SYNTHETIC / DEMO DATA,
SYN-REQ-0182,Halebidu में हमारे बच्चों के लिए अधिक कक्षाओं की जरूरत है।,Hindi,Education,School,Our children need more classrooms in Halebidu.,Halebidu,Hassan,13.2157,75.9914,0.411,2026-07-19T20:38:00+00:00,SYNTHETIC / DEMO DATA,
SYN-REQ-0183,Halebidu ನಲ್ಲಿ ನಮ್ಮ ಮಕ್ಕಳಿಗೆ ಹೆಚ್ಚಿನ ತರಗತಿ ಕೊಠಡಿಗಳು ಬೇಕು.,Kannada,Education,School,Our children need more classrooms in Halebidu.,Halebidu,Hassan,13.2157,75.9914,0.411,2026-07-14T11:42:00+00:00,SYNTHETIC / DEMO DATA,
SYN-REQ-0184,Our children need more classrooms in Halebidu.,English,Education,School,Our children need more classrooms in Halebidu.,Halebidu,Hassan,13.2157,75.9914,0.411,2026-07-14T23:27:00+00:00,SYNTHETIC / DEMO DATA,
SYN-REQ-0185,Halebidu में हमारे बच्चों के लिए अधिक कक्षाओं की जरूरत है।,Hindi,Education,School,Our children need more classrooms in Halebidu.,Halebidu,Hassan,13.2157,75.9914,0.411,2026-08-10T09:00:00+00:00,SYNTHETIC / DEMO DATA,
SYN-REQ-0186,Halebidu ನಲ್ಲಿ ನಮ್ಮ ಮಕ್ಕಳಿಗೆ ಹೆಚ್ಚಿನ ತರಗತಿ ಕೊಠಡಿಗಳು ಬೇಕು.,Kannada,Education,School,Our children need more classrooms in Halebidu.,Halebidu,Hassan,13.2157,75.9914,0.411,2026-08-02T16:40:00+00:00,SYNTHETIC / DEMO DATA,
SYN-REQ-0187,Our children need more classrooms in Halebidu.,English,Education,School,Our children need more classrooms in Halebidu.,Halebidu,Hassan,13.2157,75.9914,0.411,2026-07-17T01:44:00+00:00,SYNTHETIC / DEMO DATA,
SYN-REQ-0188,Halebidu में हमारे बच्चों के लिए अधिक कक्षाओं की जरूरत है।,Hindi,Education,School,Our children need more classrooms in Halebidu.,Halebidu,Hassan,13.2157,75.9914,0.411,2026-07-06T21:39:00+00:00,SYNTHETIC / DEMO DATA,
SYN-REQ-0189,Halebidu ನಲ್ಲಿ ನಮ್ಮ ಮಕ್ಕಳಿಗೆ ಹೆಚ್ಚಿನ ತರಗತಿ ಕೊಠಡಿಗಳು ಬೇಕು.,Kannada,Education,School,Our children need more classrooms in Halebidu.,Halebidu,Hassan,13.2157,75.9914,0.411,2026-07-28T09:26:00+00:00,SYNTHETIC / DEMO DATA,
SYN-REQ-0190,Our children need more classrooms in Halebidu.,English,Education,School,Our children need more classrooms in Halebidu.,Halebidu,Hassan,13.2157,75.9914,0.411,2026-07-03T00:07:00+00:00,SYNTHETIC / DEMO DATA,
SYN-REQ-0191,Halebidu में हमारे बच्चों के लिए अधिक कक्षाओं की जरूरत है।,Hindi,Education,School,Our children need more classrooms in Halebidu.,Halebidu,Hassan,13.2157,75.9914,0.411,2026-07-22T04:27:00+00:00,SYNTHETIC / DEMO DATA,
SYN-REQ-0192,Halebidu ನಲ್ಲಿ ನಮ್ಮ ಮಕ್ಕಳಿಗೆ ಹೆಚ್ಚಿನ ತರಗತಿ ಕೊಠಡಿಗಳು ಬೇಕು.,Kannada,Education,School,Our children need more classrooms in Halebidu.,Halebidu,Hassan,13.2157,75.9914,0.411,2026-08-10T08:56:00+00:00,SYNTHETIC / DEMO DATA,
SYN-REQ-0193,Our children need more classrooms in Halebidu.,English,Education,School,Our children need more classrooms in Halebidu.,Halebidu,Hassan,13.2157,75.9914,0.411,2026-07-11T15:04:00+00:00,SYNTHETIC / DEMO DATA,
SYN-REQ-0194,Halebidu में हमारे बच्चों के लिए अधिक कक्षाओं की जरूरत है।,Hindi,Education,School,Our children need more classrooms in Halebidu.,Halebidu,Hassan,13.2157,75.9914,0.411,2026-08-05T14:35:00+00:00,SYNTHETIC / DEMO DATA,
SYN-REQ-0195,Halebidu ನಲ್ಲಿ ನಮ್ಮ ಮಕ್ಕಳಿಗೆ ಹೆಚ್ಚಿನ ತರಗತಿ ಕೊಠಡಿಗಳು ಬೇಕು.,Kannada,Education,School,Our children need more classrooms in Halebidu.,Halebidu,Hassan,13.2157,75.9914,0.411,2026-08-05T00:19:00+00:00,SYNTHETIC / DEMO DATA,
SYN-REQ-0196,Our children need more classrooms in Halebidu.,English,Education,School,Our children need more classrooms in Halebidu.,Halebidu,Hassan,13.2157,75.9914,0.411,2026-07-08T02:34:00+00:00,SYNTHETIC / DEMO DATA,
SYN-REQ-0197,Halebidu में हमारे बच्चों के लिए अधिक कक्षाओं की जरूरत है।,Hindi,Education,School,Our children need more classrooms in Halebidu.,Halebidu,Hassan,13.2157,75.9914,0.411,2026-08-26T23:35:00+00:00,SYNTHETIC / DEMO DATA,
SYN-REQ-0198,Halebidu ನಲ್ಲಿ ನಮ್ಮ ಮಕ್ಕಳಿಗೆ ಹೆಚ್ಚಿನ ತರಗತಿ ಕೊಠಡಿಗಳು ಬೇಕು.,Kannada,Education,School,Our children need more classrooms in Halebidu.,Halebidu,Hassan,13.2157,75.9914,0.411,2026-08-27T05:05:00+00:00,SYNTHETIC / DEMO DATA,
SYN-REQ-0199,Our children need more classrooms in Halebidu.,English,Education,School,Our children need more classrooms in Halebidu.,Halebidu,Hassan,13.2157,75.9914,0.411,2026-08-04T01:13:00+00:00,SYNTHETIC / DEMO DATA,
SYN-REQ-0200,Halebidu में हमारे बच्चों के लिए अधिक कक्षाओं की जरूरत है।,Hindi,Education,School,Our children need more classrooms in Halebidu.,Halebidu,Hassan,13.2157,75.9914,0.411,2026-08-23T12:36:00+00:00,SYNTHETIC / DEMO DATA,
SYN-REQ-0201,Halebidu ನಲ್ಲಿ ನಮ್ಮ ಮಕ್ಕಳಿಗೆ ಹೆಚ್ಚಿನ ತರಗತಿ ಕೊಠಡಿಗಳು ಬೇಕು.,Kannada,Education,School,Our children need more classrooms in Halebidu.,Halebidu,Hassan,13.2157,75.9914,0.411,2026-08-07T18:51:00+00:00,SYNTHETIC / DEMO DATA,
SYN-REQ-0202,Please repair the damaged roads in Halebidu.,English,Roads,Road Repair,Please repair the damaged roads in Halebidu.,Halebidu,Hassan,13.2157,75.9914,0.516,2026-07-10T14:40:00+00:00,SYNTHETIC / DEMO DATA,
SYN-REQ-0203,कृपया Halebidu में खराब सड़कों की मरम्मत करें।,Hindi,Roads,Road Repair,Please repair the damaged roads in Halebidu.,Halebidu,Hassan,13.2157,75.9914,0.516,2026-07-09T01:25:00+00:00,SYNTHETIC / DEMO DATA,
SYN-REQ-0204,ದಯವಿಟ್ಟು Halebidu ನಲ್ಲಿ ಹಾಳಾದ ರಸ್ತೆಗಳನ್ನು ಸರಿಪಡಿಸಿ.,Kannada,Roads,Road Repair,Please repair the damaged roads in Halebidu.,Halebidu,Hassan,13.2157,75.9914,0.516,2026-07-20T12:26:00+00:00,SYNTHETIC / DEMO DATA,
SYN-REQ-0205,Please repair the damaged roads in Halebidu.,English,Roads,Road Repair,Please repair the damaged roads in Halebidu.,Halebidu,Hassan,13.2157,75.9914,0.516,2026-08-27T01:21:00+00:00,SYNTHETIC / DEMO DATA,
SYN-REQ-0206,कृपया Halebidu में खराब सड़कों की मरम्मत करें।,Hindi,Roads,Road Repair,Please repair the damaged roads in Halebidu.,Halebidu,Hassan,13.2157,75.9914,0.516,2026-08-27T12:12:00+00:00,SYNTHETIC / DEMO DATA,
SYN-REQ-0207,ದಯವಿಟ್ಟು Halebidu ನಲ್ಲಿ ಹಾಳಾದ ರಸ್ತೆಗಳನ್ನು ಸರಿಪಡಿಸಿ.,Kannada,Roads,Road Repair,Please repair the damaged roads in Halebidu.,Halebidu,Hassan,13.2157,75.9914,0.516,2026-07-14T23:16:00+00:00,SYNTHETIC / DEMO DATA,
SYN-REQ-0208,Please repair the damaged roads in Halebidu.,English,Roads,Road Repair,Please repair the damaged roads in Halebidu.,Halebidu,Hassan,13.2157,75.9914,0.516,2026-07-16T22:45:00+00:00,SYNTHETIC / DEMO DATA,
SYN-REQ-0209,कृपया Halebidu में खराब सड़कों की मरम्मत करें।,Hindi,Roads,Road Repair,Please repair the damaged roads in Halebidu.,Halebidu,Hassan,13.2157,75.9914,0.516,2026-07-07T12:04:00+00:00,SYNTHETIC / DEMO DATA,
SYN-REQ-0210,ದಯವಿಟ್ಟು Halebidu ನಲ್ಲಿ ಹಾಳಾದ ರಸ್ತೆಗಳನ್ನು ಸರಿಪಡಿಸಿ.,Kannada,Roads,Road Repair,Please repair the damaged roads in Halebidu.,Halebidu,Hassan,13.2157,75.9914,0.516,2026-08-19T19:06:00+00:00,SYNTHETIC / DEMO DATA,
SYN-REQ-0211,Please repair the damaged roads in Halebidu.,English,Roads,Road Repair,Please repair the damaged roads in Halebidu.,Halebidu,Hassan,13.2157,75.9914,0.516,2026-08-26T13:52:00+00:00,SYNTHETIC / DEMO DATA,
SYN-REQ-0212,कृपया Halebidu में खराब सड़कों की मरम्मत करें।,Hindi,Roads,Road Repair,Please repair the damaged roads in Halebidu.,Halebidu,Hassan,13.2157,75.9914,0.516,2026-08-09T05:16:00+00:00,SYNTHETIC / DEMO DATA,
SYN-REQ-0213,ದಯವಿಟ್ಟು Halebidu ನಲ್ಲಿ ಹಾಳಾದ ರಸ್ತೆಗಳನ್ನು ಸರಿಪಡಿಸಿ.,Kannada,Roads,Road Repair,Please repair the damaged roads in Halebidu.,Halebidu,Hassan,13.2157,75.9914,0.516,2026-08-29T08:04:00+00:00,SYNTHETIC / DEMO DATA,
SYN-REQ-0214,Please repair the damaged roads in Halebidu.,English,Roads,Road Repair,Please repair the damaged roads in Halebidu.,Halebidu,Hassan,13.2157,75.9914,0.516,2026-08-25T05:32:00+00:00,SYNTHETIC / DEMO DATA,
SYN-REQ-0215,कृपया Halebidu में खराब सड़कों की मरम्मत करें।,Hindi,Roads,Road Repair,Please repair the damaged roads in Halebidu.,Halebidu,Hassan,13.2157,75.9914,0.516,2026-08-21T06:02:00+00:00,SYNTHETIC / DEMO DATA,
SYN-REQ-0216,ದಯವಿಟ್ಟು Halebidu ನಲ್ಲಿ ಹಾಳಾದ ರಸ್ತೆಗಳನ್ನು ಸರಿಪಡಿಸಿ.,Kannada,Roads,Road Repair,Please repair the damaged roads in Halebidu.,Halebidu,Hassan,13.2157,75.9914,0.516,2026-08-26T14:04:00+00:00,SYNTHETIC / DEMO DATA,
SYN-REQ-0217,Please repair the damaged roads in Halebidu.,English,Roads,Road Repair,Please repair the damaged roads in Halebidu.,Halebidu,Hassan,13.2157,75.9914,0.516,2026-07-02T06:07:00+00:00,SYNTHETIC / DEMO DATA,
SYN-REQ-0218,कृपया Halebidu में खराब सड़कों की मरम्मत करें।,Hindi,Roads,Road Repair,Please repair the damaged roads in Halebidu.,Halebidu,Hassan,13.2157,75.9914,0.516,2026-08-17T11:20:00+00:00,SYNTHETIC / DEMO DATA,
SYN-REQ-0219,ದಯವಿಟ್ಟು Halebidu ನಲ್ಲಿ ಹಾಳಾದ ರಸ್ತೆಗಳನ್ನು ಸರಿಪಡಿಸಿ.,Kannada,Roads,Road Repair,Please repair the damaged roads in Halebidu.,Halebidu,Hassan,13.2157,75.9914,0.516,2026-08-20T14:03:00+00:00,SYNTHETIC / DEMO DATA,
SYN-REQ-0220,Please repair the damaged roads in Halebidu.,English,Roads,Road Repair,Please repair the damaged roads in Halebidu.,Halebidu,Hassan,13.2157,75.9914,0.516,2026-08-21T22:51:00+00:00,SYNTHETIC / DEMO DATA,
SYN-REQ-0221,कृपया Halebidu में खराब सड़कों की मरम्मत करें।,Hindi,Roads,Road Repair,Please repair the damaged roads in Halebidu.,Halebidu,Hassan,13.2157,75.9914,0.516,2026-08-25T08:28:00+00:00,SYNTHETIC / DEMO DATA,
SYN-REQ-0222,ದಯವಿಟ್ಟು Halebidu ನಲ್ಲಿ ಹಾಳಾದ ರಸ್ತೆಗಳನ್ನು ಸರಿಪಡಿಸಿ.,Kannada,Roads,Road Repair,Please repair the damaged roads in Halebidu.,Halebidu,Hassan,13.2157,75.9914,0.516,2026-07-18T05:26:00+00:00,SYNTHETIC / DEMO DATA,
SYN-REQ-0223,Please repair the damaged roads in Halebidu.,English,Roads,Road Repair,Please repair the damaged roads in Halebidu.,Halebidu,Hassan,13.2157,75.9914,0.516,2026-08-20T23:56:00+00:00,SYNTHETIC / DEMO DATA,
SYN-REQ-0224,कृपया Halebidu में खराब सड़कों की मरम्मत करें।,Hindi,Roads,Road Repair,Please repair the damaged roads in Halebidu.,Halebidu,Hassan,13.2157,75.9914,0.516,2026-07-07T13:03:00+00:00,SYNTHETIC / DEMO DATA,
SYN-REQ-0225,ದಯವಿಟ್ಟು Halebidu ನಲ್ಲಿ ಹಾಳಾದ ರಸ್ತೆಗಳನ್ನು ಸರಿಪಡಿಸಿ.,Kannada,Roads,Road Repair,Please repair the damaged roads in Halebidu.,Halebidu,Hassan,13.2157,75.9914,0.516,2026-08-25T01:19:00+00:00,SYNTHETIC / DEMO DATA,
SYN-REQ-0226,Please repair the damaged roads in Halebidu.,English,Roads,Road Repair,Please repair the damaged roads in Halebidu.,Halebidu,Hassan,13.2157,75.9914,0.516,2026-08-24T16:03:00+00:00,SYNTHETIC / DEMO DATA,
SYN-REQ-0227,कृपया Halebidu में खराब सड़कों की मरम्मत करें।,Hindi,Roads,Road Repair,Please repair the damaged roads in Halebidu.,Halebidu,Hassan,13.2157,75.9914,0.516,2026-07-15T06:48:00+00:00,SYNTHETIC / DEMO DATA,
SYN-REQ-0228,ದಯವಿಟ್ಟು Halebidu ನಲ್ಲಿ ಹಾಳಾದ ರಸ್ತೆಗಳನ್ನು ಸರಿಪಡಿಸಿ.,Kannada,Roads,Road Repair,Please repair the damaged roads in Halebidu.,Halebidu,Hassan,13.2157,75.9914,0.516,2026-08-22T15:42:00+00:00,SYNTHETIC / DEMO DATA,
SYN-REQ-0229,Please repair the damaged roads in Halebidu.,English,Roads,Road Repair,Please repair the damaged roads in Halebidu.,Halebidu,Hassan,13.2157,75.9914,0.516,2026-07-23T10:25:00+00:00,SYNTHETIC / DEMO DATA,
SYN-REQ-0230,कृपया Halebidu में खराब सड़कों की मरम्मत करें।,Hindi,Roads,Road Repair,Please repair the damaged roads in Halebidu.,Halebidu,Hassan,13.2157,75.9914,0.516,2026-08-22T07:46:00+00:00,SYNTHETIC / DEMO DATA,
SYN-REQ-0231,ದಯವಿಟ್ಟು Halebidu ನಲ್ಲಿ ಹಾಳಾದ ರಸ್ತೆಗಳನ್ನು ಸರಿಪಡಿಸಿ.,Kannada,Roads,Road Repair,Please repair the damaged roads in Halebidu.,Halebidu,Hassan,13.2157,75.9914,0.516,2026-07-15T00:48:00+00:00,SYNTHETIC / DEMO DATA,
SYN-REQ-0232,Please repair the damaged roads in Halebidu.,English,Roads,Road Repair,Please repair the damaged roads in Halebidu.,Halebidu,Hassan,13.2157,75.9914,0.516,2026-08-12T06:35:00+00:00,SYNTHETIC / DEMO DATA,
SYN-REQ-0233,कृपया Halebidu में खराब सड़कों की मरम्मत करें।,Hindi,Roads,Road Repair,Please repair the damaged roads in Halebidu.,Halebidu,Hassan,13.2157,75.9914,0.516,2026-07-26T11:12:00+00:00,SYNTHETIC / DEMO DATA,
SYN-REQ-0234,ದಯವಿಟ್ಟು Halebidu ನಲ್ಲಿ ಹಾಳಾದ ರಸ್ತೆಗಳನ್ನು ಸರಿಪಡಿಸಿ.,Kannada,Roads,Road Repair,Please repair the damaged roads in Halebidu.,Halebidu,Hassan,13.2157,75.9914,0.516,2026-07-18T02:22:00+00:00,SYNTHETIC / DEMO DATA,
SYN-REQ-0235,We need a reliable drinking water supply in Halebidu.,English,Water,Water Supply,We need a reliable drinking water supply in Halebidu.,Halebidu,Hassan,13.2157,75.9914,0.392,2026-08-19T09:31:00+00:00,SYNTHETIC / DEMO DATA,
SYN-REQ-0236,Halebidu में हमें नियमित पेयजल आपूर्ति चाहिए।,Hindi,Water,Water Supply,We need a reliable drinking water supply in Halebidu.,Halebidu,Hassan,13.2157,75.9914,0.392,2026-07-23T21:53:00+00:00,SYNTHETIC / DEMO DATA,
SYN-REQ-0237,Halebidu ನಲ್ಲಿ ನಮಗೆ ನಿಯಮಿತ ಕುಡಿಯುವ ನೀರಿನ ಪೂರೈಕೆ ಬೇಕು.,Kannada,Water,Water Supply,We need a reliable drinking water supply in Halebidu.,Halebidu,Hassan,13.2157,75.9914,0.392,2026-08-02T13:38:00+00:00,SYNTHETIC / DEMO DATA,
SYN-REQ-0238,We need a reliable drinking water supply in Halebidu.,English,Water,Water Supply,We need a reliable drinking water supply in Halebidu.,Halebidu,Hassan,13.2157,75.9914,0.392,2026-08-13T18:18:00+00:00,SYNTHETIC / DEMO DATA,
SYN-REQ-0239,Halebidu में हमें नियमित पेयजल आपूर्ति चाहिए।,Hindi,Water,Water Supply,We need a reliable drinking water supply in Halebidu.,Halebidu,Hassan,13.2157,75.9914,0.392,2026-07-22T00:56:00+00:00,SYNTHETIC / DEMO DATA,
SYN-REQ-0240,Halebidu ನಲ್ಲಿ ನಮಗೆ ನಿಯಮಿತ ಕುಡಿಯುವ ನೀರಿನ ಪೂರೈಕೆ ಬೇಕು.,Kannada,Water,Water Supply,We need a reliable drinking water supply in Halebidu.,Halebidu,Hassan,13.2157,75.9914,0.392,2026-07-08T08:54:00+00:00,SYNTHETIC / DEMO DATA,
SYN-REQ-0241,We need a reliable drinking water supply in Halebidu.,English,Water,Water Supply,We need a reliable drinking water supply in Halebidu.,Halebidu,Hassan,13.2157,75.9914,0.392,2026-07-12T19:49:00+00:00,SYNTHETIC / DEMO DATA,
SYN-REQ-0242,Halebidu में हमें नियमित पेयजल आपूर्ति चाहिए।,Hindi,Water,Water Supply,We need a reliable drinking water supply in Halebidu.,Halebidu,Hassan,13.2157,75.9914,0.392,2026-07-17T01:18:00+00:00,SYNTHETIC / DEMO DATA,
SYN-REQ-0243,Halebidu ನಲ್ಲಿ ನಮಗೆ ನಿಯಮಿತ ಕುಡಿಯುವ ನೀರಿನ ಪೂರೈಕೆ ಬೇಕು.,Kannada,Water,Water Supply,We need a reliable drinking water supply in Halebidu.,Halebidu,Hassan,13.2157,75.9914,0.392,2026-07-07T20:21:00+00:00,SYNTHETIC / DEMO DATA,
SYN-REQ-0244,We need a reliable drinking water supply in Halebidu.,English,Water,Water Supply,We need a reliable drinking water supply in Halebidu.,Halebidu,Hassan,13.2157,75.9914,0.392,2026-07-28T11:47:00+00:00,SYNTHETIC / DEMO DATA,
SYN-REQ-0245,Halebidu में हमें नियमित पेयजल आपूर्ति चाहिए।,Hindi,Water,Water Supply,We need a reliable drinking water supply in Halebidu.,Halebidu,Hassan,13.2157,75.9914,0.392,2026-08-16T10:42:00+00:00,SYNTHETIC / DEMO DATA,
SYN-REQ-0246,Halebidu ನಲ್ಲಿ ನಮಗೆ ನಿಯಮಿತ ಕುಡಿಯುವ ನೀರಿನ ಪೂರೈಕೆ ಬೇಕು.,Kannada,Water,Water Supply,We need a reliable drinking water supply in Halebidu.,Halebidu,Hassan,13.2157,75.9914,0.392,2026-07-28T20:41:00+00:00,SYNTHETIC / DEMO DATA,
SYN-REQ-0247,We need a reliable drinking water supply in Halebidu.,English,Water,Water Supply,We need a reliable drinking water supply in Halebidu.,Halebidu,Hassan,13.2157,75.9914,0.392,2026-08-02T03:56:00+00:00,SYNTHETIC / DEMO DATA,
SYN-REQ-0248,Halebidu में हमें नियमित पेयजल आपूर्ति चाहिए।,Hindi,Water,Water Supply,We need a reliable drinking water supply in Halebidu.,Halebidu,Hassan,13.2157,75.9914,0.392,2026-07-25T19:40:00+00:00,SYNTHETIC / DEMO DATA,
SYN-REQ-0249,Halebidu ನಲ್ಲಿ ನಮಗೆ ನಿಯಮಿತ ಕುಡಿಯುವ ನೀರಿನ ಪೂರೈಕೆ ಬೇಕು.,Kannada,Water,Water Supply,We need a reliable drinking water supply in Halebidu.,Halebidu,Hassan,13.2157,75.9914,0.392,2026-07-13T08:41:00+00:00,SYNTHETIC / DEMO DATA,
SYN-REQ-0250,We need a reliable drinking water supply in Halebidu.,English,Water,Water Supply,We need a reliable drinking water supply in Halebidu.,Halebidu,Hassan,13.2157,75.9914,0.392,2026-07-03T14:53:00+00:00,SYNTHETIC / DEMO DATA,
SYN-REQ-0251,Halebidu में हमें नियमित पेयजल आपूर्ति चाहिए।,Hindi,Water,Water Supply,We need a reliable drinking water supply in Halebidu.,Halebidu,Hassan,13.2157,75.9914,0.392,2026-07-01T17:44:00+00:00,SYNTHETIC / DEMO DATA,
SYN-REQ-0252,Halebidu ನಲ್ಲಿ ನಮಗೆ ನಿಯಮಿತ ಕುಡಿಯುವ ನೀರಿನ ಪೂರೈಕೆ ಬೇಕು.,Kannada,Water,Water Supply,We need a reliable drinking water supply in Halebidu.,Halebidu,Hassan,13.2157,75.9914,0.392,2026-08-29T18:22:00+00:00,SYNTHETIC / DEMO DATA,
SYN-REQ-0253,We need a reliable drinking water supply in Halebidu.,English,Water,Water Supply,We need a reliable drinking water supply in Halebidu.,Halebidu,Hassan,13.2157,75.9914,0.392,2026-08-13T22:53:00+00:00,SYNTHETIC / DEMO DATA,
SYN-REQ-0254,Halebidu में हमें नियमित पेयजल आपूर्ति चाहिए।,Hindi,Water,Water Supply,We need a reliable drinking water supply in Halebidu.,Halebidu,Hassan,13.2157,75.9914,0.392,2026-07-13T12:25:00+00:00,SYNTHETIC / DEMO DATA,
SYN-REQ-0255,Halebidu ನಲ್ಲಿ ನಮಗೆ ನಿಯಮಿತ ಕುಡಿಯುವ ನೀರಿನ ಪೂರೈಕೆ ಬೇಕು.,Kannada,Water,Water Supply,We need a reliable drinking water supply in Halebidu.,Halebidu,Hassan,13.2157,75.9914,0.392,2026-07-28T02:23:00+00:00,SYNTHETIC / DEMO DATA,
SYN-REQ-0256,We need a reliable drinking water supply in Halebidu.,English,Water,Water Supply,We need a reliable drinking water supply in Halebidu.,Halebidu,Hassan,13.2157,75.9914,0.392,2026-08-12T11:16:00+00:00,SYNTHETIC / DEMO DATA,
SYN-REQ-0257,Halebidu में हमें नियमित पेयजल आपूर्ति चाहिए।,Hindi,Water,Water Supply,We need a reliable drinking water supply in Halebidu.,Halebidu,Hassan,13.2157,75.9914,0.392,2026-08-09T10:42:00+00:00,SYNTHETIC / DEMO DATA,
SYN-REQ-0258,ದಯವಿಟ್ಟು Halebidu ನಲ್ಲಿ ಪದೇ ಪದೇ ವಿದ್ಯುತ್ ಕಡಿತವನ್ನು ಪರಿಹರಿಸಿ.,Kannada,Electricity,Power Supply,Please address frequent power cuts in Halebidu.,Halebidu,Hassan,13.2157,75.9914,0.489,2026-08-12T04:15:00+00:00,SYNTHETIC / DEMO DATA,
SYN-REQ-0259,Please address frequent power cuts in Halebidu.,English,Electricity,Power Supply,Please address frequent power cuts in Halebidu.,Halebidu,Hassan,13.2157,75.9914,0.489,2026-08-16T10:15:00+00:00,SYNTHETIC / DEMO DATA,
SYN-REQ-0260,कृपया Halebidu में बार-बार बिजली कटौती की समस्या दूर करें।,Hindi,Electricity,Power Supply,Please address frequent power cuts in Halebidu.,Halebidu,Hassan,13.2157,75.9914,0.489,2026-08-02T10:33:00+00:00,SYNTHETIC / DEMO DATA,
SYN-REQ-0261,ದಯವಿಟ್ಟು Halebidu ನಲ್ಲಿ ಪದೇ ಪದೇ ವಿದ್ಯುತ್ ಕಡಿತವನ್ನು ಪರಿಹರಿಸಿ.,Kannada,Electricity,Power Supply,Please address frequent power cuts in Halebidu.,Halebidu,Hassan,13.2157,75.9914,0.489,2026-08-12T13:56:00+00:00,SYNTHETIC / DEMO DATA,
SYN-REQ-0262,Please address frequent power cuts in Halebidu.,English,Electricity,Power Supply,Please address frequent power cuts in Halebidu.,Halebidu,Hassan,13.2157,75.9914,0.489,2026-07-21T13:44:00+00:00,SYNTHETIC / DEMO DATA,
SYN-REQ-0263,कृपया Halebidu में बार-बार बिजली कटौती की समस्या दूर करें।,Hindi,Electricity,Power Supply,Please address frequent power cuts in Halebidu.,Halebidu,Hassan,13.2157,75.9914,0.489,2026-08-14T10:05:00+00:00,SYNTHETIC / DEMO DATA,
SYN-REQ-0264,ದಯವಿಟ್ಟು Halebidu ನಲ್ಲಿ ಪದೇ ಪದೇ ವಿದ್ಯುತ್ ಕಡಿತವನ್ನು ಪರಿಹರಿಸಿ.,Kannada,Electricity,Power Supply,Please address frequent power cuts in Halebidu.,Halebidu,Hassan,13.2157,75.9914,0.489,2026-08-05T04:20:00+00:00,SYNTHETIC / DEMO DATA,
SYN-REQ-0265,Please address frequent power cuts in Halebidu.,English,Electricity,Power Supply,Please address frequent power cuts in Halebidu.,Halebidu,Hassan,13.2157,75.9914,0.489,2026-07-13T14:21:00+00:00,SYNTHETIC / DEMO DATA,
SYN-REQ-0266,कृपया Halebidu में बार-बार बिजली कटौती की समस्या दूर करें।,Hindi,Electricity,Power Supply,Please address frequent power cuts in Halebidu.,Halebidu,Hassan,13.2157,75.9914,0.489,2026-08-12T12:56:00+00:00,SYNTHETIC / DEMO DATA,
SYN-REQ-0267,ದಯವಿಟ್ಟು Halebidu ನಲ್ಲಿ ಪದೇ ಪದೇ ವಿದ್ಯುತ್ ಕಡಿತವನ್ನು ಪರಿಹರಿಸಿ.,Kannada,Electricity,Power Supply,Please address frequent power cuts in Halebidu.,Halebidu,Hassan,13.2157,75.9914,0.489,2026-08-13T05:56:00+00:00,SYNTHETIC / DEMO DATA,
SYN-REQ-0268,Please address frequent power cuts in Halebidu.,English,Electricity,Power Supply,Please address frequent power cuts in Halebidu.,Halebidu,Hassan,13.2157,75.9914,0.489,2026-08-09T19:25:00+00:00,SYNTHETIC / DEMO DATA,
SYN-REQ-0269,कृपया Halebidu में बार-बार बिजली कटौती की समस्या दूर करें।,Hindi,Electricity,Power Supply,Please address frequent power cuts in Halebidu.,Halebidu,Hassan,13.2157,75.9914,0.489,2026-07-20T13:51:00+00:00,SYNTHETIC / DEMO DATA,
SYN-REQ-0270,ದಯವಿಟ್ಟು Halebidu ನಲ್ಲಿ ಪದೇ ಪದೇ ವಿದ್ಯುತ್ ಕಡಿತವನ್ನು ಪರಿಹರಿಸಿ.,Kannada,Electricity,Power Supply,Please address frequent power cuts in Halebidu.,Halebidu,Hassan,13.2157,75.9914,0.489,2026-08-05T00:00:00+00:00,SYNTHETIC / DEMO DATA,
SYN-REQ-0271,Please address frequent power cuts in Halebidu.,English,Electricity,Power Supply,Please address frequent power cuts in Halebidu.,Halebidu,Hassan,13.2157,75.9914,0.489,2026-07-20T09:47:00+00:00,SYNTHETIC / DEMO DATA,
SYN-REQ-0272,कृपया Halebidu में बार-बार बिजली कटौती की समस्या दूर करें।,Hindi,Electricity,Power Supply,Please address frequent power cuts in Halebidu.,Halebidu,Hassan,13.2157,75.9914,0.489,2026-07-14T14:40:00+00:00,SYNTHETIC / DEMO DATA,
SYN-REQ-0273,ದಯವಿಟ್ಟು Halebidu ನಲ್ಲಿ ಪದೇ ಪದೇ ವಿದ್ಯುತ್ ಕಡಿತವನ್ನು ಪರಿಹರಿಸಿ.,Kannada,Electricity,Power Supply,Please address frequent power cuts in Halebidu.,Halebidu,Hassan,13.2157,75.9914,0.489,2026-08-20T19:47:00+00:00,SYNTHETIC / DEMO DATA,
SYN-REQ-0274,Please address frequent power cuts in Halebidu.,English,Electricity,Power Supply,Please address frequent power cuts in Halebidu.,Halebidu,Hassan,13.2157,75.9914,0.489,2026-08-08T22:20:00+00:00,SYNTHETIC / DEMO DATA,
SYN-REQ-0275,कृपया Halebidu में बार-बार बिजली कटौती की समस्या दूर करें।,Hindi,Electricity,Power Supply,Please address frequent power cuts in Halebidu.,Halebidu,Hassan,13.2157,75.9914,0.489,2026-07-21T15:52:00+00:00,SYNTHETIC / DEMO DATA,
SYN-REQ-0276,ದಯವಿಟ್ಟು Halebidu ನಲ್ಲಿ ಪದೇ ಪದೇ ವಿದ್ಯುತ್ ಕಡಿತವನ್ನು ಪರಿಹರಿಸಿ.,Kannada,Electricity,Power Supply,Please address frequent power cuts in Halebidu.,Halebidu,Hassan,13.2157,75.9914,0.489,2026-07-29T15:05:00+00:00,SYNTHETIC / DEMO DATA,
SYN-REQ-0277,Please address frequent power cuts in Halebidu.,English,Electricity,Power Supply,Please address frequent power cuts in Halebidu.,Halebidu,Hassan,13.2157,75.9914,0.489,2026-08-13T07:17:00+00:00,SYNTHETIC / DEMO DATA,
SYN-REQ-0278,कृपया Halebidu में बार-बार बिजली कटौती की समस्या दूर करें।,Hindi,Electricity,Power Supply,Please address frequent power cuts in Halebidu.,Halebidu,Hassan,13.2157,75.9914,0.489,2026-08-02T16:09:00+00:00,SYNTHETIC / DEMO DATA,
SYN-REQ-0279,ದಯವಿಟ್ಟು Halebidu ನಲ್ಲಿ ಪದೇ ಪದೇ ವಿದ್ಯುತ್ ಕಡಿತವನ್ನು ಪರಿಹರಿಸಿ.,Kannada,Electricity,Power Supply,Please address frequent power cuts in Halebidu.,Halebidu,Hassan,13.2157,75.9914,0.489,2026-08-20T05:47:00+00:00,SYNTHETIC / DEMO DATA,
SYN-REQ-0280,Please address frequent power cuts in Halebidu.,English,Electricity,Power Supply,Please address frequent power cuts in Halebidu.,Halebidu,Hassan,13.2157,75.9914,0.489,2026-08-12T02:53:00+00:00,SYNTHETIC / DEMO DATA,
SYN-REQ-0281,कृपया Halebidu में बार-बार बिजली कटौती की समस्या दूर करें।,Hindi,Electricity,Power Supply,Please address frequent power cuts in Halebidu.,Halebidu,Hassan,13.2157,75.9914,0.489,2026-07-19T17:35:00+00:00,SYNTHETIC / DEMO DATA,
SYN-REQ-0282,ದಯವಿಟ್ಟು Halebidu ನಲ್ಲಿ ಪದೇ ಪದೇ ವಿದ್ಯುತ್ ಕಡಿತವನ್ನು ಪರಿಹರಿಸಿ.,Kannada,Electricity,Power Supply,Please address frequent power cuts in Halebidu.,Halebidu,Hassan,13.2157,75.9914,0.489,2026-08-12T21:36:00+00:00,SYNTHETIC / DEMO DATA,
SYN-REQ-0283,Please address frequent power cuts in Halebidu.,English,Electricity,Power Supply,Please address frequent power cuts in Halebidu.,Halebidu,Hassan,13.2157,75.9914,0.489,2026-08-09T11:26:00+00:00,SYNTHETIC / DEMO DATA,
SYN-REQ-0284,कृपया Halebidu में बार-बार बिजली कटौती की समस्या दूर करें।,Hindi,Electricity,Power Supply,Please address frequent power cuts in Halebidu.,Halebidu,Hassan,13.2157,75.9914,0.489,2026-07-06T08:01:00+00:00,SYNTHETIC / DEMO DATA,
SYN-REQ-0285,ದಯವಿಟ್ಟು Halebidu ನಲ್ಲಿ ಪದೇ ಪದೇ ವಿದ್ಯುತ್ ಕಡಿತವನ್ನು ಪರಿಹರಿಸಿ.,Kannada,Electricity,Power Supply,Please address frequent power cuts in Halebidu.,Halebidu,Hassan,13.2157,75.9914,0.489,2026-08-13T10:35:00+00:00,SYNTHETIC / DEMO DATA,
SYN-REQ-0286,Please address frequent power cuts in Halebidu.,English,Electricity,Power Supply,Please address frequent power cuts in Halebidu.,Halebidu,Hassan,13.2157,75.9914,0.489,2026-07-15T06:47:00+00:00,SYNTHETIC / DEMO DATA,
SYN-REQ-0287,कृपया Halebidu में बार-बार बिजली कटौती की समस्या दूर करें।,Hindi,Electricity,Power Supply,Please address frequent power cuts in Halebidu.,Halebidu,Hassan,13.2157,75.9914,0.489,2026-07-10T00:50:00+00:00,SYNTHETIC / DEMO DATA,
SYN-REQ-0288,ದಯವಿಟ್ಟು Halebidu ನಲ್ಲಿ ಪದೇ ಪದೇ ವಿದ್ಯುತ್ ಕಡಿತವನ್ನು ಪರಿಹರಿಸಿ.,Kannada,Electricity,Power Supply,Please address frequent power cuts in Halebidu.,Halebidu,Hassan,13.2157,75.9914,0.489,2026-07-03T08:21:00+00:00,SYNTHETIC / DEMO DATA,
SYN-REQ-0289,We need a nearby primary health centre in Hampi.,English,Healthcare,Primary Health Centre,We need a nearby primary health centre in Hampi.,Hampi,Vijayanagara,15.334444,76.462222,0.56,2026-07-31T20:51:00+00:00,SYNTHETIC / DEMO DATA,
SYN-REQ-0290,Hampi में हमें नजदीक प्राथमिक स्वास्थ्य केंद्र चाहिए।,Hindi,Healthcare,Primary Health Centre,We need a nearby primary health centre in Hampi.,Hampi,Vijayanagara,15.334444,76.462222,0.56,2026-08-24T02:29:00+00:00,SYNTHETIC / DEMO DATA,
SYN-REQ-0291,Hampi ನಲ್ಲಿ ನಮಗೆ ಹತ್ತಿರದ ಪ್ರಾಥಮಿಕ ಆರೋಗ್ಯ ಕೇಂದ್ರ ಬೇಕು.,Kannada,Healthcare,Primary Health Centre,We need a nearby primary health centre in Hampi.,Hampi,Vijayanagara,15.334444,76.462222,0.56,2026-07-30T14:08:00+00:00,SYNTHETIC / DEMO DATA,
SYN-REQ-0292,We need a nearby primary health centre in Hampi.,English,Healthcare,Primary Health Centre,We need a nearby primary health centre in Hampi.,Hampi,Vijayanagara,15.334444,76.462222,0.56,2026-08-26T21:29:00+00:00,SYNTHETIC / DEMO DATA,
SYN-REQ-0293,Hampi में हमें नजदीक प्राथमिक स्वास्थ्य केंद्र चाहिए।,Hindi,Healthcare,Primary Health Centre,We need a nearby primary health centre in Hampi.,Hampi,Vijayanagara,15.334444,76.462222,0.56,2026-08-06T06:38:00+00:00,SYNTHETIC / DEMO DATA,
SYN-REQ-0294,Hampi ನಲ್ಲಿ ನಮಗೆ ಹತ್ತಿರದ ಪ್ರಾಥಮಿಕ ಆರೋಗ್ಯ ಕೇಂದ್ರ ಬೇಕು.,Kannada,Healthcare,Primary Health Centre,We need a nearby primary health centre in Hampi.,Hampi,Vijayanagara,15.334444,76.462222,0.56,2026-08-15T23:46:00+00:00,SYNTHETIC / DEMO DATA,
SYN-REQ-0295,We need a nearby primary health centre in Hampi.,English,Healthcare,Primary Health Centre,We need a nearby primary health centre in Hampi.,Hampi,Vijayanagara,15.334444,76.462222,0.56,2026-07-25T16:52:00+00:00,SYNTHETIC / DEMO DATA,
SYN-REQ-0296,Hampi में हमें नजदीक प्राथमिक स्वास्थ्य केंद्र चाहिए।,Hindi,Healthcare,Primary Health Centre,We need a nearby primary health centre in Hampi.,Hampi,Vijayanagara,15.334444,76.462222,0.56,2026-07-26T08:19:00+00:00,SYNTHETIC / DEMO DATA,
SYN-REQ-0297,Hampi ನಲ್ಲಿ ನಮಗೆ ಹತ್ತಿರದ ಪ್ರಾಥಮಿಕ ಆರೋಗ್ಯ ಕೇಂದ್ರ ಬೇಕು.,Kannada,Healthcare,Primary Health Centre,We need a nearby primary health centre in Hampi.,Hampi,Vijayanagara,15.334444,76.462222,0.56,2026-07-10T22:23:00+00:00,SYNTHETIC / DEMO DATA,
SYN-REQ-0298,We need a nearby primary health centre in Hampi.,English,Healthcare,Primary Health Centre,We need a nearby primary health centre in Hampi.,Hampi,Vijayanagara,15.334444,76.462222,0.56,2026-08-14T00:11:00+00:00,SYNTHETIC / DEMO DATA,
SYN-REQ-0299,Hampi में हमें नजदीक प्राथमिक स्वास्थ्य केंद्र चाहिए।,Hindi,Healthcare,Primary Health Centre,We need a nearby primary health centre in Hampi.,Hampi,Vijayanagara,15.334444,76.462222,0.56,2026-08-27T03:38:00+00:00,SYNTHETIC / DEMO DATA,
SYN-REQ-0300,Hampi ನಲ್ಲಿ ನಮಗೆ ಹತ್ತಿರದ ಪ್ರಾಥಮಿಕ ಆರೋಗ್ಯ ಕೇಂದ್ರ ಬೇಕು.,Kannada,Healthcare,Primary Health Centre,We need a nearby primary health centre in Hampi.,Hampi,Vijayanagara,15.334444,76.462222,0.56,2026-08-19T14:30:00+00:00,SYNTHETIC / DEMO DATA,
SYN-REQ-0301,We need a nearby primary health centre in Hampi.,English,Healthcare,Primary Health Centre,We need a nearby primary health centre in Hampi.,Hampi,Vijayanagara,15.334444,76.462222,0.56,2026-07-15T06:00:00+00:00,SYNTHETIC / DEMO DATA,
SYN-REQ-0302,Hampi में हमें नजदीक प्राथमिक स्वास्थ्य केंद्र चाहिए।,Hindi,Healthcare,Primary Health Centre,We need a nearby primary health centre in Hampi.,Hampi,Vijayanagara,15.334444,76.462222,0.56,2026-08-21T23:45:00+00:00,SYNTHETIC / DEMO DATA,
SYN-REQ-0303,Hampi ನಲ್ಲಿ ನಮಗೆ ಹತ್ತಿರದ ಪ್ರಾಥಮಿಕ ಆರೋಗ್ಯ ಕೇಂದ್ರ ಬೇಕು.,Kannada,Healthcare,Primary Health Centre,We need a nearby primary health centre in Hampi.,Hampi,Vijayanagara,15.334444,76.462222,0.56,2026-08-03T15:51:00+00:00,SYNTHETIC / DEMO DATA,
SYN-REQ-0304,We need a nearby primary health centre in Hampi.,English,Healthcare,Primary Health Centre,We need a nearby primary health centre in Hampi.,Hampi,Vijayanagara,15.334444,76.462222,0.56,2026-07-04T19:01:00+00:00,SYNTHETIC / DEMO DATA,
SYN-REQ-0305,Hampi में हमें नजदीक प्राथमिक स्वास्थ्य केंद्र चाहिए।,Hindi,Healthcare,Primary Health Centre,We need a nearby primary health centre in Hampi.,Hampi,Vijayanagara,15.334444,76.462222,0.56,2026-07-16T04:08:00+00:00,SYNTHETIC / DEMO DATA,
SYN-REQ-0306,Hampi ನಲ್ಲಿ ನಮಗೆ ಹತ್ತಿರದ ಪ್ರಾಥಮಿಕ ಆರೋಗ್ಯ ಕೇಂದ್ರ ಬೇಕು.,Kannada,Healthcare,Primary Health Centre,We need a nearby primary health centre in Hampi.,Hampi,Vijayanagara,15.334444,76.462222,0.56,2026-07-30T04:33:00+00:00,SYNTHETIC / DEMO DATA,
SYN-REQ-0307,We need a nearby primary health centre in Hampi.,English,Healthcare,Primary Health Centre,We need a nearby primary health centre in Hampi.,Hampi,Vijayanagara,15.334444,76.462222,0.56,2026-08-21T15:51:00+00:00,SYNTHETIC / DEMO DATA,
SYN-REQ-0308,Hampi में हमें नजदीक प्राथमिक स्वास्थ्य केंद्र चाहिए।,Hindi,Healthcare,Primary Health Centre,We need a nearby primary health centre in Hampi.,Hampi,Vijayanagara,15.334444,76.462222,0.56,2026-08-12T18:07:00+00:00,SYNTHETIC / DEMO DATA,
SYN-REQ-0309,Hampi ನಲ್ಲಿ ನಮಗೆ ಹತ್ತಿರದ ಪ್ರಾಥಮಿಕ ಆರೋಗ್ಯ ಕೇಂದ್ರ ಬೇಕು.,Kannada,Healthcare,Primary Health Centre,We need a nearby primary health centre in Hampi.,Hampi,Vijayanagara,15.334444,76.462222,0.56,2026-08-05T20:19:00+00:00,SYNTHETIC / DEMO DATA,
SYN-REQ-0310,We need a nearby primary health centre in Hampi.,English,Healthcare,Primary Health Centre,We need a nearby primary health centre in Hampi.,Hampi,Vijayanagara,15.334444,76.462222,0.56,2026-07-21T15:06:00+00:00,SYNTHETIC / DEMO DATA,
SYN-REQ-0311,Hampi में हमें नजदीक प्राथमिक स्वास्थ्य केंद्र चाहिए।,Hindi,Healthcare,Primary Health Centre,We need a nearby primary health centre in Hampi.,Hampi,Vijayanagara,15.334444,76.462222,0.56,2026-08-09T17:13:00+00:00,SYNTHETIC / DEMO DATA,
SYN-REQ-0312,Hampi ನಲ್ಲಿ ನಮಗೆ ಹತ್ತಿರದ ಪ್ರಾಥಮಿಕ ಆರೋಗ್ಯ ಕೇಂದ್ರ ಬೇಕು.,Kannada,Healthcare,Primary Health Centre,We need a nearby primary health centre in Hampi.,Hampi,Vijayanagara,15.334444,76.462222,0.56,2026-07-28T18:42:00+00:00,SYNTHETIC / DEMO DATA,
SYN-REQ-0313,Our children need more classrooms in Hampi.,English,Education,School,Our children need more classrooms in Hampi.,Hampi,Vijayanagara,15.334444,76.462222,0.577,2026-07-29T05:25:00+00:00,SYNTHETIC / DEMO DATA,
SYN-REQ-0314,Hampi में हमारे बच्चों के लिए अधिक कक्षाओं की जरूरत है।,Hindi,Education,School,Our children need more classrooms in Hampi.,Hampi,Vijayanagara,15.334444,76.462222,0.577,2026-08-17T16:12:00+00:00,SYNTHETIC / DEMO DATA,
SYN-REQ-0315,Hampi ನಲ್ಲಿ ನಮ್ಮ ಮಕ್ಕಳಿಗೆ ಹೆಚ್ಚಿನ ತರಗತಿ ಕೊಠಡಿಗಳು ಬೇಕು.,Kannada,Education,School,Our children need more classrooms in Hampi.,Hampi,Vijayanagara,15.334444,76.462222,0.577,2026-07-29T08:50:00+00:00,SYNTHETIC / DEMO DATA,
SYN-REQ-0316,Our children need more classrooms in Hampi.,English,Education,School,Our children need more classrooms in Hampi.,Hampi,Vijayanagara,15.334444,76.462222,0.577,2026-08-18T08:26:00+00:00,SYNTHETIC / DEMO DATA,
SYN-REQ-0317,Hampi में हमारे बच्चों के लिए अधिक कक्षाओं की जरूरत है।,Hindi,Education,School,Our children need more classrooms in Hampi.,Hampi,Vijayanagara,15.334444,76.462222,0.577,2026-08-23T21:45:00+00:00,SYNTHETIC / DEMO DATA,
SYN-REQ-0318,Hampi ನಲ್ಲಿ ನಮ್ಮ ಮಕ್ಕಳಿಗೆ ಹೆಚ್ಚಿನ ತರಗತಿ ಕೊಠಡಿಗಳು ಬೇಕು.,Kannada,Education,School,Our children need more classrooms in Hampi.,Hampi,Vijayanagara,15.334444,76.462222,0.577,2026-07-18T17:47:00+00:00,SYNTHETIC / DEMO DATA,
SYN-REQ-0319,Our children need more classrooms in Hampi.,English,Education,School,Our children need more classrooms in Hampi.,Hampi,Vijayanagara,15.334444,76.462222,0.577,2026-08-01T21:23:00+00:00,SYNTHETIC / DEMO DATA,
SYN-REQ-0320,Hampi में हमारे बच्चों के लिए अधिक कक्षाओं की जरूरत है।,Hindi,Education,School,Our children need more classrooms in Hampi.,Hampi,Vijayanagara,15.334444,76.462222,0.577,2026-07-16T09:22:00+00:00,SYNTHETIC / DEMO DATA,
SYN-REQ-0321,Hampi ನಲ್ಲಿ ನಮ್ಮ ಮಕ್ಕಳಿಗೆ ಹೆಚ್ಚಿನ ತರಗತಿ ಕೊಠಡಿಗಳು ಬೇಕು.,Kannada,Education,School,Our children need more classrooms in Hampi.,Hampi,Vijayanagara,15.334444,76.462222,0.577,2026-07-29T02:38:00+00:00,SYNTHETIC / DEMO DATA,
SYN-REQ-0322,Our children need more classrooms in Hampi.,English,Education,School,Our children need more classrooms in Hampi.,Hampi,Vijayanagara,15.334444,76.462222,0.577,2026-08-15T09:45:00+00:00,SYNTHETIC / DEMO DATA,
SYN-REQ-0323,Hampi में हमारे बच्चों के लिए अधिक कक्षाओं की जरूरत है।,Hindi,Education,School,Our children need more classrooms in Hampi.,Hampi,Vijayanagara,15.334444,76.462222,0.577,2026-07-16T09:16:00+00:00,SYNTHETIC / DEMO DATA,
SYN-REQ-0324,Hampi ನಲ್ಲಿ ನಮ್ಮ ಮಕ್ಕಳಿಗೆ ಹೆಚ್ಚಿನ ತರಗತಿ ಕೊಠಡಿಗಳು ಬೇಕು.,Kannada,Education,School,Our children need more classrooms in Hampi.,Hampi,Vijayanagara,15.334444,76.462222,0.577,2026-07-22T10:54:00+00:00,SYNTHETIC / DEMO DATA,
SYN-REQ-0325,Our children need more classrooms in Hampi.,English,Education,School,Our children need more classrooms in Hampi.,Hampi,Vijayanagara,15.334444,76.462222,0.577,2026-08-27T18:26:00+00:00,SYNTHETIC / DEMO DATA,
SYN-REQ-0326,Hampi में हमारे बच्चों के लिए अधिक कक्षाओं की जरूरत है।,Hindi,Education,School,Our children need more classrooms in Hampi.,Hampi,Vijayanagara,15.334444,76.462222,0.577,2026-07-06T04:43:00+00:00,SYNTHETIC / DEMO DATA,
SYN-REQ-0327,Hampi ನಲ್ಲಿ ನಮ್ಮ ಮಕ್ಕಳಿಗೆ ಹೆಚ್ಚಿನ ತರಗತಿ ಕೊಠಡಿಗಳು ಬೇಕು.,Kannada,Education,School,Our children need more classrooms in Hampi.,Hampi,Vijayanagara,15.334444,76.462222,0.577,2026-07-10T07:53:00+00:00,SYNTHETIC / DEMO DATA,
SYN-REQ-0328,Our children need more classrooms in Hampi.,English,Education,School,Our children need more classrooms in Hampi.,Hampi,Vijayanagara,15.334444,76.462222,0.577,2026-07-25T23:41:00+00:00,SYNTHETIC / DEMO DATA,
SYN-REQ-0329,Hampi में हमारे बच्चों के लिए अधिक कक्षाओं की जरूरत है।,Hindi,Education,School,Our children need more classrooms in Hampi.,Hampi,Vijayanagara,15.334444,76.462222,0.577,2026-07-10T07:18:00+00:00,SYNTHETIC / DEMO DATA,
SYN-REQ-0330,Hampi ನಲ್ಲಿ ನಮ್ಮ ಮಕ್ಕಳಿಗೆ ಹೆಚ್ಚಿನ ತರಗತಿ ಕೊಠಡಿಗಳು ಬೇಕು.,Kannada,Education,School,Our children need more classrooms in Hampi.,Hampi,Vijayanagara,15.334444,76.462222,0.577,2026-07-05T14:09:00+00:00,SYNTHETIC / DEMO DATA,
SYN-REQ-0331,Our children need more classrooms in Hampi.,English,Education,School,Our children need more classrooms in Hampi.,Hampi,Vijayanagara,15.334444,76.462222,0.577,2026-07-27T11:17:00+00:00,SYNTHETIC / DEMO DATA,
SYN-REQ-0332,Hampi में हमारे बच्चों के लिए अधिक कक्षाओं की जरूरत है।,Hindi,Education,School,Our children need more classrooms in Hampi.,Hampi,Vijayanagara,15.334444,76.462222,0.577,2026-08-04T15:54:00+00:00,SYNTHETIC / DEMO DATA,
SYN-REQ-0333,Hampi ನಲ್ಲಿ ನಮ್ಮ ಮಕ್ಕಳಿಗೆ ಹೆಚ್ಚಿನ ತರಗತಿ ಕೊಠಡಿಗಳು ಬೇಕು.,Kannada,Education,School,Our children need more classrooms in Hampi.,Hampi,Vijayanagara,15.334444,76.462222,0.577,2026-07-27T02:07:00+00:00,SYNTHETIC / DEMO DATA,
SYN-REQ-0334,Our children need more classrooms in Hampi.,English,Education,School,Our children need more classrooms in Hampi.,Hampi,Vijayanagara,15.334444,76.462222,0.577,2026-07-14T14:20:00+00:00,SYNTHETIC / DEMO DATA,
SYN-REQ-0335,Hampi में हमारे बच्चों के लिए अधिक कक्षाओं की जरूरत है।,Hindi,Education,School,Our children need more classrooms in Hampi.,Hampi,Vijayanagara,15.334444,76.462222,0.577,2026-07-25T19:56:00+00:00,SYNTHETIC / DEMO DATA,
SYN-REQ-0336,Hampi ನಲ್ಲಿ ನಮ್ಮ ಮಕ್ಕಳಿಗೆ ಹೆಚ್ಚಿನ ತರಗತಿ ಕೊಠಡಿಗಳು ಬೇಕು.,Kannada,Education,School,Our children need more classrooms in Hampi.,Hampi,Vijayanagara,15.334444,76.462222,0.577,2026-08-14T00:40:00+00:00,SYNTHETIC / DEMO DATA,
SYN-REQ-0337,Our children need more classrooms in Hampi.,English,Education,School,Our children need more classrooms in Hampi.,Hampi,Vijayanagara,15.334444,76.462222,0.577,2026-08-24T19:39:00+00:00,SYNTHETIC / DEMO DATA,
SYN-REQ-0338,कृपया Hampi में खराब सड़कों की मरम्मत करें।,Hindi,Roads,Road Repair,Please repair the damaged roads in Hampi.,Hampi,Vijayanagara,15.334444,76.462222,0.542,2026-07-25T16:16:00+00:00,SYNTHETIC / DEMO DATA,
SYN-REQ-0339,ದಯವಿಟ್ಟು Hampi ನಲ್ಲಿ ಹಾಳಾದ ರಸ್ತೆಗಳನ್ನು ಸರಿಪಡಿಸಿ.,Kannada,Roads,Road Repair,Please repair the damaged roads in Hampi.,Hampi,Vijayanagara,15.334444,76.462222,0.542,2026-07-01T12:00:00+00:00,SYNTHETIC / DEMO DATA,
SYN-REQ-0340,Please repair the damaged roads in Hampi.,English,Roads,Road Repair,Please repair the damaged roads in Hampi.,Hampi,Vijayanagara,15.334444,76.462222,0.542,2026-07-20T13:18:00+00:00,SYNTHETIC / DEMO DATA,
SYN-REQ-0341,कृपया Hampi में खराब सड़कों की मरम्मत करें।,Hindi,Roads,Road Repair,Please repair the damaged roads in Hampi.,Hampi,Vijayanagara,15.334444,76.462222,0.542,2026-08-24T14:18:00+00:00,SYNTHETIC / DEMO DATA,
SYN-REQ-0342,ದಯವಿಟ್ಟು Hampi ನಲ್ಲಿ ಹಾಳಾದ ರಸ್ತೆಗಳನ್ನು ಸರಿಪಡಿಸಿ.,Kannada,Roads,Road Repair,Please repair the damaged roads in Hampi.,Hampi,Vijayanagara,15.334444,76.462222,0.542,2026-08-04T18:38:00+00:00,SYNTHETIC / DEMO DATA,
SYN-REQ-0343,Please repair the damaged roads in Hampi.,English,Roads,Road Repair,Please repair the damaged roads in Hampi.,Hampi,Vijayanagara,15.334444,76.462222,0.542,2026-08-21T20:35:00+00:00,SYNTHETIC / DEMO DATA,
SYN-REQ-0344,कृपया Hampi में खराब सड़कों की मरम्मत करें।,Hindi,Roads,Road Repair,Please repair the damaged roads in Hampi.,Hampi,Vijayanagara,15.334444,76.462222,0.542,2026-08-27T07:31:00+00:00,SYNTHETIC / DEMO DATA,
SYN-REQ-0345,ದಯವಿಟ್ಟು Hampi ನಲ್ಲಿ ಹಾಳಾದ ರಸ್ತೆಗಳನ್ನು ಸರಿಪಡಿಸಿ.,Kannada,Roads,Road Repair,Please repair the damaged roads in Hampi.,Hampi,Vijayanagara,15.334444,76.462222,0.542,2026-08-01T07:29:00+00:00,SYNTHETIC / DEMO DATA,
SYN-REQ-0346,Please repair the damaged roads in Hampi.,English,Roads,Road Repair,Please repair the damaged roads in Hampi.,Hampi,Vijayanagara,15.334444,76.462222,0.542,2026-07-18T14:52:00+00:00,SYNTHETIC / DEMO DATA,
SYN-REQ-0347,कृपया Hampi में खराब सड़कों की मरम्मत करें।,Hindi,Roads,Road Repair,Please repair the damaged roads in Hampi.,Hampi,Vijayanagara,15.334444,76.462222,0.542,2026-08-01T00:59:00+00:00,SYNTHETIC / DEMO DATA,
SYN-REQ-0348,ದಯವಿಟ್ಟು Hampi ನಲ್ಲಿ ಹಾಳಾದ ರಸ್ತೆಗಳನ್ನು ಸರಿಪಡಿಸಿ.,Kannada,Roads,Road Repair,Please repair the damaged roads in Hampi.,Hampi,Vijayanagara,15.334444,76.462222,0.542,2026-07-25T11:28:00+00:00,SYNTHETIC / DEMO DATA,
SYN-REQ-0349,Please repair the damaged roads in Hampi.,English,Roads,Road Repair,Please repair the damaged roads in Hampi.,Hampi,Vijayanagara,15.334444,76.462222,0.542,2026-08-12T23:10:00+00:00,SYNTHETIC / DEMO DATA,
SYN-REQ-0350,कृपया Hampi में खराब सड़कों की मरम्मत करें।,Hindi,Roads,Road Repair,Please repair the damaged roads in Hampi.,Hampi,Vijayanagara,15.334444,76.462222,0.542,2026-08-21T13:48:00+00:00,SYNTHETIC / DEMO DATA,
SYN-REQ-0351,ದಯವಿಟ್ಟು Hampi ನಲ್ಲಿ ಹಾಳಾದ ರಸ್ತೆಗಳನ್ನು ಸರಿಪಡಿಸಿ.,Kannada,Roads,Road Repair,Please repair the damaged roads in Hampi.,Hampi,Vijayanagara,15.334444,76.462222,0.542,2026-08-16T05:38:00+00:00,SYNTHETIC / DEMO DATA,
SYN-REQ-0352,Please repair the damaged roads in Hampi.,English,Roads,Road Repair,Please repair the damaged roads in Hampi.,Hampi,Vijayanagara,15.334444,76.462222,0.542,2026-08-23T15:57:00+00:00,SYNTHETIC / DEMO DATA,
SYN-REQ-0353,कृपया Hampi में खराब सड़कों की मरम्मत करें।,Hindi,Roads,Road Repair,Please repair the damaged roads in Hampi.,Hampi,Vijayanagara,15.334444,76.462222,0.542,2026-08-28T04:21:00+00:00,SYNTHETIC / DEMO DATA,
SYN-REQ-0354,ದಯವಿಟ್ಟು Hampi ನಲ್ಲಿ ಹಾಳಾದ ರಸ್ತೆಗಳನ್ನು ಸರಿಪಡಿಸಿ.,Kannada,Roads,Road Repair,Please repair the damaged roads in Hampi.,Hampi,Vijayanagara,15.334444,76.462222,0.542,2026-08-09T18:13:00+00:00,SYNTHETIC / DEMO DATA,
SYN-REQ-0355,Please repair the damaged roads in Hampi.,English,Roads,Road Repair,Please repair the damaged roads in Hampi.,Hampi,Vijayanagara,15.334444,76.462222,0.542,2026-07-02T13:26:00+00:00,SYNTHETIC / DEMO DATA,
SYN-REQ-0356,कृपया Hampi में खराब सड़कों की मरम्मत करें।,Hindi,Roads,Road Repair,Please repair the damaged roads in Hampi.,Hampi,Vijayanagara,15.334444,76.462222,0.542,2026-08-07T19:15:00+00:00,SYNTHETIC / DEMO DATA,
SYN-REQ-0357,ದಯವಿಟ್ಟು Hampi ನಲ್ಲಿ ಹಾಳಾದ ರಸ್ತೆಗಳನ್ನು ಸರಿಪಡಿಸಿ.,Kannada,Roads,Road Repair,Please repair the damaged roads in Hampi.,Hampi,Vijayanagara,15.334444,76.462222,0.542,2026-08-12T00:55:00+00:00,SYNTHETIC / DEMO DATA,
SYN-REQ-0358,Please repair the damaged roads in Hampi.,English,Roads,Road Repair,Please repair the damaged roads in Hampi.,Hampi,Vijayanagara,15.334444,76.462222,0.542,2026-07-06T21:56:00+00:00,SYNTHETIC / DEMO DATA,
SYN-REQ-0359,कृपया Hampi में खराब सड़कों की मरम्मत करें।,Hindi,Roads,Road Repair,Please repair the damaged roads in Hampi.,Hampi,Vijayanagara,15.334444,76.462222,0.542,2026-07-28T04:37:00+00:00,SYNTHETIC / DEMO DATA,
SYN-REQ-0360,ದಯವಿಟ್ಟು Hampi ನಲ್ಲಿ ಹಾಳಾದ ರಸ್ತೆಗಳನ್ನು ಸರಿಪಡಿಸಿ.,Kannada,Roads,Road Repair,Please repair the damaged roads in Hampi.,Hampi,Vijayanagara,15.334444,76.462222,0.542,2026-08-25T15:45:00+00:00,SYNTHETIC / DEMO DATA,
SYN-REQ-0361,We need a reliable drinking water supply in Hampi.,English,Water,Water Supply,We need a reliable drinking water supply in Hampi.,Hampi,Vijayanagara,15.334444,76.462222,0.458,2026-07-12T01:42:00+00:00,SYNTHETIC / DEMO DATA,
SYN-REQ-0362,Hampi में हमें नियमित पेयजल आपूर्ति चाहिए।,Hindi,Water,Water Supply,We need a reliable drinking water supply in Hampi.,Hampi,Vijayanagara,15.334444,76.462222,0.458,2026-07-17T12:56:00+00:00,SYNTHETIC / DEMO DATA,
SYN-REQ-0363,Hampi ನಲ್ಲಿ ನಮಗೆ ನಿಯಮಿತ ಕುಡಿಯುವ ನೀರಿನ ಪೂರೈಕೆ ಬೇಕು.,Kannada,Water,Water Supply,We need a reliable drinking water supply in Hampi.,Hampi,Vijayanagara,15.334444,76.462222,0.458,2026-07-21T07:13:00+00:00,SYNTHETIC / DEMO DATA,
SYN-REQ-0364,We need a reliable drinking water supply in Hampi.,English,Water,Water Supply,We need a reliable drinking water supply in Hampi.,Hampi,Vijayanagara,15.334444,76.462222,0.458,2026-07-30T11:09:00+00:00,SYNTHETIC / DEMO DATA,
SYN-REQ-0365,Hampi में हमें नियमित पेयजल आपूर्ति चाहिए।,Hindi,Water,Water Supply,We need a reliable drinking water supply in Hampi.,Hampi,Vijayanagara,15.334444,76.462222,0.458,2026-07-22T12:56:00+00:00,SYNTHETIC / DEMO DATA,
SYN-REQ-0366,Hampi ನಲ್ಲಿ ನಮಗೆ ನಿಯಮಿತ ಕುಡಿಯುವ ನೀರಿನ ಪೂರೈಕೆ ಬೇಕು.,Kannada,Water,Water Supply,We need a reliable drinking water supply in Hampi.,Hampi,Vijayanagara,15.334444,76.462222,0.458,2026-07-18T14:23:00+00:00,SYNTHETIC / DEMO DATA,
SYN-REQ-0367,We need a reliable drinking water supply in Hampi.,English,Water,Water Supply,We need a reliable drinking water supply in Hampi.,Hampi,Vijayanagara,15.334444,76.462222,0.458,2026-07-17T02:47:00+00:00,SYNTHETIC / DEMO DATA,
SYN-REQ-0368,Hampi में हमें नियमित पेयजल आपूर्ति चाहिए।,Hindi,Water,Water Supply,We need a reliable drinking water supply in Hampi.,Hampi,Vijayanagara,15.334444,76.462222,0.458,2026-07-31T00:39:00+00:00,SYNTHETIC / DEMO DATA,
SYN-REQ-0369,Hampi ನಲ್ಲಿ ನಮಗೆ ನಿಯಮಿತ ಕುಡಿಯುವ ನೀರಿನ ಪೂರೈಕೆ ಬೇಕು.,Kannada,Water,Water Supply,We need a reliable drinking water supply in Hampi.,Hampi,Vijayanagara,15.334444,76.462222,0.458,2026-08-17T18:24:00+00:00,SYNTHETIC / DEMO DATA,
SYN-REQ-0370,We need a reliable drinking water supply in Hampi.,English,Water,Water Supply,We need a reliable drinking water supply in Hampi.,Hampi,Vijayanagara,15.334444,76.462222,0.458,2026-07-04T11:56:00+00:00,SYNTHETIC / DEMO DATA,
SYN-REQ-0371,Hampi में हमें नियमित पेयजल आपूर्ति चाहिए।,Hindi,Water,Water Supply,We need a reliable drinking water supply in Hampi.,Hampi,Vijayanagara,15.334444,76.462222,0.458,2026-07-15T22:11:00+00:00,SYNTHETIC / DEMO DATA,
SYN-REQ-0372,Hampi ನಲ್ಲಿ ನಮಗೆ ನಿಯಮಿತ ಕುಡಿಯುವ ನೀರಿನ ಪೂರೈಕೆ ಬೇಕು.,Kannada,Water,Water Supply,We need a reliable drinking water supply in Hampi.,Hampi,Vijayanagara,15.334444,76.462222,0.458,2026-07-05T22:14:00+00:00,SYNTHETIC / DEMO DATA,
SYN-REQ-0373,We need a reliable drinking water supply in Hampi.,English,Water,Water Supply,We need a reliable drinking water supply in Hampi.,Hampi,Vijayanagara,15.334444,76.462222,0.458,2026-07-03T01:03:00+00:00,SYNTHETIC / DEMO DATA,
SYN-REQ-0374,Hampi में हमें नियमित पेयजल आपूर्ति चाहिए।,Hindi,Water,Water Supply,We need a reliable drinking water supply in Hampi.,Hampi,Vijayanagara,15.334444,76.462222,0.458,2026-07-16T06:48:00+00:00,SYNTHETIC / DEMO DATA,
SYN-REQ-0375,Hampi ನಲ್ಲಿ ನಮಗೆ ನಿಯಮಿತ ಕುಡಿಯುವ ನೀರಿನ ಪೂರೈಕೆ ಬೇಕು.,Kannada,Water,Water Supply,We need a reliable drinking water supply in Hampi.,Hampi,Vijayanagara,15.334444,76.462222,0.458,2026-08-23T00:41:00+00:00,SYNTHETIC / DEMO DATA,
SYN-REQ-0376,We need a reliable drinking water supply in Hampi.,English,Water,Water Supply,We need a reliable drinking water supply in Hampi.,Hampi,Vijayanagara,15.334444,76.462222,0.458,2026-08-09T05:12:00+00:00,SYNTHETIC / DEMO DATA,
SYN-REQ-0377,Hampi में हमें नियमित पेयजल आपूर्ति चाहिए।,Hindi,Water,Water Supply,We need a reliable drinking water supply in Hampi.,Hampi,Vijayanagara,15.334444,76.462222,0.458,2026-07-16T04:18:00+00:00,SYNTHETIC / DEMO DATA,
SYN-REQ-0378,Hampi ನಲ್ಲಿ ನಮಗೆ ನಿಯಮಿತ ಕುಡಿಯುವ ನೀರಿನ ಪೂರೈಕೆ ಬೇಕು.,Kannada,Water,Water Supply,We need a reliable drinking water supply in Hampi.,Hampi,Vijayanagara,15.334444,76.462222,0.458,2026-07-31T22:51:00+00:00,SYNTHETIC / DEMO DATA,
SYN-REQ-0379,We need a reliable drinking water supply in Hampi.,English,Water,Water Supply,We need a reliable drinking water supply in Hampi.,Hampi,Vijayanagara,15.334444,76.462222,0.458,2026-07-08T19:15:00+00:00,SYNTHETIC / DEMO DATA,
SYN-REQ-0380,कृपया Hampi में बार-बार बिजली कटौती की समस्या दूर करें।,Hindi,Electricity,Power Supply,Please address frequent power cuts in Hampi.,Hampi,Vijayanagara,15.334444,76.462222,0.572,2026-07-14T15:52:00+00:00,SYNTHETIC / DEMO DATA,
SYN-REQ-0381,ದಯವಿಟ್ಟು Hampi ನಲ್ಲಿ ಪದೇ ಪದೇ ವಿದ್ಯುತ್ ಕಡಿತವನ್ನು ಪರಿಹರಿಸಿ.,Kannada,Electricity,Power Supply,Please address frequent power cuts in Hampi.,Hampi,Vijayanagara,15.334444,76.462222,0.572,2026-08-14T08:44:00+00:00,SYNTHETIC / DEMO DATA,
SYN-REQ-0382,Please address frequent power cuts in Hampi.,English,Electricity,Power Supply,Please address frequent power cuts in Hampi.,Hampi,Vijayanagara,15.334444,76.462222,0.572,2026-08-19T12:35:00+00:00,SYNTHETIC / DEMO DATA,
SYN-REQ-0383,कृपया Hampi में बार-बार बिजली कटौती की समस्या दूर करें।,Hindi,Electricity,Power Supply,Please address frequent power cuts in Hampi.,Hampi,Vijayanagara,15.334444,76.462222,0.572,2026-07-11T20:40:00+00:00,SYNTHETIC / DEMO DATA,
SYN-REQ-0384,ದಯವಿಟ್ಟು Hampi ನಲ್ಲಿ ಪದೇ ಪದೇ ವಿದ್ಯುತ್ ಕಡಿತವನ್ನು ಪರಿಹರಿಸಿ.,Kannada,Electricity,Power Supply,Please address frequent power cuts in Hampi.,Hampi,Vijayanagara,15.334444,76.462222,0.572,2026-08-08T03:54:00+00:00,SYNTHETIC / DEMO DATA,
SYN-REQ-0385,Please address frequent power cuts in Hampi.,English,Electricity,Power Supply,Please address frequent power cuts in Hampi.,Hampi,Vijayanagara,15.334444,76.462222,0.572,2026-08-19T05:35:00+00:00,SYNTHETIC / DEMO DATA,
SYN-REQ-0386,कृपया Hampi में बार-बार बिजली कटौती की समस्या दूर करें।,Hindi,Electricity,Power Supply,Please address frequent power cuts in Hampi.,Hampi,Vijayanagara,15.334444,76.462222,0.572,2026-07-20T03:41:00+00:00,SYNTHETIC / DEMO DATA,
SYN-REQ-0387,ದಯವಿಟ್ಟು Hampi ನಲ್ಲಿ ಪದೇ ಪದೇ ವಿದ್ಯುತ್ ಕಡಿತವನ್ನು ಪರಿಹರಿಸಿ.,Kannada,Electricity,Power Supply,Please address frequent power cuts in Hampi.,Hampi,Vijayanagara,15.334444,76.462222,0.572,2026-08-07T00:52:00+00:00,SYNTHETIC / DEMO DATA,
SYN-REQ-0388,Please address frequent power cuts in Hampi.,English,Electricity,Power Supply,Please address frequent power cuts in Hampi.,Hampi,Vijayanagara,15.334444,76.462222,0.572,2026-08-29T10:38:00+00:00,SYNTHETIC / DEMO DATA,
SYN-REQ-0389,कृपया Hampi में बार-बार बिजली कटौती की समस्या दूर करें।,Hindi,Electricity,Power Supply,Please address frequent power cuts in Hampi.,Hampi,Vijayanagara,15.334444,76.462222,0.572,2026-08-06T23:07:00+00:00,SYNTHETIC / DEMO DATA,
SYN-REQ-0390,ದಯವಿಟ್ಟು Hampi ನಲ್ಲಿ ಪದೇ ಪದೇ ವಿದ್ಯುತ್ ಕಡಿತವನ್ನು ಪರಿಹರಿಸಿ.,Kannada,Electricity,Power Supply,Please address frequent power cuts in Hampi.,Hampi,Vijayanagara,15.334444,76.462222,0.572,2026-08-28T12:48:00+00:00,SYNTHETIC / DEMO DATA,
SYN-REQ-0391,Please address frequent power cuts in Hampi.,English,Electricity,Power Supply,Please address frequent power cuts in Hampi.,Hampi,Vijayanagara,15.334444,76.462222,0.572,2026-07-26T06:46:00+00:00,SYNTHETIC / DEMO DATA,
SYN-REQ-0392,कृपया Hampi में बार-बार बिजली कटौती की समस्या दूर करें।,Hindi,Electricity,Power Supply,Please address frequent power cuts in Hampi.,Hampi,Vijayanagara,15.334444,76.462222,0.572,2026-07-05T20:12:00+00:00,SYNTHETIC / DEMO DATA,
SYN-REQ-0393,ದಯವಿಟ್ಟು Hampi ನಲ್ಲಿ ಪದೇ ಪದೇ ವಿದ್ಯುತ್ ಕಡಿತವನ್ನು ಪರಿಹರಿಸಿ.,Kannada,Electricity,Power Supply,Please address frequent power cuts in Hampi.,Hampi,Vijayanagara,15.334444,76.462222,0.572,2026-08-14T21:24:00+00:00,SYNTHETIC / DEMO DATA,
SYN-REQ-0394,Please address frequent power cuts in Hampi.,English,Electricity,Power Supply,Please address frequent power cuts in Hampi.,Hampi,Vijayanagara,15.334444,76.462222,0.572,2026-07-16T03:28:00+00:00,SYNTHETIC / DEMO DATA,
SYN-REQ-0395,कृपया Hampi में बार-बार बिजली कटौती की समस्या दूर करें।,Hindi,Electricity,Power Supply,Please address frequent power cuts in Hampi.,Hampi,Vijayanagara,15.334444,76.462222,0.572,2026-08-14T10:17:00+00:00,SYNTHETIC / DEMO DATA,
SYN-REQ-0396,ದಯವಿಟ್ಟು Hampi ನಲ್ಲಿ ಪದೇ ಪದೇ ವಿದ್ಯುತ್ ಕಡಿತವನ್ನು ಪರಿಹರಿಸಿ.,Kannada,Electricity,Power Supply,Please address frequent power cuts in Hampi.,Hampi,Vijayanagara,15.334444,76.462222,0.572,2026-08-24T23:21:00+00:00,SYNTHETIC / DEMO DATA,
SYN-REQ-0397,Please address frequent power cuts in Hampi.,English,Electricity,Power Supply,Please address frequent power cuts in Hampi.,Hampi,Vijayanagara,15.334444,76.462222,0.572,2026-08-08T04:07:00+00:00,SYNTHETIC / DEMO DATA,
SYN-REQ-0398,कृपया Hampi में बार-बार बिजली कटौती की समस्या दूर करें।,Hindi,Electricity,Power Supply,Please address frequent power cuts in Hampi.,Hampi,Vijayanagara,15.334444,76.462222,0.572,2026-08-20T19:19:00+00:00,SYNTHETIC / DEMO DATA,
SYN-REQ-0399,ದಯವಿಟ್ಟು Hampi ನಲ್ಲಿ ಪದೇ ಪದೇ ವಿದ್ಯುತ್ ಕಡಿತವನ್ನು ಪರಿಹರಿಸಿ.,Kannada,Electricity,Power Supply,Please address frequent power cuts in Hampi.,Hampi,Vijayanagara,15.334444,76.462222,0.572,2026-08-20T01:24:00+00:00,SYNTHETIC / DEMO DATA,
SYN-REQ-0400,Please address frequent power cuts in Hampi.,English,Electricity,Power Supply,Please address frequent power cuts in Hampi.,Hampi,Vijayanagara,15.334444,76.462222,0.572,2026-07-23T18:11:00+00:00,SYNTHETIC / DEMO DATA,
SYN-REQ-0401,कृपया Hampi में बार-बार बिजली कटौती की समस्या दूर करें।,Hindi,Electricity,Power Supply,Please address frequent power cuts in Hampi.,Hampi,Vijayanagara,15.334444,76.462222,0.572,2026-07-28T22:34:00+00:00,SYNTHETIC / DEMO DATA,
SYN-REQ-0402,ದಯವಿಟ್ಟು Hampi ನಲ್ಲಿ ಪದೇ ಪದೇ ವಿದ್ಯುತ್ ಕಡಿತವನ್ನು ಪರಿಹರಿಸಿ.,Kannada,Electricity,Power Supply,Please address frequent power cuts in Hampi.,Hampi,Vijayanagara,15.334444,76.462222,0.572,2026-07-24T02:21:00+00:00,SYNTHETIC / DEMO DATA,
SYN-REQ-0403,Please address frequent power cuts in Hampi.,English,Electricity,Power Supply,Please address frequent power cuts in Hampi.,Hampi,Vijayanagara,15.334444,76.462222,0.572,2026-08-02T22:06:00+00:00,SYNTHETIC / DEMO DATA,
SYN-REQ-0404,कृपया Hampi में बार-बार बिजली कटौती की समस्या दूर करें।,Hindi,Electricity,Power Supply,Please address frequent power cuts in Hampi.,Hampi,Vijayanagara,15.334444,76.462222,0.572,2026-07-22T00:25:00+00:00,SYNTHETIC / DEMO DATA,
SYN-REQ-0405,Banavasi ನಲ್ಲಿ ನಮಗೆ ಹತ್ತಿರದ ಪ್ರಾಥಮಿಕ ಆರೋಗ್ಯ ಕೇಂದ್ರ ಬೇಕು.,Kannada,Healthcare,Primary Health Centre,We need a nearby primary health centre in Banavasi.,Banavasi,Uttara Kannada,14.5341,75.0177,0.541,2026-08-24T14:20:00+00:00,SYNTHETIC / DEMO DATA,
SYN-REQ-0406,We need a nearby primary health centre in Banavasi.,English,Healthcare,Primary Health Centre,We need a nearby primary health centre in Banavasi.,Banavasi,Uttara Kannada,14.5341,75.0177,0.541,2026-08-22T16:43:00+00:00,SYNTHETIC / DEMO DATA,
SYN-REQ-0407,Banavasi में हमें नजदीक प्राथमिक स्वास्थ्य केंद्र चाहिए।,Hindi,Healthcare,Primary Health Centre,We need a nearby primary health centre in Banavasi.,Banavasi,Uttara Kannada,14.5341,75.0177,0.541,2026-07-07T14:47:00+00:00,SYNTHETIC / DEMO DATA,
SYN-REQ-0408,Banavasi ನಲ್ಲಿ ನಮಗೆ ಹತ್ತಿರದ ಪ್ರಾಥಮಿಕ ಆರೋಗ್ಯ ಕೇಂದ್ರ ಬೇಕು.,Kannada,Healthcare,Primary Health Centre,We need a nearby primary health centre in Banavasi.,Banavasi,Uttara Kannada,14.5341,75.0177,0.541,2026-07-24T21:41:00+00:00,SYNTHETIC / DEMO DATA,
SYN-REQ-0409,We need a nearby primary health centre in Banavasi.,English,Healthcare,Primary Health Centre,We need a nearby primary health centre in Banavasi.,Banavasi,Uttara Kannada,14.5341,75.0177,0.541,2026-08-27T15:41:00+00:00,SYNTHETIC / DEMO DATA,
SYN-REQ-0410,Banavasi में हमें नजदीक प्राथमिक स्वास्थ्य केंद्र चाहिए।,Hindi,Healthcare,Primary Health Centre,We need a nearby primary health centre in Banavasi.,Banavasi,Uttara Kannada,14.5341,75.0177,0.541,2026-08-15T05:13:00+00:00,SYNTHETIC / DEMO DATA,
SYN-REQ-0411,Banavasi ನಲ್ಲಿ ನಮಗೆ ಹತ್ತಿರದ ಪ್ರಾಥಮಿಕ ಆರೋಗ್ಯ ಕೇಂದ್ರ ಬೇಕು.,Kannada,Healthcare,Primary Health Centre,We need a nearby primary health centre in Banavasi.,Banavasi,Uttara Kannada,14.5341,75.0177,0.541,2026-07-28T06:00:00+00:00,SYNTHETIC / DEMO DATA,
SYN-REQ-0412,We need a nearby primary health centre in Banavasi.,English,Healthcare,Primary Health Centre,We need a nearby primary health centre in Banavasi.,Banavasi,Uttara Kannada,14.5341,75.0177,0.541,2026-08-16T17:48:00+00:00,SYNTHETIC / DEMO DATA,
SYN-REQ-0413,Banavasi में हमें नजदीक प्राथमिक स्वास्थ्य केंद्र चाहिए।,Hindi,Healthcare,Primary Health Centre,We need a nearby primary health centre in Banavasi.,Banavasi,Uttara Kannada,14.5341,75.0177,0.541,2026-08-11T09:13:00+00:00,SYNTHETIC / DEMO DATA,
SYN-REQ-0414,Banavasi ನಲ್ಲಿ ನಮಗೆ ಹತ್ತಿರದ ಪ್ರಾಥಮಿಕ ಆರೋಗ್ಯ ಕೇಂದ್ರ ಬೇಕು.,Kannada,Healthcare,Primary Health Centre,We need a nearby primary health centre in Banavasi.,Banavasi,Uttara Kannada,14.5341,75.0177,0.541,2026-08-09T18:22:00+00:00,SYNTHETIC / DEMO DATA,
SYN-REQ-0415,We need a nearby primary health centre in Banavasi.,English,Healthcare,Primary Health Centre,We need a nearby primary health centre in Banavasi.,Banavasi,Uttara Kannada,14.5341,75.0177,0.541,2026-08-19T16:30:00+00:00,SYNTHETIC / DEMO DATA,
SYN-REQ-0416,Banavasi में हमें नजदीक प्राथमिक स्वास्थ्य केंद्र चाहिए।,Hindi,Healthcare,Primary Health Centre,We need a nearby primary health centre in Banavasi.,Banavasi,Uttara Kannada,14.5341,75.0177,0.541,2026-07-30T14:52:00+00:00,SYNTHETIC / DEMO DATA,
SYN-REQ-0417,Banavasi ನಲ್ಲಿ ನಮಗೆ ಹತ್ತಿರದ ಪ್ರಾಥಮಿಕ ಆರೋಗ್ಯ ಕೇಂದ್ರ ಬೇಕು.,Kannada,Healthcare,Primary Health Centre,We need a nearby primary health centre in Banavasi.,Banavasi,Uttara Kannada,14.5341,75.0177,0.541,2026-08-22T20:13:00+00:00,SYNTHETIC / DEMO DATA,
SYN-REQ-0418,We need a nearby primary health centre in Banavasi.,English,Healthcare,Primary Health Centre,We need a nearby primary health centre in Banavasi.,Banavasi,Uttara Kannada,14.5341,75.0177,0.541,2026-07-18T11:00:00+00:00,SYNTHETIC / DEMO DATA,
SYN-REQ-0419,Banavasi में हमें नजदीक प्राथमिक स्वास्थ्य केंद्र चाहिए।,Hindi,Healthcare,Primary Health Centre,We need a nearby primary health centre in Banavasi.,Banavasi,Uttara Kannada,14.5341,75.0177,0.541,2026-08-24T08:22:00+00:00,SYNTHETIC / DEMO DATA,
SYN-REQ-0420,Banavasi ನಲ್ಲಿ ನಮಗೆ ಹತ್ತಿರದ ಪ್ರಾಥಮಿಕ ಆರೋಗ್ಯ ಕೇಂದ್ರ ಬೇಕು.,Kannada,Healthcare,Primary Health Centre,We need a nearby primary health centre in Banavasi.,Banavasi,Uttara Kannada,14.5341,75.0177,0.541,2026-08-23T02:57:00+00:00,SYNTHETIC / DEMO DATA,
SYN-REQ-0421,We need a nearby primary health centre in Banavasi.,English,Healthcare,Primary Health Centre,We need a nearby primary health centre in Banavasi.,Banavasi,Uttara Kannada,14.5341,75.0177,0.541,2026-07-18T15:23:00+00:00,SYNTHETIC / DEMO DATA,
SYN-REQ-0422,Banavasi में हमें नजदीक प्राथमिक स्वास्थ्य केंद्र चाहिए।,Hindi,Healthcare,Primary Health Centre,We need a nearby primary health centre in Banavasi.,Banavasi,Uttara Kannada,14.5341,75.0177,0.541,2026-07-16T15:51:00+00:00,SYNTHETIC / DEMO DATA,
SYN-REQ-0423,Banavasi ನಲ್ಲಿ ನಮಗೆ ಹತ್ತಿರದ ಪ್ರಾಥಮಿಕ ಆರೋಗ್ಯ ಕೇಂದ್ರ ಬೇಕು.,Kannada,Healthcare,Primary Health Centre,We need a nearby primary health centre in Banavasi.,Banavasi,Uttara Kannada,14.5341,75.0177,0.541,2026-08-06T20:49:00+00:00,SYNTHETIC / DEMO DATA,
SYN-REQ-0424,We need a nearby primary health centre in Banavasi.,English,Healthcare,Primary Health Centre,We need a nearby primary health centre in Banavasi.,Banavasi,Uttara Kannada,14.5341,75.0177,0.541,2026-08-12T12:56:00+00:00,SYNTHETIC / DEMO DATA,
SYN-REQ-0425,Banavasi में हमें नजदीक प्राथमिक स्वास्थ्य केंद्र चाहिए।,Hindi,Healthcare,Primary Health Centre,We need a nearby primary health centre in Banavasi.,Banavasi,Uttara Kannada,14.5341,75.0177,0.541,2026-07-22T00:58:00+00:00,SYNTHETIC / DEMO DATA,
SYN-REQ-0426,Banavasi ನಲ್ಲಿ ನಮ್ಮ ಮಕ್ಕಳಿಗೆ ಹೆಚ್ಚಿನ ತರಗತಿ ಕೊಠಡಿಗಳು ಬೇಕು.,Kannada,Education,School,Our children need more classrooms in Banavasi.,Banavasi,Uttara Kannada,14.5341,75.0177,0.497,2026-08-01T11:05:00+00:00,SYNTHETIC / DEMO DATA,
SYN-REQ-0427,Our children need more classrooms in Banavasi.,English,Education,School,Our children need more classrooms in Banavasi.,Banavasi,Uttara Kannada,14.5341,75.0177,0.497,2026-07-12T16:38:00+00:00,SYNTHETIC / DEMO DATA,
SYN-REQ-0428,Banavasi में हमारे बच्चों के लिए अधिक कक्षाओं की जरूरत है।,Hindi,Education,School,Our children need more classrooms in Banavasi.,Banavasi,Uttara Kannada,14.5341,75.0177,0.497,2026-07-14T12:06:00+00:00,SYNTHETIC / DEMO DATA,
SYN-REQ-0429,Banavasi ನಲ್ಲಿ ನಮ್ಮ ಮಕ್ಕಳಿಗೆ ಹೆಚ್ಚಿನ ತರಗತಿ ಕೊಠಡಿಗಳು ಬೇಕು.,Kannada,Education,School,Our children need more classrooms in Banavasi.,Banavasi,Uttara Kannada,14.5341,75.0177,0.497,2026-08-21T08:49:00+00:00,SYNTHETIC / DEMO DATA,
SYN-REQ-0430,Our children need more classrooms in Banavasi.,English,Education,School,Our children need more classrooms in Banavasi.,Banavasi,Uttara Kannada,14.5341,75.0177,0.497,2026-07-22T09:32:00+00:00,SYNTHETIC / DEMO DATA,
SYN-REQ-0431,Banavasi में हमारे बच्चों के लिए अधिक कक्षाओं की जरूरत है।,Hindi,Education,School,Our children need more classrooms in Banavasi.,Banavasi,Uttara Kannada,14.5341,75.0177,0.497,2026-08-26T20:20:00+00:00,SYNTHETIC / DEMO DATA,
SYN-REQ-0432,Banavasi ನಲ್ಲಿ ನಮ್ಮ ಮಕ್ಕಳಿಗೆ ಹೆಚ್ಚಿನ ತರಗತಿ ಕೊಠಡಿಗಳು ಬೇಕು.,Kannada,Education,School,Our children need more classrooms in Banavasi.,Banavasi,Uttara Kannada,14.5341,75.0177,0.497,2026-08-14T09:25:00+00:00,SYNTHETIC / DEMO DATA,
SYN-REQ-0433,Our children need more classrooms in Banavasi.,English,Education,School,Our children need more classrooms in Banavasi.,Banavasi,Uttara Kannada,14.5341,75.0177,0.497,2026-08-05T00:20:00+00:00,SYNTHETIC / DEMO DATA,
SYN-REQ-0434,Banavasi में हमारे बच्चों के लिए अधिक कक्षाओं की जरूरत है।,Hindi,Education,School,Our children need more classrooms in Banavasi.,Banavasi,Uttara Kannada,14.5341,75.0177,0.497,2026-08-03T06:31:00+00:00,SYNTHETIC / DEMO DATA,
SYN-REQ-0435,Banavasi ನಲ್ಲಿ ನಮ್ಮ ಮಕ್ಕಳಿಗೆ ಹೆಚ್ಚಿನ ತರಗತಿ ಕೊಠಡಿಗಳು ಬೇಕು.,Kannada,Education,School,Our children need more classrooms in Banavasi.,Banavasi,Uttara Kannada,14.5341,75.0177,0.497,2026-07-06T08:14:00+00:00,SYNTHETIC / DEMO DATA,
SYN-REQ-0436,Our children need more classrooms in Banavasi.,English,Education,School,Our children need more classrooms in Banavasi.,Banavasi,Uttara Kannada,14.5341,75.0177,0.497,2026-08-16T13:52:00+00:00,SYNTHETIC / DEMO DATA,
SYN-REQ-0437,Banavasi में हमारे बच्चों के लिए अधिक कक्षाओं की जरूरत है।,Hindi,Education,School,Our children need more classrooms in Banavasi.,Banavasi,Uttara Kannada,14.5341,75.0177,0.497,2026-08-01T18:57:00+00:00,SYNTHETIC / DEMO DATA,
SYN-REQ-0438,Banavasi ನಲ್ಲಿ ನಮ್ಮ ಮಕ್ಕಳಿಗೆ ಹೆಚ್ಚಿನ ತರಗತಿ ಕೊಠಡಿಗಳು ಬೇಕು.,Kannada,Education,School,Our children need more classrooms in Banavasi.,Banavasi,Uttara Kannada,14.5341,75.0177,0.497,2026-08-18T08:12:00+00:00,SYNTHETIC / DEMO DATA,
SYN-REQ-0439,Our children need more classrooms in Banavasi.,English,Education,School,Our children need more classrooms in Banavasi.,Banavasi,Uttara Kannada,14.5341,75.0177,0.497,2026-08-14T16:15:00+00:00,SYNTHETIC / DEMO DATA,
SYN-REQ-0440,Banavasi में हमारे बच्चों के लिए अधिक कक्षाओं की जरूरत है।,Hindi,Education,School,Our children need more classrooms in Banavasi.,Banavasi,Uttara Kannada,14.5341,75.0177,0.497,2026-08-11T16:45:00+00:00,SYNTHETIC / DEMO DATA,
SYN-REQ-0441,Banavasi ನಲ್ಲಿ ನಮ್ಮ ಮಕ್ಕಳಿಗೆ ಹೆಚ್ಚಿನ ತರಗತಿ ಕೊಠಡಿಗಳು ಬೇಕು.,Kannada,Education,School,Our children need more classrooms in Banavasi.,Banavasi,Uttara Kannada,14.5341,75.0177,0.497,2026-07-29T00:35:00+00:00,SYNTHETIC / DEMO DATA,
SYN-REQ-0442,Our children need more classrooms in Banavasi.,English,Education,School,Our children need more classrooms in Banavasi.,Banavasi,Uttara Kannada,14.5341,75.0177,0.497,2026-07-06T10:02:00+00:00,SYNTHETIC / DEMO DATA,
SYN-REQ-0443,Banavasi में हमारे बच्चों के लिए अधिक कक्षाओं की जरूरत है।,Hindi,Education,School,Our children need more classrooms in Banavasi.,Banavasi,Uttara Kannada,14.5341,75.0177,0.497,2026-07-15T13:48:00+00:00,SYNTHETIC / DEMO DATA,
SYN-REQ-0444,Banavasi ನಲ್ಲಿ ನಮ್ಮ ಮಕ್ಕಳಿಗೆ ಹೆಚ್ಚಿನ ತರಗತಿ ಕೊಠಡಿಗಳು ಬೇಕು.,Kannada,Education,School,Our children need more classrooms in Banavasi.,Banavasi,Uttara Kannada,14.5341,75.0177,0.497,2026-08-14T08:18:00+00:00,SYNTHETIC / DEMO DATA,
SYN-REQ-0445,Please repair the damaged roads in Banavasi.,English,Roads,Road Repair,Please repair the damaged roads in Banavasi.,Banavasi,Uttara Kannada,14.5341,75.0177,0.508,2026-07-20T22:39:00+00:00,SYNTHETIC / DEMO DATA,
SYN-REQ-0446,कृपया Banavasi में खराब सड़कों की मरम्मत करें।,Hindi,Roads,Road Repair,Please repair the damaged roads in Banavasi.,Banavasi,Uttara Kannada,14.5341,75.0177,0.508,2026-08-07T12:35:00+00:00,SYNTHETIC / DEMO DATA,
SYN-REQ-0447,ದಯವಿಟ್ಟು Banavasi ನಲ್ಲಿ ಹಾಳಾದ ರಸ್ತೆಗಳನ್ನು ಸರಿಪಡಿಸಿ.,Kannada,Roads,Road Repair,Please repair the damaged roads in Banavasi.,Banavasi,Uttara Kannada,14.5341,75.0177,0.508,2026-07-31T18:53:00+00:00,SYNTHETIC / DEMO DATA,
SYN-REQ-0448,Please repair the damaged roads in Banavasi.,English,Roads,Road Repair,Please repair the damaged roads in Banavasi.,Banavasi,Uttara Kannada,14.5341,75.0177,0.508,2026-08-03T11:44:00+00:00,SYNTHETIC / DEMO DATA,
SYN-REQ-0449,कृपया Banavasi में खराब सड़कों की मरम्मत करें।,Hindi,Roads,Road Repair,Please repair the damaged roads in Banavasi.,Banavasi,Uttara Kannada,14.5341,75.0177,0.508,2026-07-28T18:47:00+00:00,SYNTHETIC / DEMO DATA,
SYN-REQ-0450,ದಯವಿಟ್ಟು Banavasi ನಲ್ಲಿ ಹಾಳಾದ ರಸ್ತೆಗಳನ್ನು ಸರಿಪಡಿಸಿ.,Kannada,Roads,Road Repair,Please repair the damaged roads in Banavasi.,Banavasi,Uttara Kannada,14.5341,75.0177,0.508,2026-07-22T12:00:00+00:00,SYNTHETIC / DEMO DATA,
SYN-REQ-0451,Please repair the damaged roads in Banavasi.,English,Roads,Road Repair,Please repair the damaged roads in Banavasi.,Banavasi,Uttara Kannada,14.5341,75.0177,0.508,2026-08-14T15:29:00+00:00,SYNTHETIC / DEMO DATA,
SYN-REQ-0452,कृपया Banavasi में खराब सड़कों की मरम्मत करें।,Hindi,Roads,Road Repair,Please repair the damaged roads in Banavasi.,Banavasi,Uttara Kannada,14.5341,75.0177,0.508,2026-07-18T10:27:00+00:00,SYNTHETIC / DEMO DATA,
SYN-REQ-0453,ದಯವಿಟ್ಟು Banavasi ನಲ್ಲಿ ಹಾಳಾದ ರಸ್ತೆಗಳನ್ನು ಸರಿಪಡಿಸಿ.,Kannada,Roads,Road Repair,Please repair the damaged roads in Banavasi.,Banavasi,Uttara Kannada,14.5341,75.0177,0.508,2026-07-17T07:52:00+00:00,SYNTHETIC / DEMO DATA,
SYN-REQ-0454,Please repair the damaged roads in Banavasi.,English,Roads,Road Repair,Please repair the damaged roads in Banavasi.,Banavasi,Uttara Kannada,14.5341,75.0177,0.508,2026-07-08T06:34:00+00:00,SYNTHETIC / DEMO DATA,
SYN-REQ-0455,कृपया Banavasi में खराब सड़कों की मरम्मत करें।,Hindi,Roads,Road Repair,Please repair the damaged roads in Banavasi.,Banavasi,Uttara Kannada,14.5341,75.0177,0.508,2026-07-21T04:04:00+00:00,SYNTHETIC / DEMO DATA,
SYN-REQ-0456,ದಯವಿಟ್ಟು Banavasi ನಲ್ಲಿ ಹಾಳಾದ ರಸ್ತೆಗಳನ್ನು ಸರಿಪಡಿಸಿ.,Kannada,Roads,Road Repair,Please repair the damaged roads in Banavasi.,Banavasi,Uttara Kannada,14.5341,75.0177,0.508,2026-08-17T18:17:00+00:00,SYNTHETIC / DEMO DATA,
SYN-REQ-0457,Please repair the damaged roads in Banavasi.,English,Roads,Road Repair,Please repair the damaged roads in Banavasi.,Banavasi,Uttara Kannada,14.5341,75.0177,0.508,2026-08-18T23:33:00+00:00,SYNTHETIC / DEMO DATA,
SYN-REQ-0458,कृपया Banavasi में खराब सड़कों की मरम्मत करें।,Hindi,Roads,Road Repair,Please repair the damaged roads in Banavasi.,Banavasi,Uttara Kannada,14.5341,75.0177,0.508,2026-07-12T06:32:00+00:00,SYNTHETIC / DEMO DATA,
SYN-REQ-0459,ದಯವಿಟ್ಟು Banavasi ನಲ್ಲಿ ಹಾಳಾದ ರಸ್ತೆಗಳನ್ನು ಸರಿಪಡಿಸಿ.,Kannada,Roads,Road Repair,Please repair the damaged roads in Banavasi.,Banavasi,Uttara Kannada,14.5341,75.0177,0.508,2026-07-14T16:31:00+00:00,SYNTHETIC / DEMO DATA,
SYN-REQ-0460,Please repair the damaged roads in Banavasi.,English,Roads,Road Repair,Please repair the damaged roads in Banavasi.,Banavasi,Uttara Kannada,14.5341,75.0177,0.508,2026-07-18T20:07:00+00:00,SYNTHETIC / DEMO DATA,
SYN-REQ-0461,कृपया Banavasi में खराब सड़कों की मरम्मत करें।,Hindi,Roads,Road Repair,Please repair the damaged roads in Banavasi.,Banavasi,Uttara Kannada,14.5341,75.0177,0.508,2026-08-18T17:54:00+00:00,SYNTHETIC / DEMO DATA,
SYN-REQ-0462,ದಯವಿಟ್ಟು Banavasi ನಲ್ಲಿ ಹಾಳಾದ ರಸ್ತೆಗಳನ್ನು ಸರಿಪಡಿಸಿ.,Kannada,Roads,Road Repair,Please repair the damaged roads in Banavasi.,Banavasi,Uttara Kannada,14.5341,75.0177,0.508,2026-08-08T09:39:00+00:00,SYNTHETIC / DEMO DATA,
SYN-REQ-0463,Please repair the damaged roads in Banavasi.,English,Roads,Road Repair,Please repair the damaged roads in Banavasi.,Banavasi,Uttara Kannada,14.5341,75.0177,0.508,2026-07-07T06:37:00+00:00,SYNTHETIC / DEMO DATA,
SYN-REQ-0464,Banavasi में हमें नियमित पेयजल आपूर्ति चाहिए।,Hindi,Water,Water Supply,We need a reliable drinking water supply in Banavasi.,Banavasi,Uttara Kannada,14.5341,75.0177,0.5,2026-07-19T07:45:00+00:00,SYNTHETIC / DEMO DATA,
SYN-REQ-0465,Banavasi ನಲ್ಲಿ ನಮಗೆ ನಿಯಮಿತ ಕುಡಿಯುವ ನೀರಿನ ಪೂರೈಕೆ ಬೇಕು.,Kannada,Water,Water Supply,We need a reliable drinking water supply in Banavasi.,Banavasi,Uttara Kannada,14.5341,75.0177,0.5,2026-07-24T06:07:00+00:00,SYNTHETIC / DEMO DATA,
SYN-REQ-0466,We need a reliable drinking water supply in Banavasi.,English,Water,Water Supply,We need a reliable drinking water supply in Banavasi.,Banavasi,Uttara Kannada,14.5341,75.0177,0.5,2026-07-20T00:28:00+00:00,SYNTHETIC / DEMO DATA,
SYN-REQ-0467,Banavasi में हमें नियमित पेयजल आपूर्ति चाहिए।,Hindi,Water,Water Supply,We need a reliable drinking water supply in Banavasi.,Banavasi,Uttara Kannada,14.5341,75.0177,0.5,2026-08-15T18:13:00+00:00,SYNTHETIC / DEMO DATA,
SYN-REQ-0468,Banavasi ನಲ್ಲಿ ನಮಗೆ ನಿಯಮಿತ ಕುಡಿಯುವ ನೀರಿನ ಪೂರೈಕೆ ಬೇಕು.,Kannada,Water,Water Supply,We need a reliable drinking water supply in Banavasi.,Banavasi,Uttara Kannada,14.5341,75.0177,0.5,2026-07-09T09:21:00+00:00,SYNTHETIC / DEMO DATA,
SYN-REQ-0469,We need a reliable drinking water supply in Banavasi.,English,Water,Water Supply,We need a reliable drinking water supply in Banavasi.,Banavasi,Uttara Kannada,14.5341,75.0177,0.5,2026-07-03T01:51:00+00:00,SYNTHETIC / DEMO DATA,
SYN-REQ-0470,Banavasi में हमें नियमित पेयजल आपूर्ति चाहिए।,Hindi,Water,Water Supply,We need a reliable drinking water supply in Banavasi.,Banavasi,Uttara Kannada,14.5341,75.0177,0.5,2026-08-05T09:58:00+00:00,SYNTHETIC / DEMO DATA,
SYN-REQ-0471,Banavasi ನಲ್ಲಿ ನಮಗೆ ನಿಯಮಿತ ಕುಡಿಯುವ ನೀರಿನ ಪೂರೈಕೆ ಬೇಕು.,Kannada,Water,Water Supply,We need a reliable drinking water supply in Banavasi.,Banavasi,Uttara Kannada,14.5341,75.0177,0.5,2026-08-14T04:18:00+00:00,SYNTHETIC / DEMO DATA,
SYN-REQ-0472,We need a reliable drinking water supply in Banavasi.,English,Water,Water Supply,We need a reliable drinking water supply in Banavasi.,Banavasi,Uttara Kannada,14.5341,75.0177,0.5,2026-08-10T16:45:00+00:00,SYNTHETIC / DEMO DATA,
SYN-REQ-0473,Banavasi में हमें नियमित पेयजल आपूर्ति चाहिए।,Hindi,Water,Water Supply,We need a reliable drinking water supply in Banavasi.,Banavasi,Uttara Kannada,14.5341,75.0177,0.5,2026-07-07T00:25:00+00:00,SYNTHETIC / DEMO DATA,
SYN-REQ-0474,Banavasi ನಲ್ಲಿ ನಮಗೆ ನಿಯಮಿತ ಕುಡಿಯುವ ನೀರಿನ ಪೂರೈಕೆ ಬೇಕು.,Kannada,Water,Water Supply,We need a reliable drinking water supply in Banavasi.,Banavasi,Uttara Kannada,14.5341,75.0177,0.5,2026-08-06T09:42:00+00:00,SYNTHETIC / DEMO DATA,
SYN-REQ-0475,We need a reliable drinking water supply in Banavasi.,English,Water,Water Supply,We need a reliable drinking water supply in Banavasi.,Banavasi,Uttara Kannada,14.5341,75.0177,0.5,2026-07-31T16:20:00+00:00,SYNTHETIC / DEMO DATA,
SYN-REQ-0476,Banavasi में हमें नियमित पेयजल आपूर्ति चाहिए।,Hindi,Water,Water Supply,We need a reliable drinking water supply in Banavasi.,Banavasi,Uttara Kannada,14.5341,75.0177,0.5,2026-07-29T11:37:00+00:00,SYNTHETIC / DEMO DATA,
SYN-REQ-0477,Banavasi ನಲ್ಲಿ ನಮಗೆ ನಿಯಮಿತ ಕುಡಿಯುವ ನೀರಿನ ಪೂರೈಕೆ ಬೇಕು.,Kannada,Water,Water Supply,We need a reliable drinking water supply in Banavasi.,Banavasi,Uttara Kannada,14.5341,75.0177,0.5,2026-07-12T01:45:00+00:00,SYNTHETIC / DEMO DATA,
SYN-REQ-0478,We need a reliable drinking water supply in Banavasi.,English,Water,Water Supply,We need a reliable drinking water supply in Banavasi.,Banavasi,Uttara Kannada,14.5341,75.0177,0.5,2026-07-17T16:18:00+00:00,SYNTHETIC / DEMO DATA,
SYN-REQ-0479,Banavasi में हमें नियमित पेयजल आपूर्ति चाहिए।,Hindi,Water,Water Supply,We need a reliable drinking water supply in Banavasi.,Banavasi,Uttara Kannada,14.5341,75.0177,0.5,2026-07-08T02:13:00+00:00,SYNTHETIC / DEMO DATA,
SYN-REQ-0480,Banavasi ನಲ್ಲಿ ನಮಗೆ ನಿಯಮಿತ ಕುಡಿಯುವ ನೀರಿನ ಪೂರೈಕೆ ಬೇಕು.,Kannada,Water,Water Supply,We need a reliable drinking water supply in Banavasi.,Banavasi,Uttara Kannada,14.5341,75.0177,0.5,2026-07-26T16:47:00+00:00,SYNTHETIC / DEMO DATA,
SYN-REQ-0481,We need a reliable drinking water supply in Banavasi.,English,Water,Water Supply,We need a reliable drinking water supply in Banavasi.,Banavasi,Uttara Kannada,14.5341,75.0177,0.5,2026-07-05T19:41:00+00:00,SYNTHETIC / DEMO DATA,
SYN-REQ-0482,Banavasi में हमें नियमित पेयजल आपूर्ति चाहिए।,Hindi,Water,Water Supply,We need a reliable drinking water supply in Banavasi.,Banavasi,Uttara Kannada,14.5341,75.0177,0.5,2026-08-10T23:25:00+00:00,SYNTHETIC / DEMO DATA,
SYN-REQ-0483,ದಯವಿಟ್ಟು Banavasi ನಲ್ಲಿ ಪದೇ ಪದೇ ವಿದ್ಯುತ್ ಕಡಿತವನ್ನು ಪರಿಹರಿಸಿ.,Kannada,Electricity,Power Supply,Please address frequent power cuts in Banavasi.,Banavasi,Uttara Kannada,14.5341,75.0177,0.484,2026-07-04T05:10:00+00:00,SYNTHETIC / DEMO DATA,
SYN-REQ-0484,Please address frequent power cuts in Banavasi.,English,Electricity,Power Supply,Please address frequent power cuts in Banavasi.,Banavasi,Uttara Kannada,14.5341,75.0177,0.484,2026-07-10T19:12:00+00:00,SYNTHETIC / DEMO DATA,
SYN-REQ-0485,कृपया Banavasi में बार-बार बिजली कटौती की समस्या दूर करें।,Hindi,Electricity,Power Supply,Please address frequent power cuts in Banavasi.,Banavasi,Uttara Kannada,14.5341,75.0177,0.484,2026-07-20T02:54:00+00:00,SYNTHETIC / DEMO DATA,
SYN-REQ-0486,ದಯವಿಟ್ಟು Banavasi ನಲ್ಲಿ ಪದೇ ಪದೇ ವಿದ್ಯುತ್ ಕಡಿತವನ್ನು ಪರಿಹರಿಸಿ.,Kannada,Electricity,Power Supply,Please address frequent power cuts in Banavasi.,Banavasi,Uttara Kannada,14.5341,75.0177,0.484,2026-07-16T04:02:00+00:00,SYNTHETIC / DEMO DATA,
SYN-REQ-0487,Please address frequent power cuts in Banavasi.,English,Electricity,Power Supply,Please address frequent power cuts in Banavasi.,Banavasi,Uttara Kannada,14.5341,75.0177,0.484,2026-08-05T14:12:00+00:00,SYNTHETIC / DEMO DATA,
SYN-REQ-0488,कृपया Banavasi में बार-बार बिजली कटौती की समस्या दूर करें।,Hindi,Electricity,Power Supply,Please address frequent power cuts in Banavasi.,Banavasi,Uttara Kannada,14.5341,75.0177,0.484,2026-08-08T20:20:00+00:00,SYNTHETIC / DEMO DATA,
SYN-REQ-0489,ದಯವಿಟ್ಟು Banavasi ನಲ್ಲಿ ಪದೇ ಪದೇ ವಿದ್ಯುತ್ ಕಡಿತವನ್ನು ಪರಿಹರಿಸಿ.,Kannada,Electricity,Power Supply,Please address frequent power cuts in Banavasi.,Banavasi,Uttara Kannada,14.5341,75.0177,0.484,2026-08-20T21:06:00+00:00,SYNTHETIC / DEMO DATA,
SYN-REQ-0490,Please address frequent power cuts in Banavasi.,English,Electricity,Power Supply,Please address frequent power cuts in Banavasi.,Banavasi,Uttara Kannada,14.5341,75.0177,0.484,2026-07-15T17:50:00+00:00,SYNTHETIC / DEMO DATA,
SYN-REQ-0491,कृपया Banavasi में बार-बार बिजली कटौती की समस्या दूर करें।,Hindi,Electricity,Power Supply,Please address frequent power cuts in Banavasi.,Banavasi,Uttara Kannada,14.5341,75.0177,0.484,2026-07-25T15:22:00+00:00,SYNTHETIC / DEMO DATA,
SYN-REQ-0492,ದಯವಿಟ್ಟು Banavasi ನಲ್ಲಿ ಪದೇ ಪದೇ ವಿದ್ಯುತ್ ಕಡಿತವನ್ನು ಪರಿಹರಿಸಿ.,Kannada,Electricity,Power Supply,Please address frequent power cuts in Banavasi.,Banavasi,Uttara Kannada,14.5341,75.0177,0.484,2026-08-28T15:06:00+00:00,SYNTHETIC / DEMO DATA,
SYN-REQ-0493,Please address frequent power cuts in Banavasi.,English,Electricity,Power Supply,Please address frequent power cuts in Banavasi.,Banavasi,Uttara Kannada,14.5341,75.0177,0.484,2026-07-20T20:05:00+00:00,SYNTHETIC / DEMO DATA,
SYN-REQ-0494,कृपया Banavasi में बार-बार बिजली कटौती की समस्या दूर करें।,Hindi,Electricity,Power Supply,Please address frequent power cuts in Banavasi.,Banavasi,Uttara Kannada,14.5341,75.0177,0.484,2026-07-28T10:25:00+00:00,SYNTHETIC / DEMO DATA,
SYN-REQ-0495,ದಯವಿಟ್ಟು Banavasi ನಲ್ಲಿ ಪದೇ ಪದೇ ವಿದ್ಯುತ್ ಕಡಿತವನ್ನು ಪರಿಹರಿಸಿ.,Kannada,Electricity,Power Supply,Please address frequent power cuts in Banavasi.,Banavasi,Uttara Kannada,14.5341,75.0177,0.484,2026-08-06T21:11:00+00:00,SYNTHETIC / DEMO DATA,
SYN-REQ-0496,Please address frequent power cuts in Banavasi.,English,Electricity,Power Supply,Please address frequent power cuts in Banavasi.,Banavasi,Uttara Kannada,14.5341,75.0177,0.484,2026-07-04T20:48:00+00:00,SYNTHETIC / DEMO DATA,
SYN-REQ-0497,कृपया Banavasi में बार-बार बिजली कटौती की समस्या दूर करें।,Hindi,Electricity,Power Supply,Please address frequent power cuts in Banavasi.,Banavasi,Uttara Kannada,14.5341,75.0177,0.484,2026-08-17T03:23:00+00:00,SYNTHETIC / DEMO DATA,
SYN-REQ-0498,ದಯವಿಟ್ಟು Banavasi ನಲ್ಲಿ ಪದೇ ಪದೇ ವಿದ್ಯುತ್ ಕಡಿತವನ್ನು ಪರಿಹರಿಸಿ.,Kannada,Electricity,Power Supply,Please address frequent power cuts in Banavasi.,Banavasi,Uttara Kannada,14.5341,75.0177,0.484,2026-08-18T07:05:00+00:00,SYNTHETIC / DEMO DATA,
SYN-REQ-0499,Please address frequent power cuts in Banavasi.,English,Electricity,Power Supply,Please address frequent power cuts in Banavasi.,Banavasi,Uttara Kannada,14.5341,75.0177,0.484,2026-08-10T07:12:00+00:00,SYNTHETIC / DEMO DATA,
SYN-REQ-0500,कृपया Banavasi में बार-बार बिजली कटौती की समस्या दूर करें।,Hindi,Electricity,Power Supply,Please address frequent power cuts in Banavasi.,Banavasi,Uttara Kannada,14.5341,75.0177,0.484,2026-07-17T22:32:00+00:00,SYNTHETIC / DEMO DATA,
SYN-DEMO-V1-01-001,We need a nearby primary health centre in Melukote.,English,Healthcare,Primary Health Centre,We need a nearby primary health centre in Melukote.,Melukote,Mandya,12.659444,76.648333,0.419,2026-08-16T12:00:00+00:00,SYNTHETIC / DEMO DATA,
SYN-DEMO-V1-01-002,Melukote में हमें नजदीक प्राथमिक स्वास्थ्य केंद्र चाहिए।,Hindi,Healthcare,Primary Health Centre,We need a nearby primary health centre in Melukote.,Melukote,Mandya,12.659444,76.648333,0.419,2026-09-18T11:59:00+00:00,SYNTHETIC / DEMO DATA,
SYN-DEMO-V1-01-003,Melukote ನಲ್ಲಿ ನಮಗೆ ಹತ್ತಿರದ ಪ್ರಾಥಮಿಕ ಆರೋಗ್ಯ ಕೇಂದ್ರ ಬೇಕು.,Kannada,Healthcare,Primary Health Centre,We need a nearby primary health centre in Melukote.,Melukote,Mandya,12.659444,76.648333,0.419,2026-09-17T11:58:00+00:00,SYNTHETIC / DEMO DATA,
SYN-DEMO-V1-01-004,We need a nearby primary health centre in Melukote.,English,Healthcare,Primary Health Centre,We need a nearby primary health centre in Melukote.,Melukote,Mandya,12.659444,76.648333,0.419,2026-09-16T11:57:00+00:00,SYNTHETIC / DEMO DATA,
SYN-DEMO-V1-01-005,Melukote में हमें नजदीक प्राथमिक स्वास्थ्य केंद्र चाहिए।,Hindi,Healthcare,Primary Health Centre,We need a nearby primary health centre in Melukote.,Melukote,Mandya,12.659444,76.648333,0.419,2026-08-12T11:56:00+00:00,SYNTHETIC / DEMO DATA,
SYN-DEMO-V1-01-006,Melukote ನಲ್ಲಿ ನಮಗೆ ಹತ್ತಿರದ ಪ್ರಾಥಮಿಕ ಆರೋಗ್ಯ ಕೇಂದ್ರ ಬೇಕು.,Kannada,Healthcare,Primary Health Centre,We need a nearby primary health centre in Melukote.,Melukote,Mandya,12.659444,76.648333,0.419,2026-09-14T11:55:00+00:00,SYNTHETIC / DEMO DATA,
SYN-DEMO-V1-01-007,We need a nearby primary health centre in Melukote.,English,Healthcare,Primary Health Centre,We need a nearby primary health centre in Melukote.,Melukote,Mandya,12.659444,76.648333,0.419,2026-09-13T11:54:00+00:00,SYNTHETIC / DEMO DATA,
SYN-DEMO-V1-01-008,Melukote में हमें नजदीक प्राथमिक स्वास्थ्य केंद्र चाहिए।,Hindi,Healthcare,Primary Health Centre,We need a nearby primary health centre in Melukote.,Melukote,Mandya,12.659444,76.648333,0.419,2026-09-12T11:53:00+00:00,SYNTHETIC / DEMO DATA,
SYN-DEMO-V1-01-009,Melukote ನಲ್ಲಿ ನಮಗೆ ಹತ್ತಿರದ ಪ್ರಾಥಮಿಕ ಆರೋಗ್ಯ ಕೇಂದ್ರ ಬೇಕು.,Kannada,Healthcare,Primary Health Centre,We need a nearby primary health centre in Melukote.,Melukote,Mandya,12.659444,76.648333,0.419,2026-08-08T11:52:00+00:00,SYNTHETIC / DEMO DATA,
SYN-DEMO-V1-01-010,We need a nearby primary health centre in Melukote.,English,Healthcare,Primary Health Centre,We need a nearby primary health centre in Melukote.,Melukote,Mandya,12.659444,76.648333,0.419,2026-09-10T11:51:00+00:00,SYNTHETIC / DEMO DATA,
SYN-DEMO-V1-01-011,Melukote में हमें नजदीक प्राथमिक स्वास्थ्य केंद्र चाहिए।,Hindi,Healthcare,Primary Health Centre,We need a nearby primary health centre in Melukote.,Melukote,Mandya,12.659444,76.648333,0.419,2026-09-09T11:50:00+00:00,SYNTHETIC / DEMO DATA,
SYN-DEMO-V1-01-012,Melukote ನಲ್ಲಿ ನಮಗೆ ಹತ್ತಿರದ ಪ್ರಾಥಮಿಕ ಆರೋಗ್ಯ ಕೇಂದ್ರ ಬೇಕು.,Kannada,Healthcare,Primary Health Centre,We need a nearby primary health centre in Melukote.,Melukote,Mandya,12.659444,76.648333,0.419,2026-09-08T11:49:00+00:00,SYNTHETIC / DEMO DATA,
SYN-DEMO-V1-01-013,We need a nearby primary health centre in Melukote.,English,Healthcare,Primary Health Centre,We need a nearby primary health centre in Melukote.,Melukote,Mandya,12.659444,76.648333,0.419,2026-08-04T11:48:00+00:00,SYNTHETIC / DEMO DATA,
SYN-DEMO-V1-01-014,Melukote में हमें नजदीक प्राथमिक स्वास्थ्य केंद्र चाहिए।,Hindi,Healthcare,Primary Health Centre,We need a nearby primary health centre in Melukote.,Melukote,Mandya,12.659444,76.648333,0.419,2026-09-06T11:47:00+00:00,SYNTHETIC / DEMO DATA,
SYN-DEMO-V1-01-015,Melukote ನಲ್ಲಿ ನಮಗೆ ಹತ್ತಿರದ ಪ್ರಾಥಮಿಕ ಆರೋಗ್ಯ ಕೇಂದ್ರ ಬೇಕು.,Kannada,Healthcare,Primary Health Centre,We need a nearby primary health centre in Melukote.,Melukote,Mandya,12.659444,76.648333,0.419,2026-09-05T11:46:00+00:00,SYNTHETIC / DEMO DATA,
SYN-DEMO-V1-01-016,We need a nearby primary health centre in Melukote.,English,Healthcare,Primary Health Centre,We need a nearby primary health centre in Melukote.,Melukote,Mandya,12.659444,76.648333,0.419,2026-09-04T11:45:00+00:00,SYNTHETIC / DEMO DATA,
SYN-DEMO-V1-01-017,Melukote में हमें नजदीक प्राथमिक स्वास्थ्य केंद्र चाहिए।,Hindi,Healthcare,Primary Health Centre,We need a nearby primary health centre in Melukote.,Melukote,Mandya,12.659444,76.648333,0.419,2026-07-31T11:44:00+00:00,SYNTHETIC / DEMO DATA,
SYN-DEMO-V1-01-018,Melukote ನಲ್ಲಿ ನಮಗೆ ಹತ್ತಿರದ ಪ್ರಾಥಮಿಕ ಆರೋಗ್ಯ ಕೇಂದ್ರ ಬೇಕು.,Kannada,Healthcare,Primary Health Centre,We need a nearby primary health centre in Melukote.,Melukote,Mandya,12.659444,76.648333,0.419,2026-09-02T11:43:00+00:00,SYNTHETIC / DEMO DATA,
SYN-DEMO-V1-01-019,We need a nearby primary health centre in Melukote.,English,Healthcare,Primary Health Centre,We need a nearby primary health centre in Melukote.,Melukote,Mandya,12.659444,76.648333,0.419,2026-09-01T11:42:00+00:00,SYNTHETIC / DEMO DATA,
SYN-DEMO-V1-01-020,Melukote में हमें नजदीक प्राथमिक स्वास्थ्य केंद्र चाहिए।,Hindi,Healthcare,Primary Health Centre,We need a nearby primary health centre in Melukote.,Melukote,Mandya,12.659444,76.648333,0.419,2026-08-31T11:41:00+00:00,SYNTHETIC / DEMO DATA,
SYN-DEMO-V1-01-021,Melukote ನಲ್ಲಿ ನಮಗೆ ಹತ್ತಿರದ ಪ್ರಾಥಮಿಕ ಆರೋಗ್ಯ ಕೇಂದ್ರ ಬೇಕು.,Kannada,Healthcare,Primary Health Centre,We need a nearby primary health centre in Melukote.,Melukote,Mandya,12.659444,76.648333,0.419,2026-08-16T11:40:00+00:00,SYNTHETIC / DEMO DATA,
SYN-DEMO-V1-01-022,We need a nearby primary health centre in Melukote.,English,Healthcare,Primary Health Centre,We need a nearby primary health centre in Melukote.,Melukote,Mandya,12.659444,76.648333,0.419,2026-08-29T11:39:00+00:00,SYNTHETIC / DEMO DATA,
SYN-DEMO-V1-01-023,Melukote में हमें नजदीक प्राथमिक स्वास्थ्य केंद्र चाहिए।,Hindi,Healthcare,Primary Health Centre,We need a nearby primary health centre in Melukote.,Melukote,Mandya,12.659444,76.648333,0.419,2026-08-28T11:38:00+00:00,SYNTHETIC / DEMO DATA,
SYN-DEMO-V1-01-024,Melukote ನಲ್ಲಿ ನಮಗೆ ಹತ್ತಿರದ ಪ್ರಾಥಮಿಕ ಆರೋಗ್ಯ ಕೇಂದ್ರ ಬೇಕು.,Kannada,Healthcare,Primary Health Centre,We need a nearby primary health centre in Melukote.,Melukote,Mandya,12.659444,76.648333,0.419,2026-08-27T11:37:00+00:00,SYNTHETIC / DEMO DATA,
SYN-DEMO-V1-01-025,We need a nearby primary health centre in Melukote.,English,Healthcare,Primary Health Centre,We need a nearby primary health centre in Melukote.,Melukote,Mandya,12.659444,76.648333,0.419,2026-08-12T11:36:00+00:00,SYNTHETIC / DEMO DATA,
SYN-DEMO-V1-01-026,Melukote में हमें नजदीक प्राथमिक स्वास्थ्य केंद्र चाहिए।,Hindi,Healthcare,Primary Health Centre,We need a nearby primary health centre in Melukote.,Melukote,Mandya,12.659444,76.648333,0.419,2026-09-19T11:35:00+00:00,SYNTHETIC / DEMO DATA,
SYN-DEMO-V1-01-027,Melukote ನಲ್ಲಿ ನಮಗೆ ಹತ್ತಿರದ ಪ್ರಾಥಮಿಕ ಆರೋಗ್ಯ ಕೇಂದ್ರ ಬೇಕು.,Kannada,Healthcare,Primary Health Centre,We need a nearby primary health centre in Melukote.,Melukote,Mandya,12.659444,76.648333,0.419,2026-09-18T11:34:00+00:00,SYNTHETIC / DEMO DATA,
SYN-DEMO-V1-01-028,We need a nearby primary health centre in Melukote.,English,Healthcare,Primary Health Centre,We need a nearby primary health centre in Melukote.,Melukote,Mandya,12.659444,76.648333,0.419,2026-09-17T11:33:00+00:00,SYNTHETIC / DEMO DATA,
SYN-DEMO-V1-01-029,Melukote में हमें नजदीक प्राथमिक स्वास्थ्य केंद्र चाहिए।,Hindi,Healthcare,Primary Health Centre,We need a nearby primary health centre in Melukote.,Melukote,Mandya,12.659444,76.648333,0.419,2026-08-08T11:32:00+00:00,SYNTHETIC / DEMO DATA,
SYN-DEMO-V1-01-030,Melukote ನಲ್ಲಿ ನಮಗೆ ಹತ್ತಿರದ ಪ್ರಾಥಮಿಕ ಆರೋಗ್ಯ ಕೇಂದ್ರ ಬೇಕು.,Kannada,Healthcare,Primary Health Centre,We need a nearby primary health centre in Melukote.,Melukote,Mandya,12.659444,76.648333,0.419,2026-09-15T11:31:00+00:00,SYNTHETIC / DEMO DATA,
SYN-DEMO-V1-01-031,We need a nearby primary health centre in Melukote.,English,Healthcare,Primary Health Centre,We need a nearby primary health centre in Melukote.,Melukote,Mandya,12.659444,76.648333,0.419,2026-09-14T11:30:00+00:00,SYNTHETIC / DEMO DATA,
SYN-DEMO-V1-01-032,Melukote में हमें नजदीक प्राथमिक स्वास्थ्य केंद्र चाहिए।,Hindi,Healthcare,Primary Health Centre,We need a nearby primary health centre in Melukote.,Melukote,Mandya,12.659444,76.648333,0.419,2026-09-13T11:29:00+00:00,SYNTHETIC / DEMO DATA,
SYN-DEMO-V1-01-033,Melukote ನಲ್ಲಿ ನಮಗೆ ಹತ್ತಿರದ ಪ್ರಾಥಮಿಕ ಆರೋಗ್ಯ ಕೇಂದ್ರ ಬೇಕು.,Kannada,Healthcare,Primary Health Centre,We need a nearby primary health centre in Melukote.,Melukote,Mandya,12.659444,76.648333,0.419,2026-08-04T11:28:00+00:00,SYNTHETIC / DEMO DATA,
SYN-DEMO-V1-01-034,We need a nearby primary health centre in Melukote.,English,Healthcare,Primary Health Centre,We need a nearby primary health centre in Melukote.,Melukote,Mandya,12.659444,76.648333,0.419,2026-09-11T11:27:00+00:00,SYNTHETIC / DEMO DATA,
SYN-DEMO-V1-01-035,Melukote में हमें नजदीक प्राथमिक स्वास्थ्य केंद्र चाहिए।,Hindi,Healthcare,Primary Health Centre,We need a nearby primary health centre in Melukote.,Melukote,Mandya,12.659444,76.648333,0.419,2026-09-10T11:26:00+00:00,SYNTHETIC / DEMO DATA,
SYN-DEMO-V1-01-036,Melukote ನಲ್ಲಿ ನಮಗೆ ಹತ್ತಿರದ ಪ್ರಾಥಮಿಕ ಆರೋಗ್ಯ ಕೇಂದ್ರ ಬೇಕು.,Kannada,Healthcare,Primary Health Centre,We need a nearby primary health centre in Melukote.,Melukote,Mandya,12.659444,76.648333,0.419,2026-09-09T11:25:00+00:00,SYNTHETIC / DEMO DATA,
SYN-DEMO-V1-01-037,We need a nearby primary health centre in Melukote.,English,Healthcare,Primary Health Centre,We need a nearby primary health centre in Melukote.,Melukote,Mandya,12.659444,76.648333,0.419,2026-07-31T11:24:00+00:00,SYNTHETIC / DEMO DATA,
SYN-DEMO-V1-01-038,Melukote में हमें नजदीक प्राथमिक स्वास्थ्य केंद्र चाहिए।,Hindi,Healthcare,Primary Health Centre,We need a nearby primary health centre in Melukote.,Melukote,Mandya,12.659444,76.648333,0.419,2026-09-07T11:23:00+00:00,SYNTHETIC / DEMO DATA,
SYN-DEMO-V1-01-039,Melukote ನಲ್ಲಿ ನಮಗೆ ಹತ್ತಿರದ ಪ್ರಾಥಮಿಕ ಆರೋಗ್ಯ ಕೇಂದ್ರ ಬೇಕು.,Kannada,Healthcare,Primary Health Centre,We need a nearby primary health centre in Melukote.,Melukote,Mandya,12.659444,76.648333,0.419,2026-09-06T11:22:00+00:00,SYNTHETIC / DEMO DATA,
SYN-DEMO-V1-01-040,We need a nearby primary health centre in Melukote.,English,Healthcare,Primary Health Centre,We need a nearby primary health centre in Melukote.,Melukote,Mandya,12.659444,76.648333,0.419,2026-09-05T11:21:00+00:00,SYNTHETIC / DEMO DATA,
SYN-DEMO-V1-01-041,Melukote में हमें नजदीक प्राथमिक स्वास्थ्य केंद्र चाहिए।,Hindi,Healthcare,Primary Health Centre,We need a nearby primary health centre in Melukote.,Melukote,Mandya,12.659444,76.648333,0.419,2026-08-16T11:20:00+00:00,SYNTHETIC / DEMO DATA,
SYN-DEMO-V1-01-042,Melukote ನಲ್ಲಿ ನಮಗೆ ಹತ್ತಿರದ ಪ್ರಾಥಮಿಕ ಆರೋಗ್ಯ ಕೇಂದ್ರ ಬೇಕು.,Kannada,Healthcare,Primary Health Centre,We need a nearby primary health centre in Melukote.,Melukote,Mandya,12.659444,76.648333,0.419,2026-09-03T11:19:00+00:00,SYNTHETIC / DEMO DATA,
SYN-DEMO-V1-01-043,We need a nearby primary health centre in Melukote.,English,Healthcare,Primary Health Centre,We need a nearby primary health centre in Melukote.,Melukote,Mandya,12.659444,76.648333,0.419,2026-09-02T11:18:00+00:00,SYNTHETIC / DEMO DATA,
SYN-DEMO-V1-01-044,Melukote में हमें नजदीक प्राथमिक स्वास्थ्य केंद्र चाहिए।,Hindi,Healthcare,Primary Health Centre,We need a nearby primary health centre in Melukote.,Melukote,Mandya,12.659444,76.648333,0.419,2026-09-01T11:17:00+00:00,SYNTHETIC / DEMO DATA,
SYN-DEMO-V1-01-045,Melukote ನಲ್ಲಿ ನಮಗೆ ಹತ್ತಿರದ ಪ್ರಾಥಮಿಕ ಆರೋಗ್ಯ ಕೇಂದ್ರ ಬೇಕು.,Kannada,Healthcare,Primary Health Centre,We need a nearby primary health centre in Melukote.,Melukote,Mandya,12.659444,76.648333,0.419,2026-08-12T11:16:00+00:00,SYNTHETIC / DEMO DATA,
SYN-DEMO-V1-01-046,We need a nearby primary health centre in Melukote.,English,Healthcare,Primary Health Centre,We need a nearby primary health centre in Melukote.,Melukote,Mandya,12.659444,76.648333,0.419,2026-08-30T11:15:00+00:00,SYNTHETIC / DEMO DATA,
SYN-DEMO-V1-01-047,Melukote में हमें नजदीक प्राथमिक स्वास्थ्य केंद्र चाहिए।,Hindi,Healthcare,Primary Health Centre,We need a nearby primary health centre in Melukote.,Melukote,Mandya,12.659444,76.648333,0.419,2026-08-29T11:14:00+00:00,SYNTHETIC / DEMO DATA,
SYN-DEMO-V1-01-048,Melukote ನಲ್ಲಿ ನಮಗೆ ಹತ್ತಿರದ ಪ್ರಾಥಮಿಕ ಆರೋಗ್ಯ ಕೇಂದ್ರ ಬೇಕು.,Kannada,Healthcare,Primary Health Centre,We need a nearby primary health centre in Melukote.,Melukote,Mandya,12.659444,76.648333,0.419,2026-08-28T11:13:00+00:00,SYNTHETIC / DEMO DATA,
SYN-DEMO-V1-01-049,We need a nearby primary health centre in Melukote.,English,Healthcare,Primary Health Centre,We need a nearby primary health centre in Melukote.,Melukote,Mandya,12.659444,76.648333,0.419,2026-08-08T11:12:00+00:00,SYNTHETIC / DEMO DATA,
SYN-DEMO-V1-01-050,Melukote में हमें नजदीक प्राथमिक स्वास्थ्य केंद्र चाहिए।,Hindi,Healthcare,Primary Health Centre,We need a nearby primary health centre in Melukote.,Melukote,Mandya,12.659444,76.648333,0.419,2026-08-26T11:11:00+00:00,SYNTHETIC / DEMO DATA,
SYN-DEMO-V1-01-051,Melukote ನಲ್ಲಿ ನಮಗೆ ಹತ್ತಿರದ ಪ್ರಾಥಮಿಕ ಆರೋಗ್ಯ ಕೇಂದ್ರ ಬೇಕು.,Kannada,Healthcare,Primary Health Centre,We need a nearby primary health centre in Melukote.,Melukote,Mandya,12.659444,76.648333,0.419,2026-09-19T11:10:00+00:00,SYNTHETIC / DEMO DATA,
SYN-DEMO-V1-01-052,We need a nearby primary health centre in Melukote.,English,Healthcare,Primary Health Centre,We need a nearby primary health centre in Melukote.,Melukote,Mandya,12.659444,76.648333,0.419,2026-09-18T11:09:00+00:00,SYNTHETIC / DEMO DATA,
SYN-DEMO-V1-01-053,Melukote में हमें नजदीक प्राथमिक स्वास्थ्य केंद्र चाहिए।,Hindi,Healthcare,Primary Health Centre,We need a nearby primary health centre in Melukote.,Melukote,Mandya,12.659444,76.648333,0.419,2026-08-04T11:08:00+00:00,SYNTHETIC / DEMO DATA,
SYN-DEMO-V1-01-054,Melukote ನಲ್ಲಿ ನಮಗೆ ಹತ್ತಿರದ ಪ್ರಾಥಮಿಕ ಆರೋಗ್ಯ ಕೇಂದ್ರ ಬೇಕು.,Kannada,Healthcare,Primary Health Centre,We need a nearby primary health centre in Melukote.,Melukote,Mandya,12.659444,76.648333,0.419,2026-09-16T11:07:00+00:00,SYNTHETIC / DEMO DATA,
SYN-DEMO-V1-01-055,We need a nearby primary health centre in Melukote.,English,Healthcare,Primary Health Centre,We need a nearby primary health centre in Melukote.,Melukote,Mandya,12.659444,76.648333,0.419,2026-09-15T11:06:00+00:00,SYNTHETIC / DEMO DATA,
SYN-DEMO-V1-01-056,Melukote में हमें नजदीक प्राथमिक स्वास्थ्य केंद्र चाहिए।,Hindi,Healthcare,Primary Health Centre,We need a nearby primary health centre in Melukote.,Melukote,Mandya,12.659444,76.648333,0.419,2026-09-14T11:05:00+00:00,SYNTHETIC / DEMO DATA,
SYN-DEMO-V1-01-057,Melukote ನಲ್ಲಿ ನಮಗೆ ಹತ್ತಿರದ ಪ್ರಾಥಮಿಕ ಆರೋಗ್ಯ ಕೇಂದ್ರ ಬೇಕು.,Kannada,Healthcare,Primary Health Centre,We need a nearby primary health centre in Melukote.,Melukote,Mandya,12.659444,76.648333,0.419,2026-07-31T11:04:00+00:00,SYNTHETIC / DEMO DATA,
SYN-DEMO-V1-01-058,We need a nearby primary health centre in Melukote.,English,Healthcare,Primary Health Centre,We need a nearby primary health centre in Melukote.,Melukote,Mandya,12.659444,76.648333,0.419,2026-09-12T11:03:00+00:00,SYNTHETIC / DEMO DATA,
SYN-DEMO-V1-01-059,Melukote में हमें नजदीक प्राथमिक स्वास्थ्य केंद्र चाहिए।,Hindi,Healthcare,Primary Health Centre,We need a nearby primary health centre in Melukote.,Melukote,Mandya,12.659444,76.648333,0.419,2026-09-11T11:02:00+00:00,SYNTHETIC / DEMO DATA,
SYN-DEMO-V1-01-060,Melukote ನಲ್ಲಿ ನಮಗೆ ಹತ್ತಿರದ ಪ್ರಾಥಮಿಕ ಆರೋಗ್ಯ ಕೇಂದ್ರ ಬೇಕು.,Kannada,Healthcare,Primary Health Centre,We need a nearby primary health centre in Melukote.,Melukote,Mandya,12.659444,76.648333,0.419,2026-09-10T11:01:00+00:00,SYNTHETIC / DEMO DATA,
SYN-DEMO-V1-02-001,We need a reliable drinking water supply in Melukote.,English,Water,Water Supply,We need a reliable drinking water supply in Melukote.,Melukote,Mandya,12.659444,76.648333,0.457,2026-08-16T12:00:00+00:00,SYNTHETIC / DEMO DATA,
SYN-DEMO-V1-02-002,Melukote में हमें नियमित पेयजल आपूर्ति चाहिए।,Hindi,Water,Water Supply,We need a reliable drinking water supply in Melukote.,Melukote,Mandya,12.659444,76.648333,0.457,2026-09-18T11:59:00+00:00,SYNTHETIC / DEMO DATA,
SYN-DEMO-V1-02-003,Melukote ನಲ್ಲಿ ನಮಗೆ ನಿಯಮಿತ ಕುಡಿಯುವ ನೀರಿನ ಪೂರೈಕೆ ಬೇಕು.,Kannada,Water,Water Supply,We need a reliable drinking water supply in Melukote.,Melukote,Mandya,12.659444,76.648333,0.457,2026-09-17T11:58:00+00:00,SYNTHETIC / DEMO DATA,
SYN-DEMO-V1-02-004,We need a reliable drinking water supply in Melukote.,English,Water,Water Supply,We need a reliable drinking water supply in Melukote.,Melukote,Mandya,12.659444,76.648333,0.457,2026-09-16T11:57:00+00:00,SYNTHETIC / DEMO DATA,
SYN-DEMO-V1-02-005,Melukote में हमें नियमित पेयजल आपूर्ति चाहिए।,Hindi,Water,Water Supply,We need a reliable drinking water supply in Melukote.,Melukote,Mandya,12.659444,76.648333,0.457,2026-08-12T11:56:00+00:00,SYNTHETIC / DEMO DATA,
SYN-DEMO-V1-02-006,Melukote ನಲ್ಲಿ ನಮಗೆ ನಿಯಮಿತ ಕುಡಿಯುವ ನೀರಿನ ಪೂರೈಕೆ ಬೇಕು.,Kannada,Water,Water Supply,We need a reliable drinking water supply in Melukote.,Melukote,Mandya,12.659444,76.648333,0.457,2026-09-14T11:55:00+00:00,SYNTHETIC / DEMO DATA,
SYN-DEMO-V1-02-007,We need a reliable drinking water supply in Melukote.,English,Water,Water Supply,We need a reliable drinking water supply in Melukote.,Melukote,Mandya,12.659444,76.648333,0.457,2026-09-13T11:54:00+00:00,SYNTHETIC / DEMO DATA,
SYN-DEMO-V1-02-008,Melukote में हमें नियमित पेयजल आपूर्ति चाहिए।,Hindi,Water,Water Supply,We need a reliable drinking water supply in Melukote.,Melukote,Mandya,12.659444,76.648333,0.457,2026-09-12T11:53:00+00:00,SYNTHETIC / DEMO DATA,
SYN-DEMO-V1-02-009,Melukote ನಲ್ಲಿ ನಮಗೆ ನಿಯಮಿತ ಕುಡಿಯುವ ನೀರಿನ ಪೂರೈಕೆ ಬೇಕು.,Kannada,Water,Water Supply,We need a reliable drinking water supply in Melukote.,Melukote,Mandya,12.659444,76.648333,0.457,2026-08-08T11:52:00+00:00,SYNTHETIC / DEMO DATA,
SYN-DEMO-V1-02-010,We need a reliable drinking water supply in Melukote.,English,Water,Water Supply,We need a reliable drinking water supply in Melukote.,Melukote,Mandya,12.659444,76.648333,0.457,2026-09-10T11:51:00+00:00,SYNTHETIC / DEMO DATA,
SYN-DEMO-V1-02-011,Melukote में हमें नियमित पेयजल आपूर्ति चाहिए।,Hindi,Water,Water Supply,We need a reliable drinking water supply in Melukote.,Melukote,Mandya,12.659444,76.648333,0.457,2026-09-09T11:50:00+00:00,SYNTHETIC / DEMO DATA,
SYN-DEMO-V1-02-012,Melukote ನಲ್ಲಿ ನಮಗೆ ನಿಯಮಿತ ಕುಡಿಯುವ ನೀರಿನ ಪೂರೈಕೆ ಬೇಕು.,Kannada,Water,Water Supply,We need a reliable drinking water supply in Melukote.,Melukote,Mandya,12.659444,76.648333,0.457,2026-09-08T11:49:00+00:00,SYNTHETIC / DEMO DATA,
SYN-DEMO-V1-02-013,We need a reliable drinking water supply in Melukote.,English,Water,Water Supply,We need a reliable drinking water supply in Melukote.,Melukote,Mandya,12.659444,76.648333,0.457,2026-08-04T11:48:00+00:00,SYNTHETIC / DEMO DATA,
SYN-DEMO-V1-02-014,Melukote में हमें नियमित पेयजल आपूर्ति चाहिए।,Hindi,Water,Water Supply,We need a reliable drinking water supply in Melukote.,Melukote,Mandya,12.659444,76.648333,0.457,2026-09-06T11:47:00+00:00,SYNTHETIC / DEMO DATA,
SYN-DEMO-V1-02-015,Melukote ನಲ್ಲಿ ನಮಗೆ ನಿಯಮಿತ ಕುಡಿಯುವ ನೀರಿನ ಪೂರೈಕೆ ಬೇಕು.,Kannada,Water,Water Supply,We need a reliable drinking water supply in Melukote.,Melukote,Mandya,12.659444,76.648333,0.457,2026-09-05T11:46:00+00:00,SYNTHETIC / DEMO DATA,
SYN-DEMO-V1-02-016,We need a reliable drinking water supply in Melukote.,English,Water,Water Supply,We need a reliable drinking water supply in Melukote.,Melukote,Mandya,12.659444,76.648333,0.457,2026-09-04T11:45:00+00:00,SYNTHETIC / DEMO DATA,
SYN-DEMO-V1-02-017,Melukote में हमें नियमित पेयजल आपूर्ति चाहिए।,Hindi,Water,Water Supply,We need a reliable drinking water supply in Melukote.,Melukote,Mandya,12.659444,76.648333,0.457,2026-07-31T11:44:00+00:00,SYNTHETIC / DEMO DATA,
SYN-DEMO-V1-02-018,Melukote ನಲ್ಲಿ ನಮಗೆ ನಿಯಮಿತ ಕುಡಿಯುವ ನೀರಿನ ಪೂರೈಕೆ ಬೇಕು.,Kannada,Water,Water Supply,We need a reliable drinking water supply in Melukote.,Melukote,Mandya,12.659444,76.648333,0.457,2026-09-02T11:43:00+00:00,SYNTHETIC / DEMO DATA,
SYN-DEMO-V1-02-019,We need a reliable drinking water supply in Melukote.,English,Water,Water Supply,We need a reliable drinking water supply in Melukote.,Melukote,Mandya,12.659444,76.648333,0.457,2026-09-01T11:42:00+00:00,SYNTHETIC / DEMO DATA,
SYN-DEMO-V1-02-020,Melukote में हमें नियमित पेयजल आपूर्ति चाहिए।,Hindi,Water,Water Supply,We need a reliable drinking water supply in Melukote.,Melukote,Mandya,12.659444,76.648333,0.457,2026-08-31T11:41:00+00:00,SYNTHETIC / DEMO DATA,
SYN-DEMO-V1-02-021,Melukote ನಲ್ಲಿ ನಮಗೆ ನಿಯಮಿತ ಕುಡಿಯುವ ನೀರಿನ ಪೂರೈಕೆ ಬೇಕು.,Kannada,Water,Water Supply,We need a reliable drinking water supply in Melukote.,Melukote,Mandya,12.659444,76.648333,0.457,2026-08-16T11:40:00+00:00,SYNTHETIC / DEMO DATA,
SYN-DEMO-V1-02-022,We need a reliable drinking water supply in Melukote.,English,Water,Water Supply,We need a reliable drinking water supply in Melukote.,Melukote,Mandya,12.659444,76.648333,0.457,2026-08-29T11:39:00+00:00,SYNTHETIC / DEMO DATA,
SYN-DEMO-V1-02-023,Melukote में हमें नियमित पेयजल आपूर्ति चाहिए।,Hindi,Water,Water Supply,We need a reliable drinking water supply in Melukote.,Melukote,Mandya,12.659444,76.648333,0.457,2026-08-28T11:38:00+00:00,SYNTHETIC / DEMO DATA,
SYN-DEMO-V1-02-024,Melukote ನಲ್ಲಿ ನಮಗೆ ನಿಯಮಿತ ಕುಡಿಯುವ ನೀರಿನ ಪೂರೈಕೆ ಬೇಕು.,Kannada,Water,Water Supply,We need a reliable drinking water supply in Melukote.,Melukote,Mandya,12.659444,76.648333,0.457,2026-08-27T11:37:00+00:00,SYNTHETIC / DEMO DATA,
SYN-DEMO-V1-02-025,We need a reliable drinking water supply in Melukote.,English,Water,Water Supply,We need a reliable drinking water supply in Melukote.,Melukote,Mandya,12.659444,76.648333,0.457,2026-08-12T11:36:00+00:00,SYNTHETIC / DEMO DATA,
SYN-DEMO-V1-02-026,Melukote में हमें नियमित पेयजल आपूर्ति चाहिए।,Hindi,Water,Water Supply,We need a reliable drinking water supply in Melukote.,Melukote,Mandya,12.659444,76.648333,0.457,2026-09-19T11:35:00+00:00,SYNTHETIC / DEMO DATA,
SYN-DEMO-V1-02-027,Melukote ನಲ್ಲಿ ನಮಗೆ ನಿಯಮಿತ ಕುಡಿಯುವ ನೀರಿನ ಪೂರೈಕೆ ಬೇಕು.,Kannada,Water,Water Supply,We need a reliable drinking water supply in Melukote.,Melukote,Mandya,12.659444,76.648333,0.457,2026-09-18T11:34:00+00:00,SYNTHETIC / DEMO DATA,
SYN-DEMO-V1-02-028,We need a reliable drinking water supply in Melukote.,English,Water,Water Supply,We need a reliable drinking water supply in Melukote.,Melukote,Mandya,12.659444,76.648333,0.457,2026-09-17T11:33:00+00:00,SYNTHETIC / DEMO DATA,
SYN-DEMO-V1-02-029,Melukote में हमें नियमित पेयजल आपूर्ति चाहिए।,Hindi,Water,Water Supply,We need a reliable drinking water supply in Melukote.,Melukote,Mandya,12.659444,76.648333,0.457,2026-08-08T11:32:00+00:00,SYNTHETIC / DEMO DATA,
SYN-DEMO-V1-02-030,Melukote ನಲ್ಲಿ ನಮಗೆ ನಿಯಮಿತ ಕುಡಿಯುವ ನೀರಿನ ಪೂರೈಕೆ ಬೇಕು.,Kannada,Water,Water Supply,We need a reliable drinking water supply in Melukote.,Melukote,Mandya,12.659444,76.648333,0.457,2026-09-15T11:31:00+00:00,SYNTHETIC / DEMO DATA,
SYN-DEMO-V1-02-031,We need a reliable drinking water supply in Melukote.,English,Water,Water Supply,We need a reliable drinking water supply in Melukote.,Melukote,Mandya,12.659444,76.648333,0.457,2026-09-14T11:30:00+00:00,SYNTHETIC / DEMO DATA,
SYN-DEMO-V1-02-032,Melukote में हमें नियमित पेयजल आपूर्ति चाहिए।,Hindi,Water,Water Supply,We need a reliable drinking water supply in Melukote.,Melukote,Mandya,12.659444,76.648333,0.457,2026-09-13T11:29:00+00:00,SYNTHETIC / DEMO DATA,
SYN-DEMO-V1-02-033,Melukote ನಲ್ಲಿ ನಮಗೆ ನಿಯಮಿತ ಕುಡಿಯುವ ನೀರಿನ ಪೂರೈಕೆ ಬೇಕು.,Kannada,Water,Water Supply,We need a reliable drinking water supply in Melukote.,Melukote,Mandya,12.659444,76.648333,0.457,2026-08-04T11:28:00+00:00,SYNTHETIC / DEMO DATA,
SYN-DEMO-V1-02-034,We need a reliable drinking water supply in Melukote.,English,Water,Water Supply,We need a reliable drinking water supply in Melukote.,Melukote,Mandya,12.659444,76.648333,0.457,2026-09-11T11:27:00+00:00,SYNTHETIC / DEMO DATA,
SYN-DEMO-V1-02-035,Melukote में हमें नियमित पेयजल आपूर्ति चाहिए।,Hindi,Water,Water Supply,We need a reliable drinking water supply in Melukote.,Melukote,Mandya,12.659444,76.648333,0.457,2026-09-10T11:26:00+00:00,SYNTHETIC / DEMO DATA,
SYN-DEMO-V1-02-036,Melukote ನಲ್ಲಿ ನಮಗೆ ನಿಯಮಿತ ಕುಡಿಯುವ ನೀರಿನ ಪೂರೈಕೆ ಬೇಕು.,Kannada,Water,Water Supply,We need a reliable drinking water supply in Melukote.,Melukote,Mandya,12.659444,76.648333,0.457,2026-09-09T11:25:00+00:00,SYNTHETIC / DEMO DATA,
SYN-DEMO-V1-02-037,We need a reliable drinking water supply in Melukote.,English,Water,Water Supply,We need a reliable drinking water supply in Melukote.,Melukote,Mandya,12.659444,76.648333,0.457,2026-07-31T11:24:00+00:00,SYNTHETIC / DEMO DATA,
SYN-DEMO-V1-02-038,Melukote में हमें नियमित पेयजल आपूर्ति चाहिए।,Hindi,Water,Water Supply,We need a reliable drinking water supply in Melukote.,Melukote,Mandya,12.659444,76.648333,0.457,2026-09-07T11:23:00+00:00,SYNTHETIC / DEMO DATA,
SYN-DEMO-V1-02-039,Melukote ನಲ್ಲಿ ನಮಗೆ ನಿಯಮಿತ ಕುಡಿಯುವ ನೀರಿನ ಪೂರೈಕೆ ಬೇಕು.,Kannada,Water,Water Supply,We need a reliable drinking water supply in Melukote.,Melukote,Mandya,12.659444,76.648333,0.457,2026-09-06T11:22:00+00:00,SYNTHETIC / DEMO DATA,
SYN-DEMO-V1-02-040,We need a reliable drinking water supply in Melukote.,English,Water,Water Supply,We need a reliable drinking water supply in Melukote.,Melukote,Mandya,12.659444,76.648333,0.457,2026-09-05T11:21:00+00:00,SYNTHETIC / DEMO DATA,
SYN-DEMO-V1-02-041,Melukote में हमें नियमित पेयजल आपूर्ति चाहिए।,Hindi,Water,Water Supply,We need a reliable drinking water supply in Melukote.,Melukote,Mandya,12.659444,76.648333,0.457,2026-08-16T11:20:00+00:00,SYNTHETIC / DEMO DATA,
SYN-DEMO-V1-02-042,Melukote ನಲ್ಲಿ ನಮಗೆ ನಿಯಮಿತ ಕುಡಿಯುವ ನೀರಿನ ಪೂರೈಕೆ ಬೇಕು.,Kannada,Water,Water Supply,We need a reliable drinking water supply in Melukote.,Melukote,Mandya,12.659444,76.648333,0.457,2026-09-03T11:19:00+00:00,SYNTHETIC / DEMO DATA,
SYN-DEMO-V1-02-043,We need a reliable drinking water supply in Melukote.,English,Water,Water Supply,We need a reliable drinking water supply in Melukote.,Melukote,Mandya,12.659444,76.648333,0.457,2026-09-02T11:18:00+00:00,SYNTHETIC / DEMO DATA,
SYN-DEMO-V1-02-044,Melukote में हमें नियमित पेयजल आपूर्ति चाहिए।,Hindi,Water,Water Supply,We need a reliable drinking water supply in Melukote.,Melukote,Mandya,12.659444,76.648333,0.457,2026-09-01T11:17:00+00:00,SYNTHETIC / DEMO DATA,
SYN-DEMO-V1-02-045,Melukote ನಲ್ಲಿ ನಮಗೆ ನಿಯಮಿತ ಕುಡಿಯುವ ನೀರಿನ ಪೂರೈಕೆ ಬೇಕು.,Kannada,Water,Water Supply,We need a reliable drinking water supply in Melukote.,Melukote,Mandya,12.659444,76.648333,0.457,2026-08-12T11:16:00+00:00,SYNTHETIC / DEMO DATA,
SYN-DEMO-V1-03-001,Our children need more classrooms in Halebidu.,English,Education,School,Our children need more classrooms in Halebidu.,Halebidu,Hassan,13.2157,75.9914,0.411,2026-08-16T12:00:00+00:00,SYNTHETIC / DEMO DATA,
SYN-DEMO-V1-03-002,Halebidu में हमारे बच्चों के लिए अधिक कक्षाओं की जरूरत है।,Hindi,Education,School,Our children need more classrooms in Halebidu.,Halebidu,Hassan,13.2157,75.9914,0.411,2026-09-18T11:59:00+00:00,SYNTHETIC / DEMO DATA,
SYN-DEMO-V1-03-003,Halebidu ನಲ್ಲಿ ನಮ್ಮ ಮಕ್ಕಳಿಗೆ ಹೆಚ್ಚಿನ ತರಗತಿ ಕೊಠಡಿಗಳು ಬೇಕು.,Kannada,Education,School,Our children need more classrooms in Halebidu.,Halebidu,Hassan,13.2157,75.9914,0.411,2026-09-17T11:58:00+00:00,SYNTHETIC / DEMO DATA,
SYN-DEMO-V1-03-004,Our children need more classrooms in Halebidu.,English,Education,School,Our children need more classrooms in Halebidu.,Halebidu,Hassan,13.2157,75.9914,0.411,2026-09-16T11:57:00+00:00,SYNTHETIC / DEMO DATA,
SYN-DEMO-V1-03-005,Halebidu में हमारे बच्चों के लिए अधिक कक्षाओं की जरूरत है।,Hindi,Education,School,Our children need more classrooms in Halebidu.,Halebidu,Hassan,13.2157,75.9914,0.411,2026-08-12T11:56:00+00:00,SYNTHETIC / DEMO DATA,
SYN-DEMO-V1-03-006,Halebidu ನಲ್ಲಿ ನಮ್ಮ ಮಕ್ಕಳಿಗೆ ಹೆಚ್ಚಿನ ತರಗತಿ ಕೊಠಡಿಗಳು ಬೇಕು.,Kannada,Education,School,Our children need more classrooms in Halebidu.,Halebidu,Hassan,13.2157,75.9914,0.411,2026-09-14T11:55:00+00:00,SYNTHETIC / DEMO DATA,
SYN-DEMO-V1-03-007,Our children need more classrooms in Halebidu.,English,Education,School,Our children need more classrooms in Halebidu.,Halebidu,Hassan,13.2157,75.9914,0.411,2026-09-13T11:54:00+00:00,SYNTHETIC / DEMO DATA,
SYN-DEMO-V1-03-008,Halebidu में हमारे बच्चों के लिए अधिक कक्षाओं की जरूरत है।,Hindi,Education,School,Our children need more classrooms in Halebidu.,Halebidu,Hassan,13.2157,75.9914,0.411,2026-09-12T11:53:00+00:00,SYNTHETIC / DEMO DATA,
SYN-DEMO-V1-03-009,Halebidu ನಲ್ಲಿ ನಮ್ಮ ಮಕ್ಕಳಿಗೆ ಹೆಚ್ಚಿನ ತರಗತಿ ಕೊಠಡಿಗಳು ಬೇಕು.,Kannada,Education,School,Our children need more classrooms in Halebidu.,Halebidu,Hassan,13.2157,75.9914,0.411,2026-08-08T11:52:00+00:00,SYNTHETIC / DEMO DATA,
SYN-DEMO-V1-03-010,Our children need more classrooms in Halebidu.,English,Education,School,Our children need more classrooms in Halebidu.,Halebidu,Hassan,13.2157,75.9914,0.411,2026-09-10T11:51:00+00:00,SYNTHETIC / DEMO DATA,
SYN-DEMO-V1-03-011,Halebidu में हमारे बच्चों के लिए अधिक कक्षाओं की जरूरत है।,Hindi,Education,School,Our children need more classrooms in Halebidu.,Halebidu,Hassan,13.2157,75.9914,0.411,2026-09-09T11:50:00+00:00,SYNTHETIC / DEMO DATA,
SYN-DEMO-V1-03-012,Halebidu ನಲ್ಲಿ ನಮ್ಮ ಮಕ್ಕಳಿಗೆ ಹೆಚ್ಚಿನ ತರಗತಿ ಕೊಠಡಿಗಳು ಬೇಕು.,Kannada,Education,School,Our children need more classrooms in Halebidu.,Halebidu,Hassan,13.2157,75.9914,0.411,2026-09-08T11:49:00+00:00,SYNTHETIC / DEMO DATA,
SYN-DEMO-V1-03-013,Our children need more classrooms in Halebidu.,English,Education,School,Our children need more classrooms in Halebidu.,Halebidu,Hassan,13.2157,75.9914,0.411,2026-08-04T11:48:00+00:00,SYNTHETIC / DEMO DATA,
SYN-DEMO-V1-03-014,Halebidu में हमारे बच्चों के लिए अधिक कक्षाओं की जरूरत है।,Hindi,Education,School,Our children need more classrooms in Halebidu.,Halebidu,Hassan,13.2157,75.9914,0.411,2026-09-06T11:47:00+00:00,SYNTHETIC / DEMO DATA,
SYN-DEMO-V1-03-015,Halebidu ನಲ್ಲಿ ನಮ್ಮ ಮಕ್ಕಳಿಗೆ ಹೆಚ್ಚಿನ ತರಗತಿ ಕೊಠಡಿಗಳು ಬೇಕು.,Kannada,Education,School,Our children need more classrooms in Halebidu.,Halebidu,Hassan,13.2157,75.9914,0.411,2026-09-05T11:46:00+00:00,SYNTHETIC / DEMO DATA,
SYN-DEMO-V1-03-016,Our children need more classrooms in Halebidu.,English,Education,School,Our children need more classrooms in Halebidu.,Halebidu,Hassan,13.2157,75.9914,0.411,2026-09-04T11:45:00+00:00,SYNTHETIC / DEMO DATA,
SYN-DEMO-V1-03-017,Halebidu में हमारे बच्चों के लिए अधिक कक्षाओं की जरूरत है।,Hindi,Education,School,Our children need more classrooms in Halebidu.,Halebidu,Hassan,13.2157,75.9914,0.411,2026-07-31T11:44:00+00:00,SYNTHETIC / DEMO DATA,
SYN-DEMO-V1-03-018,Halebidu ನಲ್ಲಿ ನಮ್ಮ ಮಕ್ಕಳಿಗೆ ಹೆಚ್ಚಿನ ತರಗತಿ ಕೊಠಡಿಗಳು ಬೇಕು.,Kannada,Education,School,Our children need more classrooms in Halebidu.,Halebidu,Hassan,13.2157,75.9914,0.411,2026-09-02T11:43:00+00:00,SYNTHETIC / DEMO DATA,
SYN-DEMO-V1-03-019,Our children need more classrooms in Halebidu.,English,Education,School,Our children need more classrooms in Halebidu.,Halebidu,Hassan,13.2157,75.9914,0.411,2026-09-01T11:42:00+00:00,SYNTHETIC / DEMO DATA,
SYN-DEMO-V1-03-020,Halebidu में हमारे बच्चों के लिए अधिक कक्षाओं की जरूरत है।,Hindi,Education,School,Our children need more classrooms in Halebidu.,Halebidu,Hassan,13.2157,75.9914,0.411,2026-08-31T11:41:00+00:00,SYNTHETIC / DEMO DATA,
SYN-DEMO-V1-03-021,Halebidu ನಲ್ಲಿ ನಮ್ಮ ಮಕ್ಕಳಿಗೆ ಹೆಚ್ಚಿನ ತರಗತಿ ಕೊಠಡಿಗಳು ಬೇಕು.,Kannada,Education,School,Our children need more classrooms in Halebidu.,Halebidu,Hassan,13.2157,75.9914,0.411,2026-08-16T11:40:00+00:00,SYNTHETIC / DEMO DATA,
SYN-DEMO-V1-03-022,Our children need more classrooms in Halebidu.,English,Education,School,Our children need more classrooms in Halebidu.,Halebidu,Hassan,13.2157,75.9914,0.411,2026-08-29T11:39:00+00:00,SYNTHETIC / DEMO DATA,
SYN-DEMO-V1-03-023,Halebidu में हमारे बच्चों के लिए अधिक कक्षाओं की जरूरत है।,Hindi,Education,School,Our children need more classrooms in Halebidu.,Halebidu,Hassan,13.2157,75.9914,0.411,2026-08-28T11:38:00+00:00,SYNTHETIC / DEMO DATA,
SYN-DEMO-V1-03-024,Halebidu ನಲ್ಲಿ ನಮ್ಮ ಮಕ್ಕಳಿಗೆ ಹೆಚ್ಚಿನ ತರಗತಿ ಕೊಠಡಿಗಳು ಬೇಕು.,Kannada,Education,School,Our children need more classrooms in Halebidu.,Halebidu,Hassan,13.2157,75.9914,0.411,2026-08-27T11:37:00+00:00,SYNTHETIC / DEMO DATA,
SYN-DEMO-V1-03-025,Our children need more classrooms in Halebidu.,English,Education,School,Our children need more classrooms in Halebidu.,Halebidu,Hassan,13.2157,75.9914,0.411,2026-08-12T11:36:00+00:00,SYNTHETIC / DEMO DATA,
SYN-DEMO-V1-03-026,Halebidu में हमारे बच्चों के लिए अधिक कक्षाओं की जरूरत है।,Hindi,Education,School,Our children need more classrooms in Halebidu.,Halebidu,Hassan,13.2157,75.9914,0.411,2026-09-19T11:35:00+00:00,SYNTHETIC / DEMO DATA,
SYN-DEMO-V1-03-027,Halebidu ನಲ್ಲಿ ನಮ್ಮ ಮಕ್ಕಳಿಗೆ ಹೆಚ್ಚಿನ ತರಗತಿ ಕೊಠಡಿಗಳು ಬೇಕು.,Kannada,Education,School,Our children need more classrooms in Halebidu.,Halebidu,Hassan,13.2157,75.9914,0.411,2026-09-18T11:34:00+00:00,SYNTHETIC / DEMO DATA,
SYN-DEMO-V1-03-028,Our children need more classrooms in Halebidu.,English,Education,School,Our children need more classrooms in Halebidu.,Halebidu,Hassan,13.2157,75.9914,0.411,2026-09-17T11:33:00+00:00,SYNTHETIC / DEMO DATA,
SYN-DEMO-V1-03-029,Halebidu में हमारे बच्चों के लिए अधिक कक्षाओं की जरूरत है।,Hindi,Education,School,Our children need more classrooms in Halebidu.,Halebidu,Hassan,13.2157,75.9914,0.411,2026-08-08T11:32:00+00:00,SYNTHETIC / DEMO DATA,
SYN-DEMO-V1-03-030,Halebidu ನಲ್ಲಿ ನಮ್ಮ ಮಕ್ಕಳಿಗೆ ಹೆಚ್ಚಿನ ತರಗತಿ ಕೊಠಡಿಗಳು ಬೇಕು.,Kannada,Education,School,Our children need more classrooms in Halebidu.,Halebidu,Hassan,13.2157,75.9914,0.411,2026-09-15T11:31:00+00:00,SYNTHETIC / DEMO DATA,
SYN-DEMO-V1-03-031,Our children need more classrooms in Halebidu.,English,Education,School,Our children need more classrooms in Halebidu.,Halebidu,Hassan,13.2157,75.9914,0.411,2026-09-14T11:30:00+00:00,SYNTHETIC / DEMO DATA,
SYN-DEMO-V1-03-032,Halebidu में हमारे बच्चों के लिए अधिक कक्षाओं की जरूरत है।,Hindi,Education,School,Our children need more classrooms in Halebidu.,Halebidu,Hassan,13.2157,75.9914,0.411,2026-09-13T11:29:00+00:00,SYNTHETIC / DEMO DATA,
SYN-DEMO-V1-03-033,Halebidu ನಲ್ಲಿ ನಮ್ಮ ಮಕ್ಕಳಿಗೆ ಹೆಚ್ಚಿನ ತರಗತಿ ಕೊಠಡಿಗಳು ಬೇಕು.,Kannada,Education,School,Our children need more classrooms in Halebidu.,Halebidu,Hassan,13.2157,75.9914,0.411,2026-08-04T11:28:00+00:00,SYNTHETIC / DEMO DATA,
SYN-DEMO-V1-03-034,Our children need more classrooms in Halebidu.,English,Education,School,Our children need more classrooms in Halebidu.,Halebidu,Hassan,13.2157,75.9914,0.411,2026-09-11T11:27:00+00:00,SYNTHETIC / DEMO DATA,
SYN-DEMO-V1-03-035,Halebidu में हमारे बच्चों के लिए अधिक कक्षाओं की जरूरत है।,Hindi,Education,School,Our children need more classrooms in Halebidu.,Halebidu,Hassan,13.2157,75.9914,0.411,2026-09-10T11:26:00+00:00,SYNTHETIC / DEMO DATA,
SYN-DEMO-V1-03-036,Halebidu ನಲ್ಲಿ ನಮ್ಮ ಮಕ್ಕಳಿಗೆ ಹೆಚ್ಚಿನ ತರಗತಿ ಕೊಠಡಿಗಳು ಬೇಕು.,Kannada,Education,School,Our children need more classrooms in Halebidu.,Halebidu,Hassan,13.2157,75.9914,0.411,2026-09-09T11:25:00+00:00,SYNTHETIC / DEMO DATA,
SYN-DEMO-V1-03-037,Our children need more classrooms in Halebidu.,English,Education,School,Our children need more classrooms in Halebidu.,Halebidu,Hassan,13.2157,75.9914,0.411,2026-07-31T11:24:00+00:00,SYNTHETIC / DEMO DATA,
SYN-DEMO-V1-03-038,Halebidu में हमारे बच्चों के लिए अधिक कक्षाओं की जरूरत है।,Hindi,Education,School,Our children need more classrooms in Halebidu.,Halebidu,Hassan,13.2157,75.9914,0.411,2026-09-07T11:23:00+00:00,SYNTHETIC / DEMO DATA,
SYN-DEMO-V1-03-039,Halebidu ನಲ್ಲಿ ನಮ್ಮ ಮಕ್ಕಳಿಗೆ ಹೆಚ್ಚಿನ ತರಗತಿ ಕೊಠಡಿಗಳು ಬೇಕು.,Kannada,Education,School,Our children need more classrooms in Halebidu.,Halebidu,Hassan,13.2157,75.9914,0.411,2026-09-06T11:22:00+00:00,SYNTHETIC / DEMO DATA,
SYN-DEMO-V1-03-040,Our children need more classrooms in Halebidu.,English,Education,School,Our children need more classrooms in Halebidu.,Halebidu,Hassan,13.2157,75.9914,0.411,2026-09-05T11:21:00+00:00,SYNTHETIC / DEMO DATA,
SYN-DEMO-V1-04-001,Please repair the damaged roads in Halebidu.,English,Roads,Road Repair,Please repair the damaged roads in Halebidu.,Halebidu,Hassan,13.2157,75.9914,0.516,2026-08-16T12:00:00+00:00,SYNTHETIC / DEMO DATA,
SYN-DEMO-V1-04-002,कृपया Halebidu में खराब सड़कों की मरम्मत करें।,Hindi,Roads,Road Repair,Please repair the damaged roads in Halebidu.,Halebidu,Hassan,13.2157,75.9914,0.516,2026-09-18T11:59:00+00:00,SYNTHETIC / DEMO DATA,
SYN-DEMO-V1-04-003,ದಯವಿಟ್ಟು Halebidu ನಲ್ಲಿ ಹಾಳಾದ ರಸ್ತೆಗಳನ್ನು ಸರಿಪಡಿಸಿ.,Kannada,Roads,Road Repair,Please repair the damaged roads in Halebidu.,Halebidu,Hassan,13.2157,75.9914,0.516,2026-09-17T11:58:00+00:00,SYNTHETIC / DEMO DATA,
SYN-DEMO-V1-04-004,Please repair the damaged roads in Halebidu.,English,Roads,Road Repair,Please repair the damaged roads in Halebidu.,Halebidu,Hassan,13.2157,75.9914,0.516,2026-09-16T11:57:00+00:00,SYNTHETIC / DEMO DATA,
SYN-DEMO-V1-04-005,कृपया Halebidu में खराब सड़कों की मरम्मत करें।,Hindi,Roads,Road Repair,Please repair the damaged roads in Halebidu.,Halebidu,Hassan,13.2157,75.9914,0.516,2026-08-12T11:56:00+00:00,SYNTHETIC / DEMO DATA,
SYN-DEMO-V1-04-006,ದಯವಿಟ್ಟು Halebidu ನಲ್ಲಿ ಹಾಳಾದ ರಸ್ತೆಗಳನ್ನು ಸರಿಪಡಿಸಿ.,Kannada,Roads,Road Repair,Please repair the damaged roads in Halebidu.,Halebidu,Hassan,13.2157,75.9914,0.516,2026-09-14T11:55:00+00:00,SYNTHETIC / DEMO DATA,
SYN-DEMO-V1-04-007,Please repair the damaged roads in Halebidu.,English,Roads,Road Repair,Please repair the damaged roads in Halebidu.,Halebidu,Hassan,13.2157,75.9914,0.516,2026-09-13T11:54:00+00:00,SYNTHETIC / DEMO DATA,
SYN-DEMO-V1-04-008,कृपया Halebidu में खराब सड़कों की मरम्मत करें।,Hindi,Roads,Road Repair,Please repair the damaged roads in Halebidu.,Halebidu,Hassan,13.2157,75.9914,0.516,2026-09-12T11:53:00+00:00,SYNTHETIC / DEMO DATA,
SYN-DEMO-V1-04-009,ದಯವಿಟ್ಟು Halebidu ನಲ್ಲಿ ಹಾಳಾದ ರಸ್ತೆಗಳನ್ನು ಸರಿಪಡಿಸಿ.,Kannada,Roads,Road Repair,Please repair the damaged roads in Halebidu.,Halebidu,Hassan,13.2157,75.9914,0.516,2026-08-08T11:52:00+00:00,SYNTHETIC / DEMO DATA,
SYN-DEMO-V1-04-010,Please repair the damaged roads in Halebidu.,English,Roads,Road Repair,Please repair the damaged roads in Halebidu.,Halebidu,Hassan,13.2157,75.9914,0.516,2026-09-10T11:51:00+00:00,SYNTHETIC / DEMO DATA,
SYN-DEMO-V1-04-011,कृपया Halebidu में खराब सड़कों की मरम्मत करें।,Hindi,Roads,Road Repair,Please repair the damaged roads in Halebidu.,Halebidu,Hassan,13.2157,75.9914,0.516,2026-09-09T11:50:00+00:00,SYNTHETIC / DEMO DATA,
SYN-DEMO-V1-04-012,ದಯವಿಟ್ಟು Halebidu ನಲ್ಲಿ ಹಾಳಾದ ರಸ್ತೆಗಳನ್ನು ಸರಿಪಡಿಸಿ.,Kannada,Roads,Road Repair,Please repair the damaged roads in Halebidu.,Halebidu,Hassan,13.2157,75.9914,0.516,2026-09-08T11:49:00+00:00,SYNTHETIC / DEMO DATA,
SYN-DEMO-V1-04-013,Please repair the damaged roads in Halebidu.,English,Roads,Road Repair,Please repair the damaged roads in Halebidu.,Halebidu,Hassan,13.2157,75.9914,0.516,2026-08-04T11:48:00+00:00,SYNTHETIC / DEMO DATA,
SYN-DEMO-V1-04-014,कृपया Halebidu में खराब सड़कों की मरम्मत करें।,Hindi,Roads,Road Repair,Please repair the damaged roads in Halebidu.,Halebidu,Hassan,13.2157,75.9914,0.516,2026-09-06T11:47:00+00:00,SYNTHETIC / DEMO DATA,
SYN-DEMO-V1-04-015,ದಯವಿಟ್ಟು Halebidu ನಲ್ಲಿ ಹಾಳಾದ ರಸ್ತೆಗಳನ್ನು ಸರಿಪಡಿಸಿ.,Kannada,Roads,Road Repair,Please repair the damaged roads in Halebidu.,Halebidu,Hassan,13.2157,75.9914,0.516,2026-09-05T11:46:00+00:00,SYNTHETIC / DEMO DATA,
SYN-DEMO-V1-04-016,Please repair the damaged roads in Halebidu.,English,Roads,Road Repair,Please repair the damaged roads in Halebidu.,Halebidu,Hassan,13.2157,75.9914,0.516,2026-09-04T11:45:00+00:00,SYNTHETIC / DEMO DATA,
SYN-DEMO-V1-04-017,कृपया Halebidu में खराब सड़कों की मरम्मत करें।,Hindi,Roads,Road Repair,Please repair the damaged roads in Halebidu.,Halebidu,Hassan,13.2157,75.9914,0.516,2026-07-31T11:44:00+00:00,SYNTHETIC / DEMO DATA,
SYN-DEMO-V1-04-018,ದಯವಿಟ್ಟು Halebidu ನಲ್ಲಿ ಹಾಳಾದ ರಸ್ತೆಗಳನ್ನು ಸರಿಪಡಿಸಿ.,Kannada,Roads,Road Repair,Please repair the damaged roads in Halebidu.,Halebidu,Hassan,13.2157,75.9914,0.516,2026-09-02T11:43:00+00:00,SYNTHETIC / DEMO DATA,
SYN-DEMO-V1-04-019,Please repair the damaged roads in Halebidu.,English,Roads,Road Repair,Please repair the damaged roads in Halebidu.,Halebidu,Hassan,13.2157,75.9914,0.516,2026-09-01T11:42:00+00:00,SYNTHETIC / DEMO DATA,
SYN-DEMO-V1-04-020,कृपया Halebidu में खराब सड़कों की मरम्मत करें।,Hindi,Roads,Road Repair,Please repair the damaged roads in Halebidu.,Halebidu,Hassan,13.2157,75.9914,0.516,2026-08-31T11:41:00+00:00,SYNTHETIC / DEMO DATA,
SYN-DEMO-V1-04-021,ದಯವಿಟ್ಟು Halebidu ನಲ್ಲಿ ಹಾಳಾದ ರಸ್ತೆಗಳನ್ನು ಸರಿಪಡಿಸಿ.,Kannada,Roads,Road Repair,Please repair the damaged roads in Halebidu.,Halebidu,Hassan,13.2157,75.9914,0.516,2026-08-16T11:40:00+00:00,SYNTHETIC / DEMO DATA,
SYN-DEMO-V1-04-022,Please repair the damaged roads in Halebidu.,English,Roads,Road Repair,Please repair the damaged roads in Halebidu.,Halebidu,Hassan,13.2157,75.9914,0.516,2026-08-29T11:39:00+00:00,SYNTHETIC / DEMO DATA,
SYN-DEMO-V1-04-023,कृपया Halebidu में खराब सड़कों की मरम्मत करें।,Hindi,Roads,Road Repair,Please repair the damaged roads in Halebidu.,Halebidu,Hassan,13.2157,75.9914,0.516,2026-08-28T11:38:00+00:00,SYNTHETIC / DEMO DATA,
SYN-DEMO-V1-04-024,ದಯವಿಟ್ಟು Halebidu ನಲ್ಲಿ ಹಾಳಾದ ರಸ್ತೆಗಳನ್ನು ಸರಿಪಡಿಸಿ.,Kannada,Roads,Road Repair,Please repair the damaged roads in Halebidu.,Halebidu,Hassan,13.2157,75.9914,0.516,2026-08-27T11:37:00+00:00,SYNTHETIC / DEMO DATA,
SYN-DEMO-V1-04-025,Please repair the damaged roads in Halebidu.,English,Roads,Road Repair,Please repair the damaged roads in Halebidu.,Halebidu,Hassan,13.2157,75.9914,0.516,2026-08-12T11:36:00+00:00,SYNTHETIC / DEMO DATA,
SYN-DEMO-V1-04-026,कृपया Halebidu में खराब सड़कों की मरम्मत करें।,Hindi,Roads,Road Repair,Please repair the damaged roads in Halebidu.,Halebidu,Hassan,13.2157,75.9914,0.516,2026-09-19T11:35:00+00:00,SYNTHETIC / DEMO DATA,
SYN-DEMO-V1-04-027,ದಯವಿಟ್ಟು Halebidu ನಲ್ಲಿ ಹಾಳಾದ ರಸ್ತೆಗಳನ್ನು ಸರಿಪಡಿಸಿ.,Kannada,Roads,Road Repair,Please repair the damaged roads in Halebidu.,Halebidu,Hassan,13.2157,75.9914,0.516,2026-09-18T11:34:00+00:00,SYNTHETIC / DEMO DATA,
SYN-DEMO-V1-04-028,Please repair the damaged roads in Halebidu.,English,Roads,Road Repair,Please repair the damaged roads in Halebidu.,Halebidu,Hassan,13.2157,75.9914,0.516,2026-09-17T11:33:00+00:00,SYNTHETIC / DEMO DATA,
SYN-DEMO-V1-04-029,कृपया Halebidu में खराब सड़कों की मरम्मत करें।,Hindi,Roads,Road Repair,Please repair the damaged roads in Halebidu.,Halebidu,Hassan,13.2157,75.9914,0.516,2026-08-08T11:32:00+00:00,SYNTHETIC / DEMO DATA,
SYN-DEMO-V1-04-030,ದಯವಿಟ್ಟು Halebidu ನಲ್ಲಿ ಹಾಳಾದ ರಸ್ತೆಗಳನ್ನು ಸರಿಪಡಿಸಿ.,Kannada,Roads,Road Repair,Please repair the damaged roads in Halebidu.,Halebidu,Hassan,13.2157,75.9914,0.516,2026-09-15T11:31:00+00:00,SYNTHETIC / DEMO DATA,
SYN-DEMO-V1-04-031,Please repair the damaged roads in Halebidu.,English,Roads,Road Repair,Please repair the damaged roads in Halebidu.,Halebidu,Hassan,13.2157,75.9914,0.516,2026-09-14T11:30:00+00:00,SYNTHETIC / DEMO DATA,
SYN-DEMO-V1-04-032,कृपया Halebidu में खराब सड़कों की मरम्मत करें।,Hindi,Roads,Road Repair,Please repair the damaged roads in Halebidu.,Halebidu,Hassan,13.2157,75.9914,0.516,2026-09-13T11:29:00+00:00,SYNTHETIC / DEMO DATA,
SYN-DEMO-V1-04-033,ದಯವಿಟ್ಟು Halebidu ನಲ್ಲಿ ಹಾಳಾದ ರಸ್ತೆಗಳನ್ನು ಸರಿಪಡಿಸಿ.,Kannada,Roads,Road Repair,Please repair the damaged roads in Halebidu.,Halebidu,Hassan,13.2157,75.9914,0.516,2026-08-04T11:28:00+00:00,SYNTHETIC / DEMO DATA,
SYN-DEMO-V1-04-034,Please repair the damaged roads in Halebidu.,English,Roads,Road Repair,Please repair the damaged roads in Halebidu.,Halebidu,Hassan,13.2157,75.9914,0.516,2026-09-11T11:27:00+00:00,SYNTHETIC / DEMO DATA,
SYN-DEMO-V1-04-035,कृपया Halebidu में खराब सड़कों की मरम्मत करें।,Hindi,Roads,Road Repair,Please repair the damaged roads in Halebidu.,Halebidu,Hassan,13.2157,75.9914,0.516,2026-09-10T11:26:00+00:00,SYNTHETIC / DEMO DATA,
SYN-DEMO-V1-04-036,ದಯವಿಟ್ಟು Halebidu ನಲ್ಲಿ ಹಾಳಾದ ರಸ್ತೆಗಳನ್ನು ಸರಿಪಡಿಸಿ.,Kannada,Roads,Road Repair,Please repair the damaged roads in Halebidu.,Halebidu,Hassan,13.2157,75.9914,0.516,2026-09-09T11:25:00+00:00,SYNTHETIC / DEMO DATA,
SYN-DEMO-V1-05-001,Please address frequent power cuts in Hampi.,English,Electricity,Power Supply,Please address frequent power cuts in Hampi.,Hampi,Vijayanagara,15.334444,76.462222,0.572,2026-08-16T12:00:00+00:00,SYNTHETIC / DEMO DATA,
SYN-DEMO-V1-05-002,कृपया Hampi में बार-बार बिजली कटौती की समस्या दूर करें।,Hindi,Electricity,Power Supply,Please address frequent power cuts in Hampi.,Hampi,Vijayanagara,15.334444,76.462222,0.572,2026-09-18T11:59:00+00:00,SYNTHETIC / DEMO DATA,
SYN-DEMO-V1-05-003,ದಯವಿಟ್ಟು Hampi ನಲ್ಲಿ ಪದೇ ಪದೇ ವಿದ್ಯುತ್ ಕಡಿತವನ್ನು ಪರಿಹರಿಸಿ.,Kannada,Electricity,Power Supply,Please address frequent power cuts in Hampi.,Hampi,Vijayanagara,15.334444,76.462222,0.572,2026-09-17T11:58:00+00:00,SYNTHETIC / DEMO DATA,
SYN-DEMO-V1-05-004,Please address frequent power cuts in Hampi.,English,Electricity,Power Supply,Please address frequent power cuts in Hampi.,Hampi,Vijayanagara,15.334444,76.462222,0.572,2026-09-16T11:57:00+00:00,SYNTHETIC / DEMO DATA,
SYN-DEMO-V1-05-005,कृपया Hampi में बार-बार बिजली कटौती की समस्या दूर करें।,Hindi,Electricity,Power Supply,Please address frequent power cuts in Hampi.,Hampi,Vijayanagara,15.334444,76.462222,0.572,2026-08-12T11:56:00+00:00,SYNTHETIC / DEMO DATA,
SYN-DEMO-V1-05-006,ದಯವಿಟ್ಟು Hampi ನಲ್ಲಿ ಪದೇ ಪದೇ ವಿದ್ಯುತ್ ಕಡಿತವನ್ನು ಪರಿಹರಿಸಿ.,Kannada,Electricity,Power Supply,Please address frequent power cuts in Hampi.,Hampi,Vijayanagara,15.334444,76.462222,0.572,2026-09-14T11:55:00+00:00,SYNTHETIC / DEMO DATA,
SYN-DEMO-V1-05-007,Please address frequent power cuts in Hampi.,English,Electricity,Power Supply,Please address frequent power cuts in Hampi.,Hampi,Vijayanagara,15.334444,76.462222,0.572,2026-09-13T11:54:00+00:00,SYNTHETIC / DEMO DATA,
SYN-DEMO-V1-05-008,कृपया Hampi में बार-बार बिजली कटौती की समस्या दूर करें।,Hindi,Electricity,Power Supply,Please address frequent power cuts in Hampi.,Hampi,Vijayanagara,15.334444,76.462222,0.572,2026-09-12T11:53:00+00:00,SYNTHETIC / DEMO DATA,
SYN-DEMO-V1-05-009,ದಯವಿಟ್ಟು Hampi ನಲ್ಲಿ ಪದೇ ಪದೇ ವಿದ್ಯುತ್ ಕಡಿತವನ್ನು ಪರಿಹರಿಸಿ.,Kannada,Electricity,Power Supply,Please address frequent power cuts in Hampi.,Hampi,Vijayanagara,15.334444,76.462222,0.572,2026-08-08T11:52:00+00:00,SYNTHETIC / DEMO DATA,
SYN-DEMO-V1-05-010,Please address frequent power cuts in Hampi.,English,Electricity,Power Supply,Please address frequent power cuts in Hampi.,Hampi,Vijayanagara,15.334444,76.462222,0.572,2026-09-10T11:51:00+00:00,SYNTHETIC / DEMO DATA,
SYN-DEMO-V1-05-011,कृपया Hampi में बार-बार बिजली कटौती की समस्या दूर करें।,Hindi,Electricity,Power Supply,Please address frequent power cuts in Hampi.,Hampi,Vijayanagara,15.334444,76.462222,0.572,2026-09-09T11:50:00+00:00,SYNTHETIC / DEMO DATA,
SYN-DEMO-V1-05-012,ದಯವಿಟ್ಟು Hampi ನಲ್ಲಿ ಪದೇ ಪದೇ ವಿದ್ಯುತ್ ಕಡಿತವನ್ನು ಪರಿಹರಿಸಿ.,Kannada,Electricity,Power Supply,Please address frequent power cuts in Hampi.,Hampi,Vijayanagara,15.334444,76.462222,0.572,2026-09-08T11:49:00+00:00,SYNTHETIC / DEMO DATA,
SYN-DEMO-V1-05-013,Please address frequent power cuts in Hampi.,English,Electricity,Power Supply,Please address frequent power cuts in Hampi.,Hampi,Vijayanagara,15.334444,76.462222,0.572,2026-08-04T11:48:00+00:00,SYNTHETIC / DEMO DATA,
SYN-DEMO-V1-05-014,कृपया Hampi में बार-बार बिजली कटौती की समस्या दूर करें।,Hindi,Electricity,Power Supply,Please address frequent power cuts in Hampi.,Hampi,Vijayanagara,15.334444,76.462222,0.572,2026-09-06T11:47:00+00:00,SYNTHETIC / DEMO DATA,
SYN-DEMO-V1-05-015,ದಯವಿಟ್ಟು Hampi ನಲ್ಲಿ ಪದೇ ಪದೇ ವಿದ್ಯುತ್ ಕಡಿತವನ್ನು ಪರಿಹರಿಸಿ.,Kannada,Electricity,Power Supply,Please address frequent power cuts in Hampi.,Hampi,Vijayanagara,15.334444,76.462222,0.572,2026-09-05T11:46:00+00:00,SYNTHETIC / DEMO DATA,
SYN-DEMO-V1-05-016,Please address frequent power cuts in Hampi.,English,Electricity,Power Supply,Please address frequent power cuts in Hampi.,Hampi,Vijayanagara,15.334444,76.462222,0.572,2026-09-04T11:45:00+00:00,SYNTHETIC / DEMO DATA,
SYN-DEMO-V1-05-017,कृपया Hampi में बार-बार बिजली कटौती की समस्या दूर करें।,Hindi,Electricity,Power Supply,Please address frequent power cuts in Hampi.,Hampi,Vijayanagara,15.334444,76.462222,0.572,2026-07-31T11:44:00+00:00,SYNTHETIC / DEMO DATA,
SYN-DEMO-V1-05-018,ದಯವಿಟ್ಟು Hampi ನಲ್ಲಿ ಪದೇ ಪದೇ ವಿದ್ಯುತ್ ಕಡಿತವನ್ನು ಪರಿಹರಿಸಿ.,Kannada,Electricity,Power Supply,Please address frequent power cuts in Hampi.,Hampi,Vijayanagara,15.334444,76.462222,0.572,2026-09-02T11:43:00+00:00,SYNTHETIC / DEMO DATA,
SYN-DEMO-V1-05-019,Please address frequent power cuts in Hampi.,English,Electricity,Power Supply,Please address frequent power cuts in Hampi.,Hampi,Vijayanagara,15.334444,76.462222,0.572,2026-09-01T11:42:00+00:00,SYNTHETIC / DEMO DATA,
SYN-DEMO-V1-05-020,कृपया Hampi में बार-बार बिजली कटौती की समस्या दूर करें।,Hindi,Electricity,Power Supply,Please address frequent power cuts in Hampi.,Hampi,Vijayanagara,15.334444,76.462222,0.572,2026-08-31T11:41:00+00:00,SYNTHETIC / DEMO DATA,
SYN-DEMO-V1-05-021,ದಯವಿಟ್ಟು Hampi ನಲ್ಲಿ ಪದೇ ಪದೇ ವಿದ್ಯುತ್ ಕಡಿತವನ್ನು ಪರಿಹರಿಸಿ.,Kannada,Electricity,Power Supply,Please address frequent power cuts in Hampi.,Hampi,Vijayanagara,15.334444,76.462222,0.572,2026-08-16T11:40:00+00:00,SYNTHETIC / DEMO DATA,
SYN-DEMO-V1-05-022,Please address frequent power cuts in Hampi.,English,Electricity,Power Supply,Please address frequent power cuts in Hampi.,Hampi,Vijayanagara,15.334444,76.462222,0.572,2026-08-29T11:39:00+00:00,SYNTHETIC / DEMO DATA,
SYN-DEMO-V1-05-023,कृपया Hampi में बार-बार बिजली कटौती की समस्या दूर करें।,Hindi,Electricity,Power Supply,Please address frequent power cuts in Hampi.,Hampi,Vijayanagara,15.334444,76.462222,0.572,2026-08-28T11:38:00+00:00,SYNTHETIC / DEMO DATA,
SYN-DEMO-V1-05-024,ದಯವಿಟ್ಟು Hampi ನಲ್ಲಿ ಪದೇ ಪದೇ ವಿದ್ಯುತ್ ಕಡಿತವನ್ನು ಪರಿಹರಿಸಿ.,Kannada,Electricity,Power Supply,Please address frequent power cuts in Hampi.,Hampi,Vijayanagara,15.334444,76.462222,0.572,2026-08-27T11:37:00+00:00,SYNTHETIC / DEMO DATA,
SYN-DEMO-V1-05-025,Please address frequent power cuts in Hampi.,English,Electricity,Power Supply,Please address frequent power cuts in Hampi.,Hampi,Vijayanagara,15.334444,76.462222,0.572,2026-08-12T11:36:00+00:00,SYNTHETIC / DEMO DATA,
SYN-DEMO-V1-05-026,कृपया Hampi में बार-बार बिजली कटौती की समस्या दूर करें।,Hindi,Electricity,Power Supply,Please address frequent power cuts in Hampi.,Hampi,Vijayanagara,15.334444,76.462222,0.572,2026-09-19T11:35:00+00:00,SYNTHETIC / DEMO DATA,
SYN-DEMO-V1-05-027,ದಯವಿಟ್ಟು Hampi ನಲ್ಲಿ ಪದೇ ಪದೇ ವಿದ್ಯುತ್ ಕಡಿತವನ್ನು ಪರಿಹರಿಸಿ.,Kannada,Electricity,Power Supply,Please address frequent power cuts in Hampi.,Hampi,Vijayanagara,15.334444,76.462222,0.572,2026-09-18T11:34:00+00:00,SYNTHETIC / DEMO DATA,
SYN-DEMO-V1-05-028,Please address frequent power cuts in Hampi.,English,Electricity,Power Supply,Please address frequent power cuts in Hampi.,Hampi,Vijayanagara,15.334444,76.462222,0.572,2026-09-17T11:33:00+00:00,SYNTHETIC / DEMO DATA,
SYN-DEMO-V1-05-029,कृपया Hampi में बार-बार बिजली कटौती की समस्या दूर करें।,Hindi,Electricity,Power Supply,Please address frequent power cuts in Hampi.,Hampi,Vijayanagara,15.334444,76.462222,0.572,2026-08-08T11:32:00+00:00,SYNTHETIC / DEMO DATA,
SYN-DEMO-V1-05-030,ದಯವಿಟ್ಟು Hampi ನಲ್ಲಿ ಪದೇ ಪದೇ ವಿದ್ಯುತ್ ಕಡಿತವನ್ನು ಪರಿಹರಿಸಿ.,Kannada,Electricity,Power Supply,Please address frequent power cuts in Hampi.,Hampi,Vijayanagara,15.334444,76.462222,0.572,2026-09-15T11:31:00+00:00,SYNTHETIC / DEMO DATA,
SYN-DEMO-V1-05-031,Please address frequent power cuts in Hampi.,English,Electricity,Power Supply,Please address frequent power cuts in Hampi.,Hampi,Vijayanagara,15.334444,76.462222,0.572,2026-09-14T11:30:00+00:00,SYNTHETIC / DEMO DATA,
SYN-DEMO-V1-05-032,कृपया Hampi में बार-बार बिजली कटौती की समस्या दूर करें।,Hindi,Electricity,Power Supply,Please address frequent power cuts in Hampi.,Hampi,Vijayanagara,15.334444,76.462222,0.572,2026-09-13T11:29:00+00:00,SYNTHETIC / DEMO DATA,
SYN-DEMO-V1-06-001,We need a reliable drinking water supply in Hampi.,English,Water,Water Supply,We need a reliable drinking water supply in Hampi.,Hampi,Vijayanagara,15.334444,76.462222,0.458,2026-08-16T12:00:00+00:00,SYNTHETIC / DEMO DATA,
SYN-DEMO-V1-06-002,Hampi में हमें नियमित पेयजल आपूर्ति चाहिए।,Hindi,Water,Water Supply,We need a reliable drinking water supply in Hampi.,Hampi,Vijayanagara,15.334444,76.462222,0.458,2026-09-18T11:59:00+00:00,SYNTHETIC / DEMO DATA,
SYN-DEMO-V1-06-003,Hampi ನಲ್ಲಿ ನಮಗೆ ನಿಯಮಿತ ಕುಡಿಯುವ ನೀರಿನ ಪೂರೈಕೆ ಬೇಕು.,Kannada,Water,Water Supply,We need a reliable drinking water supply in Hampi.,Hampi,Vijayanagara,15.334444,76.462222,0.458,2026-09-17T11:58:00+00:00,SYNTHETIC / DEMO DATA,
SYN-DEMO-V1-06-004,We need a reliable drinking water supply in Hampi.,English,Water,Water Supply,We need a reliable drinking water supply in Hampi.,Hampi,Vijayanagara,15.334444,76.462222,0.458,2026-09-16T11:57:00+00:00,SYNTHETIC / DEMO DATA,
SYN-DEMO-V1-06-005,Hampi में हमें नियमित पेयजल आपूर्ति चाहिए।,Hindi,Water,Water Supply,We need a reliable drinking water supply in Hampi.,Hampi,Vijayanagara,15.334444,76.462222,0.458,2026-08-12T11:56:00+00:00,SYNTHETIC / DEMO DATA,
SYN-DEMO-V1-06-006,Hampi ನಲ್ಲಿ ನಮಗೆ ನಿಯಮಿತ ಕುಡಿಯುವ ನೀರಿನ ಪೂರೈಕೆ ಬೇಕು.,Kannada,Water,Water Supply,We need a reliable drinking water supply in Hampi.,Hampi,Vijayanagara,15.334444,76.462222,0.458,2026-09-14T11:55:00+00:00,SYNTHETIC / DEMO DATA,
SYN-DEMO-V1-06-007,We need a reliable drinking water supply in Hampi.,English,Water,Water Supply,We need a reliable drinking water supply in Hampi.,Hampi,Vijayanagara,15.334444,76.462222,0.458,2026-09-13T11:54:00+00:00,SYNTHETIC / DEMO DATA,
SYN-DEMO-V1-06-008,Hampi में हमें नियमित पेयजल आपूर्ति चाहिए।,Hindi,Water,Water Supply,We need a reliable drinking water supply in Hampi.,Hampi,Vijayanagara,15.334444,76.462222,0.458,2026-09-12T11:53:00+00:00,SYNTHETIC / DEMO DATA,
SYN-DEMO-V1-06-009,Hampi ನಲ್ಲಿ ನಮಗೆ ನಿಯಮಿತ ಕುಡಿಯುವ ನೀರಿನ ಪೂರೈಕೆ ಬೇಕು.,Kannada,Water,Water Supply,We need a reliable drinking water supply in Hampi.,Hampi,Vijayanagara,15.334444,76.462222,0.458,2026-08-08T11:52:00+00:00,SYNTHETIC / DEMO DATA,
SYN-DEMO-V1-06-010,We need a reliable drinking water supply in Hampi.,English,Water,Water Supply,We need a reliable drinking water supply in Hampi.,Hampi,Vijayanagara,15.334444,76.462222,0.458,2026-09-10T11:51:00+00:00,SYNTHETIC / DEMO DATA,
SYN-DEMO-V1-06-011,Hampi में हमें नियमित पेयजल आपूर्ति चाहिए।,Hindi,Water,Water Supply,We need a reliable drinking water supply in Hampi.,Hampi,Vijayanagara,15.334444,76.462222,0.458,2026-09-09T11:50:00+00:00,SYNTHETIC / DEMO DATA,
SYN-DEMO-V1-06-012,Hampi ನಲ್ಲಿ ನಮಗೆ ನಿಯಮಿತ ಕುಡಿಯುವ ನೀರಿನ ಪೂರೈಕೆ ಬೇಕು.,Kannada,Water,Water Supply,We need a reliable drinking water supply in Hampi.,Hampi,Vijayanagara,15.334444,76.462222,0.458,2026-09-08T11:49:00+00:00,SYNTHETIC / DEMO DATA,
SYN-DEMO-V1-06-013,We need a reliable drinking water supply in Hampi.,English,Water,Water Supply,We need a reliable drinking water supply in Hampi.,Hampi,Vijayanagara,15.334444,76.462222,0.458,2026-08-04T11:48:00+00:00,SYNTHETIC / DEMO DATA,
SYN-DEMO-V1-06-014,Hampi में हमें नियमित पेयजल आपूर्ति चाहिए।,Hindi,Water,Water Supply,We need a reliable drinking water supply in Hampi.,Hampi,Vijayanagara,15.334444,76.462222,0.458,2026-09-06T11:47:00+00:00,SYNTHETIC / DEMO DATA,
SYN-DEMO-V1-06-015,Hampi ನಲ್ಲಿ ನಮಗೆ ನಿಯಮಿತ ಕುಡಿಯುವ ನೀರಿನ ಪೂರೈಕೆ ಬೇಕು.,Kannada,Water,Water Supply,We need a reliable drinking water supply in Hampi.,Hampi,Vijayanagara,15.334444,76.462222,0.458,2026-09-05T11:46:00+00:00,SYNTHETIC / DEMO DATA,
SYN-DEMO-V1-06-016,We need a reliable drinking water supply in Hampi.,English,Water,Water Supply,We need a reliable drinking water supply in Hampi.,Hampi,Vijayanagara,15.334444,76.462222,0.458,2026-09-04T11:45:00+00:00,SYNTHETIC / DEMO DATA,
SYN-DEMO-V1-06-017,Hampi में हमें नियमित पेयजल आपूर्ति चाहिए।,Hindi,Water,Water Supply,We need a reliable drinking water supply in Hampi.,Hampi,Vijayanagara,15.334444,76.462222,0.458,2026-07-31T11:44:00+00:00,SYNTHETIC / DEMO DATA,
SYN-DEMO-V1-06-018,Hampi ನಲ್ಲಿ ನಮಗೆ ನಿಯಮಿತ ಕುಡಿಯುವ ನೀರಿನ ಪೂರೈಕೆ ಬೇಕು.,Kannada,Water,Water Supply,We need a reliable drinking water supply in Hampi.,Hampi,Vijayanagara,15.334444,76.462222,0.458,2026-09-02T11:43:00+00:00,SYNTHETIC / DEMO DATA,
SYN-DEMO-V1-06-019,We need a reliable drinking water supply in Hampi.,English,Water,Water Supply,We need a reliable drinking water supply in Hampi.,Hampi,Vijayanagara,15.334444,76.462222,0.458,2026-09-01T11:42:00+00:00,SYNTHETIC / DEMO DATA,
SYN-DEMO-V1-06-020,Hampi में हमें नियमित पेयजल आपूर्ति चाहिए।,Hindi,Water,Water Supply,We need a reliable drinking water supply in Hampi.,Hampi,Vijayanagara,15.334444,76.462222,0.458,2026-08-31T11:41:00+00:00,SYNTHETIC / DEMO DATA,
SYN-DEMO-V1-06-021,Hampi ನಲ್ಲಿ ನಮಗೆ ನಿಯಮಿತ ಕುಡಿಯುವ ನೀರಿನ ಪೂರೈಕೆ ಬೇಕು.,Kannada,Water,Water Supply,We need a reliable drinking water supply in Hampi.,Hampi,Vijayanagara,15.334444,76.462222,0.458,2026-08-16T11:40:00+00:00,SYNTHETIC / DEMO DATA,
SYN-DEMO-V1-06-022,We need a reliable drinking water supply in Hampi.,English,Water,Water Supply,We need a reliable drinking water supply in Hampi.,Hampi,Vijayanagara,15.334444,76.462222,0.458,2026-08-29T11:39:00+00:00,SYNTHETIC / DEMO DATA,
SYN-DEMO-V1-06-023,Hampi में हमें नियमित पेयजल आपूर्ति चाहिए।,Hindi,Water,Water Supply,We need a reliable drinking water supply in Hampi.,Hampi,Vijayanagara,15.334444,76.462222,0.458,2026-08-28T11:38:00+00:00,SYNTHETIC / DEMO DATA,
SYN-DEMO-V1-06-024,Hampi ನಲ್ಲಿ ನಮಗೆ ನಿಯಮಿತ ಕುಡಿಯುವ ನೀರಿನ ಪೂರೈಕೆ ಬೇಕು.,Kannada,Water,Water Supply,We need a reliable drinking water supply in Hampi.,Hampi,Vijayanagara,15.334444,76.462222,0.458,2026-08-27T11:37:00+00:00,SYNTHETIC / DEMO DATA,
SYN-DEMO-V1-06-025,We need a reliable drinking water supply in Hampi.,English,Water,Water Supply,We need a reliable drinking water supply in Hampi.,Hampi,Vijayanagara,15.334444,76.462222,0.458,2026-08-12T11:36:00+00:00,SYNTHETIC / DEMO DATA,
SYN-DEMO-V1-06-026,Hampi में हमें नियमित पेयजल आपूर्ति चाहिए।,Hindi,Water,Water Supply,We need a reliable drinking water supply in Hampi.,Hampi,Vijayanagara,15.334444,76.462222,0.458,2026-09-19T11:35:00+00:00,SYNTHETIC / DEMO DATA,
SYN-DEMO-V1-06-027,Hampi ನಲ್ಲಿ ನಮಗೆ ನಿಯಮಿತ ಕುಡಿಯುವ ನೀರಿನ ಪೂರೈಕೆ ಬೇಕು.,Kannada,Water,Water Supply,We need a reliable drinking water supply in Hampi.,Hampi,Vijayanagara,15.334444,76.462222,0.458,2026-09-18T11:34:00+00:00,SYNTHETIC / DEMO DATA,
SYN-DEMO-V1-06-028,We need a reliable drinking water supply in Hampi.,English,Water,Water Supply,We need a reliable drinking water supply in Hampi.,Hampi,Vijayanagara,15.334444,76.462222,0.458,2026-09-17T11:33:00+00:00,SYNTHETIC / DEMO DATA,
SYN-DEMO-V1-06-029,Hampi में हमें नियमित पेयजल आपूर्ति चाहिए।,Hindi,Water,Water Supply,We need a reliable drinking water supply in Hampi.,Hampi,Vijayanagara,15.334444,76.462222,0.458,2026-08-08T11:32:00+00:00,SYNTHETIC / DEMO DATA,
SYN-DEMO-V1-06-030,Hampi ನಲ್ಲಿ ನಮಗೆ ನಿಯಮಿತ ಕುಡಿಯುವ ನೀರಿನ ಪೂರೈಕೆ ಬೇಕು.,Kannada,Water,Water Supply,We need a reliable drinking water supply in Hampi.,Hampi,Vijayanagara,15.334444,76.462222,0.458,2026-09-15T11:31:00+00:00,SYNTHETIC / DEMO DATA,
SYN-DEMO-V1-06-031,We need a reliable drinking water supply in Hampi.,English,Water,Water Supply,We need a reliable drinking water supply in Hampi.,Hampi,Vijayanagara,15.334444,76.462222,0.458,2026-09-14T11:30:00+00:00,SYNTHETIC / DEMO DATA,
SYN-DEMO-V1-06-032,Hampi में हमें नियमित पेयजल आपूर्ति चाहिए।,Hindi,Water,Water Supply,We need a reliable drinking water supply in Hampi.,Hampi,Vijayanagara,15.334444,76.462222,0.458,2026-09-13T11:29:00+00:00,SYNTHETIC / DEMO DATA,
SYN-DEMO-V1-06-033,Hampi ನಲ್ಲಿ ನಮಗೆ ನಿಯಮಿತ ಕುಡಿಯುವ ನೀರಿನ ಪೂರೈಕೆ ಬೇಕು.,Kannada,Water,Water Supply,We need a reliable drinking water supply in Hampi.,Hampi,Vijayanagara,15.334444,76.462222,0.458,2026-08-04T11:28:00+00:00,SYNTHETIC / DEMO DATA,
SYN-DEMO-V1-06-034,We need a reliable drinking water supply in Hampi.,English,Water,Water Supply,We need a reliable drinking water supply in Hampi.,Hampi,Vijayanagara,15.334444,76.462222,0.458,2026-09-11T11:27:00+00:00,SYNTHETIC / DEMO DATA,
SYN-DEMO-V1-06-035,Hampi में हमें नियमित पेयजल आपूर्ति चाहिए।,Hindi,Water,Water Supply,We need a reliable drinking water supply in Hampi.,Hampi,Vijayanagara,15.334444,76.462222,0.458,2026-09-10T11:26:00+00:00,SYNTHETIC / DEMO DATA,
SYN-DEMO-V1-06-036,Hampi ನಲ್ಲಿ ನಮಗೆ ನಿಯಮಿತ ಕುಡಿಯುವ ನೀರಿನ ಪೂರೈಕೆ ಬೇಕು.,Kannada,Water,Water Supply,We need a reliable drinking water supply in Hampi.,Hampi,Vijayanagara,15.334444,76.462222,0.458,2026-09-09T11:25:00+00:00,SYNTHETIC / DEMO DATA,
SYN-DEMO-V1-06-037,We need a reliable drinking water supply in Hampi.,English,Water,Water Supply,We need a reliable drinking water supply in Hampi.,Hampi,Vijayanagara,15.334444,76.462222,0.458,2026-07-31T11:24:00+00:00,SYNTHETIC / DEMO DATA,
SYN-DEMO-V1-06-038,Hampi में हमें नियमित पेयजल आपूर्ति चाहिए।,Hindi,Water,Water Supply,We need a reliable drinking water supply in Hampi.,Hampi,Vijayanagara,15.334444,76.462222,0.458,2026-09-07T11:23:00+00:00,SYNTHETIC / DEMO DATA,
SYN-DEMO-V1-06-039,Hampi ನಲ್ಲಿ ನಮಗೆ ನಿಯಮಿತ ಕುಡಿಯುವ ನೀರಿನ ಪೂರೈಕೆ ಬೇಕು.,Kannada,Water,Water Supply,We need a reliable drinking water supply in Hampi.,Hampi,Vijayanagara,15.334444,76.462222,0.458,2026-09-06T11:22:00+00:00,SYNTHETIC / DEMO DATA,
SYN-DEMO-V1-06-040,We need a reliable drinking water supply in Hampi.,English,Water,Water Supply,We need a reliable drinking water supply in Hampi.,Hampi,Vijayanagara,15.334444,76.462222,0.458,2026-09-05T11:21:00+00:00,SYNTHETIC / DEMO DATA,
SYN-DEMO-V1-06-041,Hampi में हमें नियमित पेयजल आपूर्ति चाहिए।,Hindi,Water,Water Supply,We need a reliable drinking water supply in Hampi.,Hampi,Vijayanagara,15.334444,76.462222,0.458,2026-08-16T11:20:00+00:00,SYNTHETIC / DEMO DATA,
SYN-DEMO-V1-06-042,Hampi ನಲ್ಲಿ ನಮಗೆ ನಿಯಮಿತ ಕುಡಿಯುವ ನೀರಿನ ಪೂರೈಕೆ ಬೇಕು.,Kannada,Water,Water Supply,We need a reliable drinking water supply in Hampi.,Hampi,Vijayanagara,15.334444,76.462222,0.458,2026-09-03T11:19:00+00:00,SYNTHETIC / DEMO DATA,
SYN-DEMO-V1-06-043,We need a reliable drinking water supply in Hampi.,English,Water,Water Supply,We need a reliable drinking water supply in Hampi.,Hampi,Vijayanagara,15.334444,76.462222,0.458,2026-09-02T11:18:00+00:00,SYNTHETIC / DEMO DATA,
SYN-DEMO-V1-06-044,Hampi में हमें नियमित पेयजल आपूर्ति चाहिए।,Hindi,Water,Water Supply,We need a reliable drinking water supply in Hampi.,Hampi,Vijayanagara,15.334444,76.462222,0.458,2026-09-01T11:17:00+00:00,SYNTHETIC / DEMO DATA,
SYN-DEMO-V1-06-045,Hampi ನಲ್ಲಿ ನಮಗೆ ನಿಯಮಿತ ಕುಡಿಯುವ ನೀರಿನ ಪೂರೈಕೆ ಬೇಕು.,Kannada,Water,Water Supply,We need a reliable drinking water supply in Hampi.,Hampi,Vijayanagara,15.334444,76.462222,0.458,2026-08-12T11:16:00+00:00,SYNTHETIC / DEMO DATA,
SYN-DEMO-V1-06-046,We need a reliable drinking water supply in Hampi.,English,Water,Water Supply,We need a reliable drinking water supply in Hampi.,Hampi,Vijayanagara,15.334444,76.462222,0.458,2026-08-30T11:15:00+00:00,SYNTHETIC / DEMO DATA,
SYN-DEMO-V1-06-047,Hampi में हमें नियमित पेयजल आपूर्ति चाहिए।,Hindi,Water,Water Supply,We need a reliable drinking water supply in Hampi.,Hampi,Vijayanagara,15.334444,76.462222,0.458,2026-08-29T11:14:00+00:00,SYNTHETIC / DEMO DATA,
SYN-DEMO-V1-06-048,Hampi ನಲ್ಲಿ ನಮಗೆ ನಿಯಮಿತ ಕುಡಿಯುವ ನೀರಿನ ಪೂರೈಕೆ ಬೇಕು.,Kannada,Water,Water Supply,We need a reliable drinking water supply in Hampi.,Hampi,Vijayanagara,15.334444,76.462222,0.458,2026-08-28T11:13:00+00:00,SYNTHETIC / DEMO DATA,
SYN-DEMO-V1-06-049,We need a reliable drinking water supply in Hampi.,English,Water,Water Supply,We need a reliable drinking water supply in Hampi.,Hampi,Vijayanagara,15.334444,76.462222,0.458,2026-08-08T11:12:00+00:00,SYNTHETIC / DEMO DATA,
SYN-DEMO-V1-06-050,Hampi में हमें नियमित पेयजल आपूर्ति चाहिए।,Hindi,Water,Water Supply,We need a reliable drinking water supply in Hampi.,Hampi,Vijayanagara,15.334444,76.462222,0.458,2026-08-26T11:11:00+00:00,SYNTHETIC / DEMO DATA,
SYN-DEMO-V1-06-051,Hampi ನಲ್ಲಿ ನಮಗೆ ನಿಯಮಿತ ಕುಡಿಯುವ ನೀರಿನ ಪೂರೈಕೆ ಬೇಕು.,Kannada,Water,Water Supply,We need a reliable drinking water supply in Hampi.,Hampi,Vijayanagara,15.334444,76.462222,0.458,2026-09-19T11:10:00+00:00,SYNTHETIC / DEMO DATA,
SYN-DEMO-V1-06-052,We need a reliable drinking water supply in Hampi.,English,Water,Water Supply,We need a reliable drinking water supply in Hampi.,Hampi,Vijayanagara,15.334444,76.462222,0.458,2026-09-18T11:09:00+00:00,SYNTHETIC / DEMO DATA,
SYN-DEMO-V1-06-053,Hampi में हमें नियमित पेयजल आपूर्ति चाहिए।,Hindi,Water,Water Supply,We need a reliable drinking water supply in Hampi.,Hampi,Vijayanagara,15.334444,76.462222,0.458,2026-08-04T11:08:00+00:00,SYNTHETIC / DEMO DATA,
SYN-DEMO-V1-06-054,Hampi ನಲ್ಲಿ ನಮಗೆ ನಿಯಮಿತ ಕುಡಿಯುವ ನೀರಿನ ಪೂರೈಕೆ ಬೇಕು.,Kannada,Water,Water Supply,We need a reliable drinking water supply in Hampi.,Hampi,Vijayanagara,15.334444,76.462222,0.458,2026-09-16T11:07:00+00:00,SYNTHETIC / DEMO DATA,
SYN-DEMO-V1-06-055,We need a reliable drinking water supply in Hampi.,English,Water,Water Supply,We need a reliable drinking water supply in Hampi.,Hampi,Vijayanagara,15.334444,76.462222,0.458,2026-09-15T11:06:00+00:00,SYNTHETIC / DEMO DATA,
SYN-DEMO-V1-07-001,We need a nearby primary health centre in Banavasi.,English,Healthcare,Primary Health Centre,We need a nearby primary health centre in Banavasi.,Banavasi,Uttara Kannada,14.5341,75.0177,0.541,2026-08-16T12:00:00+00:00,SYNTHETIC / DEMO DATA,
SYN-DEMO-V1-07-002,Banavasi में हमें नजदीक प्राथमिक स्वास्थ्य केंद्र चाहिए।,Hindi,Healthcare,Primary Health Centre,We need a nearby primary health centre in Banavasi.,Banavasi,Uttara Kannada,14.5341,75.0177,0.541,2026-09-18T11:59:00+00:00,SYNTHETIC / DEMO DATA,
SYN-DEMO-V1-07-003,Banavasi ನಲ್ಲಿ ನಮಗೆ ಹತ್ತಿರದ ಪ್ರಾಥಮಿಕ ಆರೋಗ್ಯ ಕೇಂದ್ರ ಬೇಕು.,Kannada,Healthcare,Primary Health Centre,We need a nearby primary health centre in Banavasi.,Banavasi,Uttara Kannada,14.5341,75.0177,0.541,2026-09-17T11:58:00+00:00,SYNTHETIC / DEMO DATA,
SYN-DEMO-V1-07-004,We need a nearby primary health centre in Banavasi.,English,Healthcare,Primary Health Centre,We need a nearby primary health centre in Banavasi.,Banavasi,Uttara Kannada,14.5341,75.0177,0.541,2026-09-16T11:57:00+00:00,SYNTHETIC / DEMO DATA,
SYN-DEMO-V1-07-005,Banavasi में हमें नजदीक प्राथमिक स्वास्थ्य केंद्र चाहिए।,Hindi,Healthcare,Primary Health Centre,We need a nearby primary health centre in Banavasi.,Banavasi,Uttara Kannada,14.5341,75.0177,0.541,2026-08-12T11:56:00+00:00,SYNTHETIC / DEMO DATA,
SYN-DEMO-V1-07-006,Banavasi ನಲ್ಲಿ ನಮಗೆ ಹತ್ತಿರದ ಪ್ರಾಥಮಿಕ ಆರೋಗ್ಯ ಕೇಂದ್ರ ಬೇಕು.,Kannada,Healthcare,Primary Health Centre,We need a nearby primary health centre in Banavasi.,Banavasi,Uttara Kannada,14.5341,75.0177,0.541,2026-09-14T11:55:00+00:00,SYNTHETIC / DEMO DATA,
SYN-DEMO-V1-07-007,We need a nearby primary health centre in Banavasi.,English,Healthcare,Primary Health Centre,We need a nearby primary health centre in Banavasi.,Banavasi,Uttara Kannada,14.5341,75.0177,0.541,2026-09-13T11:54:00+00:00,SYNTHETIC / DEMO DATA,
SYN-DEMO-V1-07-008,Banavasi में हमें नजदीक प्राथमिक स्वास्थ्य केंद्र चाहिए।,Hindi,Healthcare,Primary Health Centre,We need a nearby primary health centre in Banavasi.,Banavasi,Uttara Kannada,14.5341,75.0177,0.541,2026-09-12T11:53:00+00:00,SYNTHETIC / DEMO DATA,
SYN-DEMO-V1-07-009,Banavasi ನಲ್ಲಿ ನಮಗೆ ಹತ್ತಿರದ ಪ್ರಾಥಮಿಕ ಆರೋಗ್ಯ ಕೇಂದ್ರ ಬೇಕು.,Kannada,Healthcare,Primary Health Centre,We need a nearby primary health centre in Banavasi.,Banavasi,Uttara Kannada,14.5341,75.0177,0.541,2026-08-08T11:52:00+00:00,SYNTHETIC / DEMO DATA,
SYN-DEMO-V1-07-010,We need a nearby primary health centre in Banavasi.,English,Healthcare,Primary Health Centre,We need a nearby primary health centre in Banavasi.,Banavasi,Uttara Kannada,14.5341,75.0177,0.541,2026-09-10T11:51:00+00:00,SYNTHETIC / DEMO DATA,
SYN-DEMO-V1-07-011,Banavasi में हमें नजदीक प्राथमिक स्वास्थ्य केंद्र चाहिए।,Hindi,Healthcare,Primary Health Centre,We need a nearby primary health centre in Banavasi.,Banavasi,Uttara Kannada,14.5341,75.0177,0.541,2026-09-09T11:50:00+00:00,SYNTHETIC / DEMO DATA,
SYN-DEMO-V1-07-012,Banavasi ನಲ್ಲಿ ನಮಗೆ ಹತ್ತಿರದ ಪ್ರಾಥಮಿಕ ಆರೋಗ್ಯ ಕೇಂದ್ರ ಬೇಕು.,Kannada,Healthcare,Primary Health Centre,We need a nearby primary health centre in Banavasi.,Banavasi,Uttara Kannada,14.5341,75.0177,0.541,2026-09-08T11:49:00+00:00,SYNTHETIC / DEMO DATA,
SYN-DEMO-V1-07-013,We need a nearby primary health centre in Banavasi.,English,Healthcare,Primary Health Centre,We need a nearby primary health centre in Banavasi.,Banavasi,Uttara Kannada,14.5341,75.0177,0.541,2026-08-04T11:48:00+00:00,SYNTHETIC / DEMO DATA,
SYN-DEMO-V1-07-014,Banavasi में हमें नजदीक प्राथमिक स्वास्थ्य केंद्र चाहिए।,Hindi,Healthcare,Primary Health Centre,We need a nearby primary health centre in Banavasi.,Banavasi,Uttara Kannada,14.5341,75.0177,0.541,2026-09-06T11:47:00+00:00,SYNTHETIC / DEMO DATA,
SYN-DEMO-V1-07-015,Banavasi ನಲ್ಲಿ ನಮಗೆ ಹತ್ತಿರದ ಪ್ರಾಥಮಿಕ ಆರೋಗ್ಯ ಕೇಂದ್ರ ಬೇಕು.,Kannada,Healthcare,Primary Health Centre,We need a nearby primary health centre in Banavasi.,Banavasi,Uttara Kannada,14.5341,75.0177,0.541,2026-09-05T11:46:00+00:00,SYNTHETIC / DEMO DATA,
SYN-DEMO-V1-07-016,We need a nearby primary health centre in Banavasi.,English,Healthcare,Primary Health Centre,We need a nearby primary health centre in Banavasi.,Banavasi,Uttara Kannada,14.5341,75.0177,0.541,2026-09-04T11:45:00+00:00,SYNTHETIC / DEMO DATA,
SYN-DEMO-V1-07-017,Banavasi में हमें नजदीक प्राथमिक स्वास्थ्य केंद्र चाहिए।,Hindi,Healthcare,Primary Health Centre,We need a nearby primary health centre in Banavasi.,Banavasi,Uttara Kannada,14.5341,75.0177,0.541,2026-07-31T11:44:00+00:00,SYNTHETIC / DEMO DATA,
SYN-DEMO-V1-07-018,Banavasi ನಲ್ಲಿ ನಮಗೆ ಹತ್ತಿರದ ಪ್ರಾಥಮಿಕ ಆರೋಗ್ಯ ಕೇಂದ್ರ ಬೇಕು.,Kannada,Healthcare,Primary Health Centre,We need a nearby primary health centre in Banavasi.,Banavasi,Uttara Kannada,14.5341,75.0177,0.541,2026-09-02T11:43:00+00:00,SYNTHETIC / DEMO DATA,
SYN-DEMO-V1-07-019,We need a nearby primary health centre in Banavasi.,English,Healthcare,Primary Health Centre,We need a nearby primary health centre in Banavasi.,Banavasi,Uttara Kannada,14.5341,75.0177,0.541,2026-09-01T11:42:00+00:00,SYNTHETIC / DEMO DATA,
SYN-DEMO-V1-07-020,Banavasi में हमें नजदीक प्राथमिक स्वास्थ्य केंद्र चाहिए।,Hindi,Healthcare,Primary Health Centre,We need a nearby primary health centre in Banavasi.,Banavasi,Uttara Kannada,14.5341,75.0177,0.541,2026-08-31T11:41:00+00:00,SYNTHETIC / DEMO DATA,
SYN-DEMO-V1-07-021,Banavasi ನಲ್ಲಿ ನಮಗೆ ಹತ್ತಿರದ ಪ್ರಾಥಮಿಕ ಆರೋಗ್ಯ ಕೇಂದ್ರ ಬೇಕು.,Kannada,Healthcare,Primary Health Centre,We need a nearby primary health centre in Banavasi.,Banavasi,Uttara Kannada,14.5341,75.0177,0.541,2026-08-16T11:40:00+00:00,SYNTHETIC / DEMO DATA,
SYN-DEMO-V1-07-022,We need a nearby primary health centre in Banavasi.,English,Healthcare,Primary Health Centre,We need a nearby primary health centre in Banavasi.,Banavasi,Uttara Kannada,14.5341,75.0177,0.541,2026-08-29T11:39:00+00:00,SYNTHETIC / DEMO DATA,
SYN-DEMO-V1-07-023,Banavasi में हमें नजदीक प्राथमिक स्वास्थ्य केंद्र चाहिए।,Hindi,Healthcare,Primary Health Centre,We need a nearby primary health centre in Banavasi.,Banavasi,Uttara Kannada,14.5341,75.0177,0.541,2026-08-28T11:38:00+00:00,SYNTHETIC / DEMO DATA,
SYN-DEMO-V1-07-024,Banavasi ನಲ್ಲಿ ನಮಗೆ ಹತ್ತಿರದ ಪ್ರಾಥಮಿಕ ಆರೋಗ್ಯ ಕೇಂದ್ರ ಬೇಕು.,Kannada,Healthcare,Primary Health Centre,We need a nearby primary health centre in Banavasi.,Banavasi,Uttara Kannada,14.5341,75.0177,0.541,2026-08-27T11:37:00+00:00,SYNTHETIC / DEMO DATA,
SYN-DEMO-V1-07-025,We need a nearby primary health centre in Banavasi.,English,Healthcare,Primary Health Centre,We need a nearby primary health centre in Banavasi.,Banavasi,Uttara Kannada,14.5341,75.0177,0.541,2026-08-12T11:36:00+00:00,SYNTHETIC / DEMO DATA,
SYN-DEMO-V1-07-026,Banavasi में हमें नजदीक प्राथमिक स्वास्थ्य केंद्र चाहिए।,Hindi,Healthcare,Primary Health Centre,We need a nearby primary health centre in Banavasi.,Banavasi,Uttara Kannada,14.5341,75.0177,0.541,2026-09-19T11:35:00+00:00,SYNTHETIC / DEMO DATA,
SYN-DEMO-V1-07-027,Banavasi ನಲ್ಲಿ ನಮಗೆ ಹತ್ತಿರದ ಪ್ರಾಥಮಿಕ ಆರೋಗ್ಯ ಕೇಂದ್ರ ಬೇಕು.,Kannada,Healthcare,Primary Health Centre,We need a nearby primary health centre in Banavasi.,Banavasi,Uttara Kannada,14.5341,75.0177,0.541,2026-09-18T11:34:00+00:00,SYNTHETIC / DEMO DATA,
SYN-DEMO-V1-07-028,We need a nearby primary health centre in Banavasi.,English,Healthcare,Primary Health Centre,We need a nearby primary health centre in Banavasi.,Banavasi,Uttara Kannada,14.5341,75.0177,0.541,2026-09-17T11:33:00+00:00,SYNTHETIC / DEMO DATA,
SYN-DEMO-V1-07-029,Banavasi में हमें नजदीक प्राथमिक स्वास्थ्य केंद्र चाहिए।,Hindi,Healthcare,Primary Health Centre,We need a nearby primary health centre in Banavasi.,Banavasi,Uttara Kannada,14.5341,75.0177,0.541,2026-08-08T11:32:00+00:00,SYNTHETIC / DEMO DATA,
SYN-DEMO-V1-07-030,Banavasi ನಲ್ಲಿ ನಮಗೆ ಹತ್ತಿರದ ಪ್ರಾಥಮಿಕ ಆರೋಗ್ಯ ಕೇಂದ್ರ ಬೇಕು.,Kannada,Healthcare,Primary Health Centre,We need a nearby primary health centre in Banavasi.,Banavasi,Uttara Kannada,14.5341,75.0177,0.541,2026-09-15T11:31:00+00:00,SYNTHETIC / DEMO DATA,
SYN-DEMO-V1-07-031,We need a nearby primary health centre in Banavasi.,English,Healthcare,Primary Health Centre,We need a nearby primary health centre in Banavasi.,Banavasi,Uttara Kannada,14.5341,75.0177,0.541,2026-09-14T11:30:00+00:00,SYNTHETIC / DEMO DATA,
SYN-DEMO-V1-07-032,Banavasi में हमें नजदीक प्राथमिक स्वास्थ्य केंद्र चाहिए।,Hindi,Healthcare,Primary Health Centre,We need a nearby primary health centre in Banavasi.,Banavasi,Uttara Kannada,14.5341,75.0177,0.541,2026-09-13T11:29:00+00:00,SYNTHETIC / DEMO DATA,
SYN-DEMO-V1-07-033,Banavasi ನಲ್ಲಿ ನಮಗೆ ಹತ್ತಿರದ ಪ್ರಾಥಮಿಕ ಆರೋಗ್ಯ ಕೇಂದ್ರ ಬೇಕು.,Kannada,Healthcare,Primary Health Centre,We need a nearby primary health centre in Banavasi.,Banavasi,Uttara Kannada,14.5341,75.0177,0.541,2026-08-04T11:28:00+00:00,SYNTHETIC / DEMO DATA,
SYN-DEMO-V1-07-034,We need a nearby primary health centre in Banavasi.,English,Healthcare,Primary Health Centre,We need a nearby primary health centre in Banavasi.,Banavasi,Uttara Kannada,14.5341,75.0177,0.541,2026-09-11T11:27:00+00:00,SYNTHETIC / DEMO DATA,
SYN-DEMO-V1-07-035,Banavasi में हमें नजदीक प्राथमिक स्वास्थ्य केंद्र चाहिए।,Hindi,Healthcare,Primary Health Centre,We need a nearby primary health centre in Banavasi.,Banavasi,Uttara Kannada,14.5341,75.0177,0.541,2026-09-10T11:26:00+00:00,SYNTHETIC / DEMO DATA,
SYN-DEMO-V1-07-036,Banavasi ನಲ್ಲಿ ನಮಗೆ ಹತ್ತಿರದ ಪ್ರಾಥಮಿಕ ಆರೋಗ್ಯ ಕೇಂದ್ರ ಬೇಕು.,Kannada,Healthcare,Primary Health Centre,We need a nearby primary health centre in Banavasi.,Banavasi,Uttara Kannada,14.5341,75.0177,0.541,2026-09-09T11:25:00+00:00,SYNTHETIC / DEMO DATA,
SYN-DEMO-V1-07-037,We need a nearby primary health centre in Banavasi.,English,Healthcare,Primary Health Centre,We need a nearby primary health centre in Banavasi.,Banavasi,Uttara Kannada,14.5341,75.0177,0.541,2026-07-31T11:24:00+00:00,SYNTHETIC / DEMO DATA,
SYN-DEMO-V1-07-038,Banavasi में हमें नजदीक प्राथमिक स्वास्थ्य केंद्र चाहिए।,Hindi,Healthcare,Primary Health Centre,We need a nearby primary health centre in Banavasi.,Banavasi,Uttara Kannada,14.5341,75.0177,0.541,2026-09-07T11:23:00+00:00,SYNTHETIC / DEMO DATA,
SYN-DEMO-V1-07-039,Banavasi ನಲ್ಲಿ ನಮಗೆ ಹತ್ತಿರದ ಪ್ರಾಥಮಿಕ ಆರೋಗ್ಯ ಕೇಂದ್ರ ಬೇಕು.,Kannada,Healthcare,Primary Health Centre,We need a nearby primary health centre in Banavasi.,Banavasi,Uttara Kannada,14.5341,75.0177,0.541,2026-09-06T11:22:00+00:00,SYNTHETIC / DEMO DATA,
SYN-DEMO-V1-07-040,We need a nearby primary health centre in Banavasi.,English,Healthcare,Primary Health Centre,We need a nearby primary health centre in Banavasi.,Banavasi,Uttara Kannada,14.5341,75.0177,0.541,2026-09-05T11:21:00+00:00,SYNTHETIC / DEMO DATA,
SYN-DEMO-V1-07-041,Banavasi में हमें नजदीक प्राथमिक स्वास्थ्य केंद्र चाहिए।,Hindi,Healthcare,Primary Health Centre,We need a nearby primary health centre in Banavasi.,Banavasi,Uttara Kannada,14.5341,75.0177,0.541,2026-08-16T11:20:00+00:00,SYNTHETIC / DEMO DATA,
SYN-DEMO-V1-07-042,Banavasi ನಲ್ಲಿ ನಮಗೆ ಹತ್ತಿರದ ಪ್ರಾಥಮಿಕ ಆರೋಗ್ಯ ಕೇಂದ್ರ ಬೇಕು.,Kannada,Healthcare,Primary Health Centre,We need a nearby primary health centre in Banavasi.,Banavasi,Uttara Kannada,14.5341,75.0177,0.541,2026-09-03T11:19:00+00:00,SYNTHETIC / DEMO DATA,
SYN-DEMO-V1-07-043,We need a nearby primary health centre in Banavasi.,English,Healthcare,Primary Health Centre,We need a nearby primary health centre in Banavasi.,Banavasi,Uttara Kannada,14.5341,75.0177,0.541,2026-09-02T11:18:00+00:00,SYNTHETIC / DEMO DATA,
SYN-DEMO-V1-07-044,Banavasi में हमें नजदीक प्राथमिक स्वास्थ्य केंद्र चाहिए।,Hindi,Healthcare,Primary Health Centre,We need a nearby primary health centre in Banavasi.,Banavasi,Uttara Kannada,14.5341,75.0177,0.541,2026-09-01T11:17:00+00:00,SYNTHETIC / DEMO DATA,
SYN-DEMO-V1-07-045,Banavasi ನಲ್ಲಿ ನಮಗೆ ಹತ್ತಿರದ ಪ್ರಾಥಮಿಕ ಆರೋಗ್ಯ ಕೇಂದ್ರ ಬೇಕು.,Kannada,Healthcare,Primary Health Centre,We need a nearby primary health centre in Banavasi.,Banavasi,Uttara Kannada,14.5341,75.0177,0.541,2026-08-12T11:16:00+00:00,SYNTHETIC / DEMO DATA,
SYN-DEMO-V1-07-046,We need a nearby primary health centre in Banavasi.,English,Healthcare,Primary Health Centre,We need a nearby primary health centre in Banavasi.,Banavasi,Uttara Kannada,14.5341,75.0177,0.541,2026-08-30T11:15:00+00:00,SYNTHETIC / DEMO DATA,
SYN-DEMO-V1-07-047,Banavasi में हमें नजदीक प्राथमिक स्वास्थ्य केंद्र चाहिए।,Hindi,Healthcare,Primary Health Centre,We need a nearby primary health centre in Banavasi.,Banavasi,Uttara Kannada,14.5341,75.0177,0.541,2026-08-29T11:14:00+00:00,SYNTHETIC / DEMO DATA,
SYN-DEMO-V1-07-048,Banavasi ನಲ್ಲಿ ನಮಗೆ ಹತ್ತಿರದ ಪ್ರಾಥಮಿಕ ಆರೋಗ್ಯ ಕೇಂದ್ರ ಬೇಕು.,Kannada,Healthcare,Primary Health Centre,We need a nearby primary health centre in Banavasi.,Banavasi,Uttara Kannada,14.5341,75.0177,0.541,2026-08-28T11:13:00+00:00,SYNTHETIC / DEMO DATA,
SYN-DEMO-V1-08-001,Our children need more classrooms in Banavasi.,English,Education,School,Our children need more classrooms in Banavasi.,Banavasi,Uttara Kannada,14.5341,75.0177,0.497,2026-08-16T12:00:00+00:00,SYNTHETIC / DEMO DATA,
SYN-DEMO-V1-08-002,Banavasi में हमारे बच्चों के लिए अधिक कक्षाओं की जरूरत है।,Hindi,Education,School,Our children need more classrooms in Banavasi.,Banavasi,Uttara Kannada,14.5341,75.0177,0.497,2026-09-18T11:59:00+00:00,SYNTHETIC / DEMO DATA,
SYN-DEMO-V1-08-003,Banavasi ನಲ್ಲಿ ನಮ್ಮ ಮಕ್ಕಳಿಗೆ ಹೆಚ್ಚಿನ ತರಗತಿ ಕೊಠಡಿಗಳು ಬೇಕು.,Kannada,Education,School,Our children need more classrooms in Banavasi.,Banavasi,Uttara Kannada,14.5341,75.0177,0.497,2026-09-17T11:58:00+00:00,SYNTHETIC / DEMO DATA,
SYN-DEMO-V1-08-004,Our children need more classrooms in Banavasi.,English,Education,School,Our children need more classrooms in Banavasi.,Banavasi,Uttara Kannada,14.5341,75.0177,0.497,2026-09-16T11:57:00+00:00,SYNTHETIC / DEMO DATA,
SYN-DEMO-V1-08-005,Banavasi में हमारे बच्चों के लिए अधिक कक्षाओं की जरूरत है।,Hindi,Education,School,Our children need more classrooms in Banavasi.,Banavasi,Uttara Kannada,14.5341,75.0177,0.497,2026-08-12T11:56:00+00:00,SYNTHETIC / DEMO DATA,
SYN-DEMO-V1-08-006,Banavasi ನಲ್ಲಿ ನಮ್ಮ ಮಕ್ಕಳಿಗೆ ಹೆಚ್ಚಿನ ತರಗತಿ ಕೊಠಡಿಗಳು ಬೇಕು.,Kannada,Education,School,Our children need more classrooms in Banavasi.,Banavasi,Uttara Kannada,14.5341,75.0177,0.497,2026-09-14T11:55:00+00:00,SYNTHETIC / DEMO DATA,
SYN-DEMO-V1-08-007,Our children need more classrooms in Banavasi.,English,Education,School,Our children need more classrooms in Banavasi.,Banavasi,Uttara Kannada,14.5341,75.0177,0.497,2026-09-13T11:54:00+00:00,SYNTHETIC / DEMO DATA,
SYN-DEMO-V1-08-008,Banavasi में हमारे बच्चों के लिए अधिक कक्षाओं की जरूरत है।,Hindi,Education,School,Our children need more classrooms in Banavasi.,Banavasi,Uttara Kannada,14.5341,75.0177,0.497,2026-09-12T11:53:00+00:00,SYNTHETIC / DEMO DATA,
SYN-DEMO-V1-08-009,Banavasi ನಲ್ಲಿ ನಮ್ಮ ಮಕ್ಕಳಿಗೆ ಹೆಚ್ಚಿನ ತರಗತಿ ಕೊಠಡಿಗಳು ಬೇಕು.,Kannada,Education,School,Our children need more classrooms in Banavasi.,Banavasi,Uttara Kannada,14.5341,75.0177,0.497,2026-08-08T11:52:00+00:00,SYNTHETIC / DEMO DATA,
SYN-DEMO-V1-08-010,Our children need more classrooms in Banavasi.,English,Education,School,Our children need more classrooms in Banavasi.,Banavasi,Uttara Kannada,14.5341,75.0177,0.497,2026-09-10T11:51:00+00:00,SYNTHETIC / DEMO DATA,
SYN-DEMO-V1-08-011,Banavasi में हमारे बच्चों के लिए अधिक कक्षाओं की जरूरत है।,Hindi,Education,School,Our children need more classrooms in Banavasi.,Banavasi,Uttara Kannada,14.5341,75.0177,0.497,2026-09-09T11:50:00+00:00,SYNTHETIC / DEMO DATA,
SYN-DEMO-V1-08-012,Banavasi ನಲ್ಲಿ ನಮ್ಮ ಮಕ್ಕಳಿಗೆ ಹೆಚ್ಚಿನ ತರಗತಿ ಕೊಠಡಿಗಳು ಬೇಕು.,Kannada,Education,School,Our children need more classrooms in Banavasi.,Banavasi,Uttara Kannada,14.5341,75.0177,0.497,2026-09-08T11:49:00+00:00,SYNTHETIC / DEMO DATA,
SYN-DEMO-V1-08-013,Our children need more classrooms in Banavasi.,English,Education,School,Our children need more classrooms in Banavasi.,Banavasi,Uttara Kannada,14.5341,75.0177,0.497,2026-08-04T11:48:00+00:00,SYNTHETIC / DEMO DATA,
SYN-DEMO-V1-08-014,Banavasi में हमारे बच्चों के लिए अधिक कक्षाओं की जरूरत है।,Hindi,Education,School,Our children need more classrooms in Banavasi.,Banavasi,Uttara Kannada,14.5341,75.0177,0.497,2026-09-06T11:47:00+00:00,SYNTHETIC / DEMO DATA,
SYN-DEMO-V1-08-015,Banavasi ನಲ್ಲಿ ನಮ್ಮ ಮಕ್ಕಳಿಗೆ ಹೆಚ್ಚಿನ ತರಗತಿ ಕೊಠಡಿಗಳು ಬೇಕು.,Kannada,Education,School,Our children need more classrooms in Banavasi.,Banavasi,Uttara Kannada,14.5341,75.0177,0.497,2026-09-05T11:46:00+00:00,SYNTHETIC / DEMO DATA,
SYN-DEMO-V1-08-016,Our children need more classrooms in Banavasi.,English,Education,School,Our children need more classrooms in Banavasi.,Banavasi,Uttara Kannada,14.5341,75.0177,0.497,2026-09-04T11:45:00+00:00,SYNTHETIC / DEMO DATA,
SYN-DEMO-V1-08-017,Banavasi में हमारे बच्चों के लिए अधिक कक्षाओं की जरूरत है।,Hindi,Education,School,Our children need more classrooms in Banavasi.,Banavasi,Uttara Kannada,14.5341,75.0177,0.497,2026-07-31T11:44:00+00:00,SYNTHETIC / DEMO DATA,
SYN-DEMO-V1-08-018,Banavasi ನಲ್ಲಿ ನಮ್ಮ ಮಕ್ಕಳಿಗೆ ಹೆಚ್ಚಿನ ತರಗತಿ ಕೊಠಡಿಗಳು ಬೇಕು.,Kannada,Education,School,Our children need more classrooms in Banavasi.,Banavasi,Uttara Kannada,14.5341,75.0177,0.497,2026-09-02T11:43:00+00:00,SYNTHETIC / DEMO DATA,
SYN-DEMO-V1-08-019,Our children need more classrooms in Banavasi.,English,Education,School,Our children need more classrooms in Banavasi.,Banavasi,Uttara Kannada,14.5341,75.0177,0.497,2026-09-01T11:42:00+00:00,SYNTHETIC / DEMO DATA,
SYN-DEMO-V1-08-020,Banavasi में हमारे बच्चों के लिए अधिक कक्षाओं की जरूरत है।,Hindi,Education,School,Our children need more classrooms in Banavasi.,Banavasi,Uttara Kannada,14.5341,75.0177,0.497,2026-08-31T11:41:00+00:00,SYNTHETIC / DEMO DATA,
SYN-DEMO-V1-08-021,Banavasi ನಲ್ಲಿ ನಮ್ಮ ಮಕ್ಕಳಿಗೆ ಹೆಚ್ಚಿನ ತರಗತಿ ಕೊಠಡಿಗಳು ಬೇಕು.,Kannada,Education,School,Our children need more classrooms in Banavasi.,Banavasi,Uttara Kannada,14.5341,75.0177,0.497,2026-08-16T11:40:00+00:00,SYNTHETIC / DEMO DATA,
SYN-DEMO-V1-08-022,Our children need more classrooms in Banavasi.,English,Education,School,Our children need more classrooms in Banavasi.,Banavasi,Uttara Kannada,14.5341,75.0177,0.497,2026-08-29T11:39:00+00:00,SYNTHETIC / DEMO DATA,
SYN-DEMO-V1-08-023,Banavasi में हमारे बच्चों के लिए अधिक कक्षाओं की जरूरत है।,Hindi,Education,School,Our children need more classrooms in Banavasi.,Banavasi,Uttara Kannada,14.5341,75.0177,0.497,2026-08-28T11:38:00+00:00,SYNTHETIC / DEMO DATA,
SYN-DEMO-V1-08-024,Banavasi ನಲ್ಲಿ ನಮ್ಮ ಮಕ್ಕಳಿಗೆ ಹೆಚ್ಚಿನ ತರಗತಿ ಕೊಠಡಿಗಳು ಬೇಕು.,Kannada,Education,School,Our children need more classrooms in Banavasi.,Banavasi,Uttara Kannada,14.5341,75.0177,0.497,2026-08-27T11:37:00+00:00,SYNTHETIC / DEMO DATA,
SYN-DEMO-V1-08-025,Our children need more classrooms in Banavasi.,English,Education,School,Our children need more classrooms in Banavasi.,Banavasi,Uttara Kannada,14.5341,75.0177,0.497,2026-08-12T11:36:00+00:00,SYNTHETIC / DEMO DATA,
SYN-DEMO-V1-08-026,Banavasi में हमारे बच्चों के लिए अधिक कक्षाओं की जरूरत है।,Hindi,Education,School,Our children need more classrooms in Banavasi.,Banavasi,Uttara Kannada,14.5341,75.0177,0.497,2026-09-19T11:35:00+00:00,SYNTHETIC / DEMO DATA,
SYN-DEMO-V1-08-027,Banavasi ನಲ್ಲಿ ನಮ್ಮ ಮಕ್ಕಳಿಗೆ ಹೆಚ್ಚಿನ ತರಗತಿ ಕೊಠಡಿಗಳು ಬೇಕು.,Kannada,Education,School,Our children need more classrooms in Banavasi.,Banavasi,Uttara Kannada,14.5341,75.0177,0.497,2026-09-18T11:34:00+00:00,SYNTHETIC / DEMO DATA,
SYN-DEMO-V1-08-028,Our children need more classrooms in Banavasi.,English,Education,School,Our children need more classrooms in Banavasi.,Banavasi,Uttara Kannada,14.5341,75.0177,0.497,2026-09-17T11:33:00+00:00,SYNTHETIC / DEMO DATA,
SYN-DEMO-V1-08-029,Banavasi में हमारे बच्चों के लिए अधिक कक्षाओं की जरूरत है।,Hindi,Education,School,Our children need more classrooms in Banavasi.,Banavasi,Uttara Kannada,14.5341,75.0177,0.497,2026-08-08T11:32:00+00:00,SYNTHETIC / DEMO DATA,
SYN-DEMO-V1-08-030,Banavasi ನಲ್ಲಿ ನಮ್ಮ ಮಕ್ಕಳಿಗೆ ಹೆಚ್ಚಿನ ತರಗತಿ ಕೊಠಡಿಗಳು ಬೇಕು.,Kannada,Education,School,Our children need more classrooms in Banavasi.,Banavasi,Uttara Kannada,14.5341,75.0177,0.497,2026-09-15T11:31:00+00:00,SYNTHETIC / DEMO DATA,
